[{"model": "auth.permission", "pk": 1, "fields": {"name": "Can add log entry", "content_type": 1, "codename": "add_logentry"}}, {"model": "auth.permission", "pk": 2, "fields": {"name": "Can change log entry", "content_type": 1, "codename": "change_logentry"}}, {"model": "auth.permission", "pk": 3, "fields": {"name": "Can delete log entry", "content_type": 1, "codename": "delete_logentry"}}, {"model": "auth.permission", "pk": 4, "fields": {"name": "Can view log entry", "content_type": 1, "codename": "view_logentry"}}, {"model": "auth.permission", "pk": 5, "fields": {"name": "Can add permission", "content_type": 2, "codename": "add_permission"}}, {"model": "auth.permission", "pk": 6, "fields": {"name": "Can change permission", "content_type": 2, "codename": "change_permission"}}, {"model": "auth.permission", "pk": 7, "fields": {"name": "Can delete permission", "content_type": 2, "codename": "delete_permission"}}, {"model": "auth.permission", "pk": 8, "fields": {"name": "Can view permission", "content_type": 2, "codename": "view_permission"}}, {"model": "auth.permission", "pk": 9, "fields": {"name": "Can add group", "content_type": 3, "codename": "add_group"}}, {"model": "auth.permission", "pk": 10, "fields": {"name": "Can change group", "content_type": 3, "codename": "change_group"}}, {"model": "auth.permission", "pk": 11, "fields": {"name": "Can delete group", "content_type": 3, "codename": "delete_group"}}, {"model": "auth.permission", "pk": 12, "fields": {"name": "Can view group", "content_type": 3, "codename": "view_group"}}, {"model": "auth.permission", "pk": 13, "fields": {"name": "Can add content type", "content_type": 4, "codename": "add_contenttype"}}, {"model": "auth.permission", "pk": 14, "fields": {"name": "Can change content type", "content_type": 4, "codename": "change_contenttype"}}, {"model": "auth.permission", "pk": 15, "fields": {"name": "Can delete content type", "content_type": 4, "codename": "delete_contenttype"}}, {"model": "auth.permission", "pk": 16, "fields": {"name": "Can view content type", "content_type": 4, "codename": "view_contenttype"}}, {"model": "auth.permission", "pk": 17, "fields": {"name": "Can add session", "content_type": 5, "codename": "add_session"}}, {"model": "auth.permission", "pk": 18, "fields": {"name": "Can change session", "content_type": 5, "codename": "change_session"}}, {"model": "auth.permission", "pk": 19, "fields": {"name": "Can delete session", "content_type": 5, "codename": "delete_session"}}, {"model": "auth.permission", "pk": 20, "fields": {"name": "Can view session", "content_type": 5, "codename": "view_session"}}, {"model": "auth.permission", "pk": 21, "fields": {"name": "Can add customuser", "content_type": 6, "codename": "add_customuser"}}, {"model": "auth.permission", "pk": 22, "fields": {"name": "Can change customuser", "content_type": 6, "codename": "change_customuser"}}, {"model": "auth.permission", "pk": 23, "fields": {"name": "Can delete customuser", "content_type": 6, "codename": "delete_customuser"}}, {"model": "auth.permission", "pk": 24, "fields": {"name": "Can view customuser", "content_type": 6, "codename": "view_customuser"}}, {"model": "auth.permission", "pk": 25, "fields": {"name": "Can add admin user", "content_type": 7, "codename": "add_adminuser"}}, {"model": "auth.permission", "pk": 26, "fields": {"name": "Can change admin user", "content_type": 7, "codename": "change_adminuser"}}, {"model": "auth.permission", "pk": 27, "fields": {"name": "Can delete admin user", "content_type": 7, "codename": "delete_adminuser"}}, {"model": "auth.permission", "pk": 28, "fields": {"name": "Can view admin user", "content_type": 7, "codename": "view_adminuser"}}, {"model": "auth.permission", "pk": 29, "fields": {"name": "Can add awards", "content_type": 8, "codename": "add_awards"}}, {"model": "auth.permission", "pk": 30, "fields": {"name": "Can change awards", "content_type": 8, "codename": "change_awards"}}, {"model": "auth.permission", "pk": 31, "fields": {"name": "Can delete awards", "content_type": 8, "codename": "delete_awards"}}, {"model": "auth.permission", "pk": 32, "fields": {"name": "Can view awards", "content_type": 8, "codename": "view_awards"}}, {"model": "auth.permission", "pk": 33, "fields": {"name": "Can add batch", "content_type": 9, "codename": "add_batch"}}, {"model": "auth.permission", "pk": 34, "fields": {"name": "Can change batch", "content_type": 9, "codename": "change_batch"}}, {"model": "auth.permission", "pk": 35, "fields": {"name": "Can delete batch", "content_type": 9, "codename": "delete_batch"}}, {"model": "auth.permission", "pk": 36, "fields": {"name": "Can view batch", "content_type": 9, "codename": "view_batch"}}, {"model": "auth.permission", "pk": 37, "fields": {"name": "Can add branch", "content_type": 10, "codename": "add_branch"}}, {"model": "auth.permission", "pk": 38, "fields": {"name": "Can change branch", "content_type": 10, "codename": "change_branch"}}, {"model": "auth.permission", "pk": 39, "fields": {"name": "Can delete branch", "content_type": 10, "codename": "delete_branch"}}, {"model": "auth.permission", "pk": 40, "fields": {"name": "Can view branch", "content_type": 10, "codename": "view_branch"}}, {"model": "auth.permission", "pk": 41, "fields": {"name": "Can add campus", "content_type": 11, "codename": "add_campus"}}, {"model": "auth.permission", "pk": 42, "fields": {"name": "Can change campus", "content_type": 11, "codename": "change_campus"}}, {"model": "auth.permission", "pk": 43, "fields": {"name": "Can delete campus", "content_type": 11, "codename": "delete_campus"}}, {"model": "auth.permission", "pk": 44, "fields": {"name": "Can view campus", "content_type": 11, "codename": "view_campus"}}, {"model": "auth.permission", "pk": 45, "fields": {"name": "Can Add Admin", "content_type": 11, "codename": "add_college_admin"}}, {"model": "auth.permission", "pk": 46, "fields": {"name": "Can Add Staff", "content_type": 11, "codename": "add_college_staff"}}, {"model": "auth.permission", "pk": 47, "fields": {"name": "Can add course", "content_type": 12, "codename": "add_course"}}, {"model": "auth.permission", "pk": 48, "fields": {"name": "Can change course", "content_type": 12, "codename": "change_course"}}, {"model": "auth.permission", "pk": 49, "fields": {"name": "Can delete course", "content_type": 12, "codename": "delete_course"}}, {"model": "auth.permission", "pk": 50, "fields": {"name": "Can view course", "content_type": 12, "codename": "view_course"}}, {"model": "auth.permission", "pk": 51, "fields": {"name": "Can add course category", "content_type": 13, "codename": "add_coursecategory"}}, {"model": "auth.permission", "pk": 52, "fields": {"name": "Can change course category", "content_type": 13, "codename": "change_coursecategory"}}, {"model": "auth.permission", "pk": 53, "fields": {"name": "Can delete course category", "content_type": 13, "codename": "delete_coursecategory"}}, {"model": "auth.permission", "pk": 54, "fields": {"name": "Can view course category", "content_type": 13, "codename": "view_coursecategory"}}, {"model": "auth.permission", "pk": 55, "fields": {"name": "Can add department", "content_type": 14, "codename": "add_department"}}, {"model": "auth.permission", "pk": 56, "fields": {"name": "Can change department", "content_type": 14, "codename": "change_department"}}, {"model": "auth.permission", "pk": 57, "fields": {"name": "Can delete department", "content_type": 14, "codename": "delete_department"}}, {"model": "auth.permission", "pk": 58, "fields": {"name": "Can view department", "content_type": 14, "codename": "view_department"}}, {"model": "auth.permission", "pk": 59, "fields": {"name": "Can add parent", "content_type": 15, "codename": "add_parent"}}, {"model": "auth.permission", "pk": 60, "fields": {"name": "Can change parent", "content_type": 15, "codename": "change_parent"}}, {"model": "auth.permission", "pk": 61, "fields": {"name": "Can delete parent", "content_type": 15, "codename": "delete_parent"}}, {"model": "auth.permission", "pk": 62, "fields": {"name": "Can view parent", "content_type": 15, "codename": "view_parent"}}, {"model": "auth.permission", "pk": 63, "fields": {"name": "Can View  Profile", "content_type": 15, "codename": "view_parent_profile"}}, {"model": "auth.permission", "pk": 64, "fields": {"name": "Can Add Document", "content_type": 15, "codename": "add_parent_document"}}, {"model": "auth.permission", "pk": 65, "fields": {"name": "Can Edit Document", "content_type": 15, "codename": "edit_parent_document"}}, {"model": "auth.permission", "pk": 66, "fields": {"name": "Can Delete Document", "content_type": 15, "codename": "delete_parent_document"}}, {"model": "auth.permission", "pk": 67, "fields": {"name": "Can add school", "content_type": 16, "codename": "add_school"}}, {"model": "auth.permission", "pk": 68, "fields": {"name": "Can change school", "content_type": 16, "codename": "change_school"}}, {"model": "auth.permission", "pk": 69, "fields": {"name": "Can delete school", "content_type": 16, "codename": "delete_school"}}, {"model": "auth.permission", "pk": 70, "fields": {"name": "Can view school", "content_type": 16, "codename": "view_school"}}, {"model": "auth.permission", "pk": 71, "fields": {"name": "Can add session year", "content_type": 17, "codename": "add_sessionyear"}}, {"model": "auth.permission", "pk": 72, "fields": {"name": "Can change session year", "content_type": 17, "codename": "change_sessionyear"}}, {"model": "auth.permission", "pk": 73, "fields": {"name": "Can delete session year", "content_type": 17, "codename": "delete_sessionyear"}}, {"model": "auth.permission", "pk": 74, "fields": {"name": "Can view session year", "content_type": 17, "codename": "view_sessionyear"}}, {"model": "auth.permission", "pk": 75, "fields": {"name": "Can add staff", "content_type": 18, "codename": "add_staff"}}, {"model": "auth.permission", "pk": 76, "fields": {"name": "Can change staff", "content_type": 18, "codename": "change_staff"}}, {"model": "auth.permission", "pk": 77, "fields": {"name": "Can delete staff", "content_type": 18, "codename": "delete_staff"}}, {"model": "auth.permission", "pk": 78, "fields": {"name": "Can view staff", "content_type": 18, "codename": "view_staff"}}, {"model": "auth.permission", "pk": 79, "fields": {"name": "Can add studentgroup", "content_type": 19, "codename": "add_studentgroup"}}, {"model": "auth.permission", "pk": 80, "fields": {"name": "Can change studentgroup", "content_type": 19, "codename": "change_studentgroup"}}, {"model": "auth.permission", "pk": 81, "fields": {"name": "Can delete studentgroup", "content_type": 19, "codename": "delete_studentgroup"}}, {"model": "auth.permission", "pk": 82, "fields": {"name": "Can view studentgroup", "content_type": 19, "codename": "view_studentgroup"}}, {"model": "auth.permission", "pk": 83, "fields": {"name": "Can add subject", "content_type": 20, "codename": "add_subject"}}, {"model": "auth.permission", "pk": 84, "fields": {"name": "Can change subject", "content_type": 20, "codename": "change_subject"}}, {"model": "auth.permission", "pk": 85, "fields": {"name": "Can delete subject", "content_type": 20, "codename": "delete_subject"}}, {"model": "auth.permission", "pk": 86, "fields": {"name": "Can view subject", "content_type": 20, "codename": "view_subject"}}, {"model": "auth.permission", "pk": 87, "fields": {"name": "Can add userrole", "content_type": 21, "codename": "add_userrole"}}, {"model": "auth.permission", "pk": 88, "fields": {"name": "Can change userrole", "content_type": 21, "codename": "change_userrole"}}, {"model": "auth.permission", "pk": 89, "fields": {"name": "Can delete userrole", "content_type": 21, "codename": "delete_userrole"}}, {"model": "auth.permission", "pk": 90, "fields": {"name": "Can view userrole", "content_type": 21, "codename": "view_userrole"}}, {"model": "auth.permission", "pk": 91, "fields": {"name": "Can add subject teacher", "content_type": 22, "codename": "add_subjectteacher"}}, {"model": "auth.permission", "pk": 92, "fields": {"name": "Can change subject teacher", "content_type": 22, "codename": "change_subjectteacher"}}, {"model": "auth.permission", "pk": 93, "fields": {"name": "Can delete subject teacher", "content_type": 22, "codename": "delete_subjectteacher"}}, {"model": "auth.permission", "pk": 94, "fields": {"name": "Can view subject teacher", "content_type": 22, "codename": "view_subjectteacher"}}, {"model": "auth.permission", "pk": 95, "fields": {"name": "Can add student", "content_type": 23, "codename": "add_student"}}, {"model": "auth.permission", "pk": 96, "fields": {"name": "Can change student", "content_type": 23, "codename": "change_student"}}, {"model": "auth.permission", "pk": 97, "fields": {"name": "Can delete student", "content_type": 23, "codename": "delete_student"}}, {"model": "auth.permission", "pk": 98, "fields": {"name": "Can view student", "content_type": 23, "codename": "view_student"}}, {"model": "auth.permission", "pk": 99, "fields": {"name": "Can View Profile", "content_type": 23, "codename": "view_student_profile"}}, {"model": "auth.permission", "pk": 100, "fields": {"name": "Can Add Document", "content_type": 23, "codename": "add_student_document"}}, {"model": "auth.permission", "pk": 101, "fields": {"name": "Can Edit Document", "content_type": 23, "codename": "edit_student_document"}}, {"model": "auth.permission", "pk": 102, "fields": {"name": "Can Delete Document", "content_type": 23, "codename": "delete_student_document"}}, {"model": "auth.permission", "pk": 103, "fields": {"name": "Can Print Id Card", "content_type": 23, "codename": "print_student_id_card"}}, {"model": "auth.permission", "pk": 104, "fields": {"name": "Can Upload Bulk Student Data", "content_type": 23, "codename": "student_bulk_upload"}}, {"model": "auth.permission", "pk": 105, "fields": {"name": "Can add sociallink", "content_type": 24, "codename": "add_sociallink"}}, {"model": "auth.permission", "pk": 106, "fields": {"name": "Can change sociallink", "content_type": 24, "codename": "change_sociallink"}}, {"model": "auth.permission", "pk": 107, "fields": {"name": "Can delete sociallink", "content_type": 24, "codename": "delete_sociallink"}}, {"model": "auth.permission", "pk": 108, "fields": {"name": "Can view sociallink", "content_type": 24, "codename": "view_sociallink"}}, {"model": "auth.permission", "pk": 109, "fields": {"name": "Can add semester", "content_type": 25, "codename": "add_semester"}}, {"model": "auth.permission", "pk": 110, "fields": {"name": "Can change semester", "content_type": 25, "codename": "change_semester"}}, {"model": "auth.permission", "pk": 111, "fields": {"name": "Can delete semester", "content_type": 25, "codename": "delete_semester"}}, {"model": "auth.permission", "pk": 112, "fields": {"name": "Can view semester", "content_type": 25, "codename": "view_semester"}}, {"model": "auth.permission", "pk": 113, "fields": {"name": "Can add section", "content_type": 26, "codename": "add_section"}}, {"model": "auth.permission", "pk": 114, "fields": {"name": "Can change section", "content_type": 26, "codename": "change_section"}}, {"model": "auth.permission", "pk": 115, "fields": {"name": "Can delete section", "content_type": 26, "codename": "delete_section"}}, {"model": "auth.permission", "pk": 116, "fields": {"name": "Can view section", "content_type": 26, "codename": "view_section"}}, {"model": "auth.permission", "pk": 117, "fields": {"name": "Can add optionalsubject", "content_type": 27, "codename": "add_optionalsubject"}}, {"model": "auth.permission", "pk": 118, "fields": {"name": "Can change optionalsubject", "content_type": 27, "codename": "change_optionalsubject"}}, {"model": "auth.permission", "pk": 119, "fields": {"name": "Can delete optionalsubject", "content_type": 27, "codename": "delete_optionalsubject"}}, {"model": "auth.permission", "pk": 120, "fields": {"name": "Can view optionalsubject", "content_type": 27, "codename": "view_optionalsubject"}}, {"model": "auth.permission", "pk": 121, "fields": {"name": "Can add ExtraUser", "content_type": 28, "codename": "add_extrauser"}}, {"model": "auth.permission", "pk": 122, "fields": {"name": "Can change ExtraUser", "content_type": 28, "codename": "change_extrauser"}}, {"model": "auth.permission", "pk": 123, "fields": {"name": "Can delete ExtraUser", "content_type": 28, "codename": "delete_extrauser"}}, {"model": "auth.permission", "pk": 124, "fields": {"name": "Can view ExtraUser", "content_type": 28, "codename": "view_extrauser"}}, {"model": "auth.permission", "pk": 125, "fields": {"name": "Can add documentfile", "content_type": 29, "codename": "add_documentfile"}}, {"model": "auth.permission", "pk": 126, "fields": {"name": "Can change documentfile", "content_type": 29, "codename": "change_documentfile"}}, {"model": "auth.permission", "pk": 127, "fields": {"name": "Can delete documentfile", "content_type": 29, "codename": "delete_documentfile"}}, {"model": "auth.permission", "pk": 128, "fields": {"name": "Can view documentfile", "content_type": 29, "codename": "view_documentfile"}}, {"model": "auth.permission", "pk": 129, "fields": {"name": "Can add complain", "content_type": 30, "codename": "add_complain"}}, {"model": "auth.permission", "pk": 130, "fields": {"name": "Can change complain", "content_type": 30, "codename": "change_complain"}}, {"model": "auth.permission", "pk": 131, "fields": {"name": "Can delete complain", "content_type": 30, "codename": "delete_complain"}}, {"model": "auth.permission", "pk": 132, "fields": {"name": "Can view complain", "content_type": 30, "codename": "view_complain"}}, {"model": "auth.permission", "pk": 133, "fields": {"name": "Can add certificatetemplate", "content_type": 31, "codename": "add_certificatetemplate"}}, {"model": "auth.permission", "pk": 134, "fields": {"name": "Can change certificatetemplate", "content_type": 31, "codename": "change_certificatetemplate"}}, {"model": "auth.permission", "pk": 135, "fields": {"name": "Can delete certificatetemplate", "content_type": 31, "codename": "delete_certificatetemplate"}}, {"model": "auth.permission", "pk": 136, "fields": {"name": "Can view certificatetemplate", "content_type": 31, "codename": "view_certificatetemplate"}}, {"model": "auth.permission", "pk": 137, "fields": {"name": "Can add awards_recipient", "content_type": 32, "codename": "add_awards_recipient"}}, {"model": "auth.permission", "pk": 138, "fields": {"name": "Can change awards_recipient", "content_type": 32, "codename": "change_awards_recipient"}}, {"model": "auth.permission", "pk": 139, "fields": {"name": "Can delete awards_recipient", "content_type": 32, "codename": "delete_awards_recipient"}}, {"model": "auth.permission", "pk": 140, "fields": {"name": "Can view awards_recipient", "content_type": 32, "codename": "view_awards_recipient"}}, {"model": "auth.permission", "pk": 141, "fields": {"name": "Can add training", "content_type": 33, "codename": "add_training"}}, {"model": "auth.permission", "pk": 142, "fields": {"name": "Can change training", "content_type": 33, "codename": "change_training"}}, {"model": "auth.permission", "pk": 143, "fields": {"name": "Can delete training", "content_type": 33, "codename": "delete_training"}}, {"model": "auth.permission", "pk": 144, "fields": {"name": "Can view training", "content_type": 33, "codename": "view_training"}}, {"model": "auth.permission", "pk": 145, "fields": {"name": "Can add education history", "content_type": 34, "codename": "add_educationhistory"}}, {"model": "auth.permission", "pk": 146, "fields": {"name": "Can change education history", "content_type": 34, "codename": "change_educationhistory"}}, {"model": "auth.permission", "pk": 147, "fields": {"name": "Can delete education history", "content_type": 34, "codename": "delete_educationhistory"}}, {"model": "auth.permission", "pk": 148, "fields": {"name": "Can view education history", "content_type": 34, "codename": "view_educationhistory"}}, {"model": "auth.permission", "pk": 149, "fields": {"name": "Can add employment history", "content_type": 35, "codename": "add_employmenthistory"}}, {"model": "auth.permission", "pk": 150, "fields": {"name": "Can change employment history", "content_type": 35, "codename": "change_employmenthistory"}}, {"model": "auth.permission", "pk": 151, "fields": {"name": "Can delete employment history", "content_type": 35, "codename": "delete_employmenthistory"}}, {"model": "auth.permission", "pk": 152, "fields": {"name": "Can view employment history", "content_type": 35, "codename": "view_employmenthistory"}}, {"model": "auth.permission", "pk": 153, "fields": {"name": "Can add fellowship awards studyvisit", "content_type": 36, "codename": "add_fellowshipawardsstudyvisit"}}, {"model": "auth.permission", "pk": 154, "fields": {"name": "Can change fellowship awards studyvisit", "content_type": 36, "codename": "change_fellowshipawardsstudyvisit"}}, {"model": "auth.permission", "pk": 155, "fields": {"name": "Can delete fellowship awards studyvisit", "content_type": 36, "codename": "delete_fellowshipawardsstudyvisit"}}, {"model": "auth.permission", "pk": 156, "fields": {"name": "Can view fellowship awards studyvisit", "content_type": 36, "codename": "view_fellowshipawardsstudyvisit"}}, {"model": "auth.permission", "pk": 157, "fields": {"name": "Can add graduate project supervision", "content_type": 37, "codename": "add_graduateprojectsupervision"}}, {"model": "auth.permission", "pk": 158, "fields": {"name": "Can change graduate project supervision", "content_type": 37, "codename": "change_graduateprojectsupervision"}}, {"model": "auth.permission", "pk": 159, "fields": {"name": "Can delete graduate project supervision", "content_type": 37, "codename": "delete_graduateprojectsupervision"}}, {"model": "auth.permission", "pk": 160, "fields": {"name": "Can view graduate project supervision", "content_type": 37, "codename": "view_graduateprojectsupervision"}}, {"model": "auth.permission", "pk": 161, "fields": {"name": "Can add graduate research supervision", "content_type": 38, "codename": "add_graduateresearchsupervision"}}, {"model": "auth.permission", "pk": 162, "fields": {"name": "Can change graduate research supervision", "content_type": 38, "codename": "change_graduateresearchsupervision"}}, {"model": "auth.permission", "pk": 163, "fields": {"name": "Can delete graduate research supervision", "content_type": 38, "codename": "delete_graduateresearchsupervision"}}, {"model": "auth.permission", "pk": 164, "fields": {"name": "Can view graduate research supervision", "content_type": 38, "codename": "view_graduateresearchsupervision"}}, {"model": "auth.permission", "pk": 165, "fields": {"name": "Can add publication and copyrights", "content_type": 39, "codename": "add_publicationandcopyrights"}}, {"model": "auth.permission", "pk": 166, "fields": {"name": "Can change publication and copyrights", "content_type": 39, "codename": "change_publicationandcopyrights"}}, {"model": "auth.permission", "pk": 167, "fields": {"name": "Can delete publication and copyrights", "content_type": 39, "codename": "delete_publicationandcopyrights"}}, {"model": "auth.permission", "pk": 168, "fields": {"name": "Can view publication and copyrights", "content_type": 39, "codename": "view_publicationandcopyrights"}}, {"model": "auth.permission", "pk": 169, "fields": {"name": "Can add research and consultancy", "content_type": 40, "codename": "add_researchandconsultancy"}}, {"model": "auth.permission", "pk": 170, "fields": {"name": "Can change research and consultancy", "content_type": 40, "codename": "change_researchandconsultancy"}}, {"model": "auth.permission", "pk": 171, "fields": {"name": "Can delete research and consultancy", "content_type": 40, "codename": "delete_researchandconsultancy"}}, {"model": "auth.permission", "pk": 172, "fields": {"name": "Can view research and consultancy", "content_type": 40, "codename": "view_researchandconsultancy"}}, {"model": "auth.permission", "pk": 173, "fields": {"name": "Can add workshop seminar conference", "content_type": 41, "codename": "add_workshopseminarconference"}}, {"model": "auth.permission", "pk": 174, "fields": {"name": "Can change workshop seminar conference", "content_type": 41, "codename": "change_workshopseminarconference"}}, {"model": "auth.permission", "pk": 175, "fields": {"name": "Can delete workshop seminar conference", "content_type": 41, "codename": "delete_workshopseminarconference"}}, {"model": "auth.permission", "pk": 176, "fields": {"name": "Can view workshop seminar conference", "content_type": 41, "codename": "view_workshopseminarconference"}}, {"model": "auth.permission", "pk": 177, "fields": {"name": "Can add teacher", "content_type": 42, "codename": "add_teacher"}}, {"model": "auth.permission", "pk": 178, "fields": {"name": "Can change teacher", "content_type": 42, "codename": "change_teacher"}}, {"model": "auth.permission", "pk": 179, "fields": {"name": "Can delete teacher", "content_type": 42, "codename": "delete_teacher"}}, {"model": "auth.permission", "pk": 180, "fields": {"name": "Can view teacher", "content_type": 42, "codename": "view_teacher"}}, {"model": "auth.permission", "pk": 181, "fields": {"name": "Can add teacher attendance", "content_type": 43, "codename": "add_teacherattendance"}}, {"model": "auth.permission", "pk": 182, "fields": {"name": "Can change teacher attendance", "content_type": 43, "codename": "change_teacherattendance"}}, {"model": "auth.permission", "pk": 183, "fields": {"name": "Can delete teacher attendance", "content_type": 43, "codename": "delete_teacherattendance"}}, {"model": "auth.permission", "pk": 184, "fields": {"name": "Can view teacher attendance", "content_type": 43, "codename": "view_teacherattendance"}}, {"model": "auth.permission", "pk": 185, "fields": {"name": "Can add student attendance", "content_type": 44, "codename": "add_studentattendance"}}, {"model": "auth.permission", "pk": 186, "fields": {"name": "Can change student attendance", "content_type": 44, "codename": "change_studentattendance"}}, {"model": "auth.permission", "pk": 187, "fields": {"name": "Can delete student attendance", "content_type": 44, "codename": "delete_studentattendance"}}, {"model": "auth.permission", "pk": 188, "fields": {"name": "Can view student attendance", "content_type": 44, "codename": "view_studentattendance"}}, {"model": "auth.permission", "pk": 189, "fields": {"name": "Can add staff attendance", "content_type": 45, "codename": "add_staffattendance"}}, {"model": "auth.permission", "pk": 190, "fields": {"name": "Can change staff attendance", "content_type": 45, "codename": "change_staffattendance"}}, {"model": "auth.permission", "pk": 191, "fields": {"name": "Can delete staff attendance", "content_type": 45, "codename": "delete_staffattendance"}}, {"model": "auth.permission", "pk": 192, "fields": {"name": "Can view staff attendance", "content_type": 45, "codename": "view_staffattendance"}}, {"model": "auth.permission", "pk": 193, "fields": {"name": "Can add attendance report", "content_type": 46, "codename": "add_attendancereport"}}, {"model": "auth.permission", "pk": 194, "fields": {"name": "Can change attendance report", "content_type": 46, "codename": "change_attendancereport"}}, {"model": "auth.permission", "pk": 195, "fields": {"name": "Can delete attendance report", "content_type": 46, "codename": "delete_attendancereport"}}, {"model": "auth.permission", "pk": 196, "fields": {"name": "Can view attendance report", "content_type": 46, "codename": "view_attendancereport"}}, {"model": "auth.permission", "pk": 197, "fields": {"name": "Can add school setting", "content_type": 47, "codename": "add_schoolsetting"}}, {"model": "auth.permission", "pk": 198, "fields": {"name": "Can change school setting", "content_type": 47, "codename": "change_schoolsetting"}}, {"model": "auth.permission", "pk": 199, "fields": {"name": "Can delete school setting", "content_type": 47, "codename": "delete_schoolsetting"}}, {"model": "auth.permission", "pk": 200, "fields": {"name": "Can view school setting", "content_type": 47, "codename": "view_schoolsetting"}}, {"model": "auth.permission", "pk": 201, "fields": {"name": "Can add custom permission", "content_type": 48, "codename": "add_custompermission"}}, {"model": "auth.permission", "pk": 202, "fields": {"name": "Can change custom permission", "content_type": 48, "codename": "change_custompermission"}}, {"model": "auth.permission", "pk": 203, "fields": {"name": "Can delete custom permission", "content_type": 48, "codename": "delete_custompermission"}}, {"model": "auth.permission", "pk": 204, "fields": {"name": "Can view custom permission", "content_type": 48, "codename": "view_custompermission"}}, {"model": "auth.permission", "pk": 205, "fields": {"name": "Can add transport", "content_type": 49, "codename": "add_transport"}}, {"model": "auth.permission", "pk": 206, "fields": {"name": "Can change transport", "content_type": 49, "codename": "change_transport"}}, {"model": "auth.permission", "pk": 207, "fields": {"name": "Can delete transport", "content_type": 49, "codename": "delete_transport"}}, {"model": "auth.permission", "pk": 208, "fields": {"name": "Can view transport", "content_type": 49, "codename": "view_transport"}}, {"model": "auth.permission", "pk": 209, "fields": {"name": "Can add holiday", "content_type": 50, "codename": "add_holiday"}}, {"model": "auth.permission", "pk": 210, "fields": {"name": "Can change holiday", "content_type": 50, "codename": "change_holiday"}}, {"model": "auth.permission", "pk": 211, "fields": {"name": "Can delete holiday", "content_type": 50, "codename": "delete_holiday"}}, {"model": "auth.permission", "pk": 212, "fields": {"name": "Can view holiday", "content_type": 50, "codename": "view_holiday"}}, {"model": "auth.permission", "pk": 213, "fields": {"name": "Can add notice", "content_type": 51, "codename": "add_notice"}}, {"model": "auth.permission", "pk": 214, "fields": {"name": "Can change notice", "content_type": 51, "codename": "change_notice"}}, {"model": "auth.permission", "pk": 215, "fields": {"name": "Can delete notice", "content_type": 51, "codename": "delete_notice"}}, {"model": "auth.permission", "pk": 216, "fields": {"name": "Can view notice", "content_type": 51, "codename": "view_notice"}}, {"model": "auth.permission", "pk": 217, "fields": {"name": "Can add historical notice", "content_type": 52, "codename": "add_historicalnotice"}}, {"model": "auth.permission", "pk": 218, "fields": {"name": "Can change historical notice", "content_type": 52, "codename": "change_historicalnotice"}}, {"model": "auth.permission", "pk": 219, "fields": {"name": "Can delete historical notice", "content_type": 52, "codename": "delete_historicalnotice"}}, {"model": "auth.permission", "pk": 220, "fields": {"name": "Can view historical notice", "content_type": 52, "codename": "view_historicalnotice"}}, {"model": "auth.permission", "pk": 221, "fields": {"name": "Can add historical holiday", "content_type": 53, "codename": "add_historicalholiday"}}, {"model": "auth.permission", "pk": 222, "fields": {"name": "Can change historical holiday", "content_type": 53, "codename": "change_historicalholiday"}}, {"model": "auth.permission", "pk": 223, "fields": {"name": "Can delete historical holiday", "content_type": 53, "codename": "delete_historicalholiday"}}, {"model": "auth.permission", "pk": 224, "fields": {"name": "Can view historical holiday", "content_type": 53, "codename": "view_historicalholiday"}}, {"model": "auth.permission", "pk": 225, "fields": {"name": "Can add assignment", "content_type": 54, "codename": "add_assignment"}}, {"model": "auth.permission", "pk": 226, "fields": {"name": "Can change assignment", "content_type": 54, "codename": "change_assignment"}}, {"model": "auth.permission", "pk": 227, "fields": {"name": "Can delete assignment", "content_type": 54, "codename": "delete_assignment"}}, {"model": "auth.permission", "pk": 228, "fields": {"name": "Can view assignment", "content_type": 54, "codename": "view_assignment"}}, {"model": "auth.permission", "pk": 229, "fields": {"name": "Can add syllabus", "content_type": 55, "codename": "add_syllabus"}}, {"model": "auth.permission", "pk": 230, "fields": {"name": "Can change syllabus", "content_type": 55, "codename": "change_syllabus"}}, {"model": "auth.permission", "pk": 231, "fields": {"name": "Can delete syllabus", "content_type": 55, "codename": "delete_syllabus"}}, {"model": "auth.permission", "pk": 232, "fields": {"name": "Can view syllabus", "content_type": 55, "codename": "view_syllabus"}}, {"model": "auth.permission", "pk": 233, "fields": {"name": "Can add routine", "content_type": 56, "codename": "add_routine"}}, {"model": "auth.permission", "pk": 234, "fields": {"name": "Can change routine", "content_type": 56, "codename": "change_routine"}}, {"model": "auth.permission", "pk": 235, "fields": {"name": "Can delete routine", "content_type": 56, "codename": "delete_routine"}}, {"model": "auth.permission", "pk": 236, "fields": {"name": "Can view routine", "content_type": 56, "codename": "view_routine"}}, {"model": "auth.permission", "pk": 237, "fields": {"name": "Can add historical syllabus", "content_type": 57, "codename": "add_historicalsyllabus"}}, {"model": "auth.permission", "pk": 238, "fields": {"name": "Can change historical syllabus", "content_type": 57, "codename": "change_historicalsyllabus"}}, {"model": "auth.permission", "pk": 239, "fields": {"name": "Can delete historical syllabus", "content_type": 57, "codename": "delete_historicalsyllabus"}}, {"model": "auth.permission", "pk": 240, "fields": {"name": "Can view historical syllabus", "content_type": 57, "codename": "view_historicalsyllabus"}}, {"model": "auth.permission", "pk": 241, "fields": {"name": "Can add historical routine", "content_type": 58, "codename": "add_historicalroutine"}}, {"model": "auth.permission", "pk": 242, "fields": {"name": "Can change historical routine", "content_type": 58, "codename": "change_historicalroutine"}}, {"model": "auth.permission", "pk": 243, "fields": {"name": "Can delete historical routine", "content_type": 58, "codename": "delete_historicalroutine"}}, {"model": "auth.permission", "pk": 244, "fields": {"name": "Can view historical routine", "content_type": 58, "codename": "view_historicalroutine"}}, {"model": "auth.permission", "pk": 245, "fields": {"name": "Can add historical assignment", "content_type": 59, "codename": "add_historicalassignment"}}, {"model": "auth.permission", "pk": 246, "fields": {"name": "Can change historical assignment", "content_type": 59, "codename": "change_historicalassignment"}}, {"model": "auth.permission", "pk": 247, "fields": {"name": "Can delete historical assignment", "content_type": 59, "codename": "delete_historicalassignment"}}, {"model": "auth.permission", "pk": 248, "fields": {"name": "Can view historical assignment", "content_type": 59, "codename": "view_historicalassignment"}}, {"model": "auth.permission", "pk": 249, "fields": {"name": "Can add grade", "content_type": 60, "codename": "add_grade"}}, {"model": "auth.permission", "pk": 250, "fields": {"name": "Can change grade", "content_type": 60, "codename": "change_grade"}}, {"model": "auth.permission", "pk": 251, "fields": {"name": "Can delete grade", "content_type": 60, "codename": "delete_grade"}}, {"model": "auth.permission", "pk": 252, "fields": {"name": "Can view grade", "content_type": 60, "codename": "view_grade"}}, {"model": "auth.permission", "pk": 253, "fields": {"name": "Can add application_form", "content_type": 61, "codename": "add_application_form"}}, {"model": "auth.permission", "pk": 254, "fields": {"name": "Can change application_form", "content_type": 61, "codename": "change_application_form"}}, {"model": "auth.permission", "pk": 255, "fields": {"name": "Can delete application_form", "content_type": 61, "codename": "delete_application_form"}}, {"model": "auth.permission", "pk": 256, "fields": {"name": "Can view application_form", "content_type": 61, "codename": "view_application_form"}}, {"model": "auth.permission", "pk": 257, "fields": {"name": "Can add exams", "content_type": 62, "codename": "add_exams"}}, {"model": "auth.permission", "pk": 258, "fields": {"name": "Can change exams", "content_type": 62, "codename": "change_exams"}}, {"model": "auth.permission", "pk": 259, "fields": {"name": "Can delete exams", "content_type": 62, "codename": "delete_exams"}}, {"model": "auth.permission", "pk": 260, "fields": {"name": "Can view exams", "content_type": 62, "codename": "view_exams"}}, {"model": "auth.permission", "pk": 261, "fields": {"name": "Can add term", "content_type": 63, "codename": "add_term"}}, {"model": "auth.permission", "pk": 262, "fields": {"name": "Can change term", "content_type": 63, "codename": "change_term"}}, {"model": "auth.permission", "pk": 263, "fields": {"name": "Can delete term", "content_type": 63, "codename": "delete_term"}}, {"model": "auth.permission", "pk": 264, "fields": {"name": "Can view term", "content_type": 63, "codename": "view_term"}}, {"model": "auth.permission", "pk": 265, "fields": {"name": "Can add term_ranking", "content_type": 64, "codename": "add_term_ranking"}}, {"model": "auth.permission", "pk": 266, "fields": {"name": "Can change term_ranking", "content_type": 64, "codename": "change_term_ranking"}}, {"model": "auth.permission", "pk": 267, "fields": {"name": "Can delete term_ranking", "content_type": 64, "codename": "delete_term_ranking"}}, {"model": "auth.permission", "pk": 268, "fields": {"name": "Can view term_ranking", "content_type": 64, "codename": "view_term_ranking"}}, {"model": "auth.permission", "pk": 269, "fields": {"name": "Can add studentgrades", "content_type": 65, "codename": "add_studentgrades"}}, {"model": "auth.permission", "pk": 270, "fields": {"name": "Can change studentgrades", "content_type": 65, "codename": "change_studentgrades"}}, {"model": "auth.permission", "pk": 271, "fields": {"name": "Can delete studentgrades", "content_type": 65, "codename": "delete_studentgrades"}}, {"model": "auth.permission", "pk": 272, "fields": {"name": "Can view studentgrades", "content_type": 65, "codename": "view_studentgrades"}}, {"model": "auth.permission", "pk": 273, "fields": {"name": "Can add selectedcourses", "content_type": 66, "codename": "add_selectedcourses"}}, {"model": "auth.permission", "pk": 274, "fields": {"name": "Can change selectedcourses", "content_type": 66, "codename": "change_selectedcourses"}}, {"model": "auth.permission", "pk": 275, "fields": {"name": "Can delete selectedcourses", "content_type": 66, "codename": "delete_selectedcourses"}}, {"model": "auth.permission", "pk": 276, "fields": {"name": "Can view selectedcourses", "content_type": 66, "codename": "view_selectedcourses"}}, {"model": "auth.permission", "pk": 277, "fields": {"name": "Can add historical term", "content_type": 67, "codename": "add_historicalterm"}}, {"model": "auth.permission", "pk": 278, "fields": {"name": "Can change historical term", "content_type": 67, "codename": "change_historicalterm"}}, {"model": "auth.permission", "pk": 279, "fields": {"name": "Can delete historical term", "content_type": 67, "codename": "delete_historicalterm"}}, {"model": "auth.permission", "pk": 280, "fields": {"name": "Can view historical term", "content_type": 67, "codename": "view_historicalterm"}}, {"model": "auth.permission", "pk": 281, "fields": {"name": "Can add historical studentgrades", "content_type": 68, "codename": "add_historicalstudentgrades"}}, {"model": "auth.permission", "pk": 282, "fields": {"name": "Can change historical studentgrades", "content_type": 68, "codename": "change_historicalstudentgrades"}}, {"model": "auth.permission", "pk": 283, "fields": {"name": "Can delete historical studentgrades", "content_type": 68, "codename": "delete_historicalstudentgrades"}}, {"model": "auth.permission", "pk": 284, "fields": {"name": "Can view historical studentgrades", "content_type": 68, "codename": "view_historicalstudentgrades"}}, {"model": "auth.permission", "pk": 285, "fields": {"name": "Can add historical selectedcourses", "content_type": 69, "codename": "add_historicalselectedcourses"}}, {"model": "auth.permission", "pk": 286, "fields": {"name": "Can change historical selectedcourses", "content_type": 69, "codename": "change_historicalselectedcourses"}}, {"model": "auth.permission", "pk": 287, "fields": {"name": "Can delete historical selectedcourses", "content_type": 69, "codename": "delete_historicalselectedcourses"}}, {"model": "auth.permission", "pk": 288, "fields": {"name": "Can view historical selectedcourses", "content_type": 69, "codename": "view_historicalselectedcourses"}}, {"model": "auth.permission", "pk": 289, "fields": {"name": "Can add historical exams", "content_type": 70, "codename": "add_historicalexams"}}, {"model": "auth.permission", "pk": 290, "fields": {"name": "Can change historical exams", "content_type": 70, "codename": "change_historicalexams"}}, {"model": "auth.permission", "pk": 291, "fields": {"name": "Can delete historical exams", "content_type": 70, "codename": "delete_historicalexams"}}, {"model": "auth.permission", "pk": 292, "fields": {"name": "Can view historical exams", "content_type": 70, "codename": "view_historicalexams"}}, {"model": "auth.permission", "pk": 293, "fields": {"name": "Can add historical application_form", "content_type": 71, "codename": "add_historicalapplication_form"}}, {"model": "auth.permission", "pk": 294, "fields": {"name": "Can change historical application_form", "content_type": 71, "codename": "change_historicalapplication_form"}}, {"model": "auth.permission", "pk": 295, "fields": {"name": "Can delete historical application_form", "content_type": 71, "codename": "delete_historicalapplication_form"}}, {"model": "auth.permission", "pk": 296, "fields": {"name": "Can view historical application_form", "content_type": 71, "codename": "view_historicalapplication_form"}}, {"model": "auth.permission", "pk": 297, "fields": {"name": "Can add exam attendance", "content_type": 72, "codename": "add_examattendance"}}, {"model": "auth.permission", "pk": 298, "fields": {"name": "Can change exam attendance", "content_type": 72, "codename": "change_examattendance"}}, {"model": "auth.permission", "pk": 299, "fields": {"name": "Can delete exam attendance", "content_type": 72, "codename": "delete_examattendance"}}, {"model": "auth.permission", "pk": 300, "fields": {"name": "Can view exam attendance", "content_type": 72, "codename": "view_examattendance"}}, {"model": "auth.permission", "pk": 301, "fields": {"name": "Can add question", "content_type": 73, "codename": "add_question"}}, {"model": "auth.permission", "pk": 302, "fields": {"name": "Can change question", "content_type": 73, "codename": "change_question"}}, {"model": "auth.permission", "pk": 303, "fields": {"name": "Can delete question", "content_type": 73, "codename": "delete_question"}}, {"model": "auth.permission", "pk": 304, "fields": {"name": "Can view question", "content_type": 73, "codename": "view_question"}}, {"model": "auth.permission", "pk": 305, "fields": {"name": "Can add question paper", "content_type": 74, "codename": "add_questionpaper"}}, {"model": "auth.permission", "pk": 306, "fields": {"name": "Can change question paper", "content_type": 74, "codename": "change_questionpaper"}}, {"model": "auth.permission", "pk": 307, "fields": {"name": "Can delete question paper", "content_type": 74, "codename": "delete_questionpaper"}}, {"model": "auth.permission", "pk": 308, "fields": {"name": "Can view question paper", "content_type": 74, "codename": "view_questionpaper"}}, {"model": "auth.permission", "pk": 309, "fields": {"name": "Can add sub question", "content_type": 75, "codename": "add_subquestion"}}, {"model": "auth.permission", "pk": 310, "fields": {"name": "Can change sub question", "content_type": 75, "codename": "change_subquestion"}}, {"model": "auth.permission", "pk": 311, "fields": {"name": "Can delete sub question", "content_type": 75, "codename": "delete_subquestion"}}, {"model": "auth.permission", "pk": 312, "fields": {"name": "Can view sub question", "content_type": 75, "codename": "view_subquestion"}}, {"model": "auth.permission", "pk": 313, "fields": {"name": "Can add sub question grade", "content_type": 76, "codename": "add_subquestiongrade"}}, {"model": "auth.permission", "pk": 314, "fields": {"name": "Can change sub question grade", "content_type": 76, "codename": "change_subquestiongrade"}}, {"model": "auth.permission", "pk": 315, "fields": {"name": "Can delete sub question grade", "content_type": 76, "codename": "delete_subquestiongrade"}}, {"model": "auth.permission", "pk": 316, "fields": {"name": "Can view sub question grade", "content_type": 76, "codename": "view_subquestiongrade"}}, {"model": "auth.permission", "pk": 317, "fields": {"name": "Can add question grade", "content_type": 77, "codename": "add_questiongrade"}}, {"model": "auth.permission", "pk": 318, "fields": {"name": "Can change question grade", "content_type": 77, "codename": "change_questiongrade"}}, {"model": "auth.permission", "pk": 319, "fields": {"name": "Can delete question grade", "content_type": 77, "codename": "delete_questiongrade"}}, {"model": "auth.permission", "pk": 320, "fields": {"name": "Can view question grade", "content_type": 77, "codename": "view_questiongrade"}}, {"model": "auth.permission", "pk": 321, "fields": {"name": "Can add exam attendance report", "content_type": 78, "codename": "add_examattendancereport"}}, {"model": "auth.permission", "pk": 322, "fields": {"name": "Can change exam attendance report", "content_type": 78, "codename": "change_examattendancereport"}}, {"model": "auth.permission", "pk": 323, "fields": {"name": "Can delete exam attendance report", "content_type": 78, "codename": "delete_examattendancereport"}}, {"model": "auth.permission", "pk": 324, "fields": {"name": "Can view exam attendance report", "content_type": 78, "codename": "view_examattendancereport"}}, {"model": "auth.permission", "pk": 325, "fields": {"name": "Can add answer sheet", "content_type": 79, "codename": "add_answersheet"}}, {"model": "auth.permission", "pk": 326, "fields": {"name": "Can change answer sheet", "content_type": 79, "codename": "change_answersheet"}}, {"model": "auth.permission", "pk": 327, "fields": {"name": "Can delete answer sheet", "content_type": 79, "codename": "delete_answersheet"}}, {"model": "auth.permission", "pk": 328, "fields": {"name": "Can view answer sheet", "content_type": 79, "codename": "view_answersheet"}}, {"model": "auth.permission", "pk": 329, "fields": {"name": "Can add enquiry", "content_type": 80, "codename": "add_enquiry"}}, {"model": "auth.permission", "pk": 330, "fields": {"name": "Can change enquiry", "content_type": 80, "codename": "change_enquiry"}}, {"model": "auth.permission", "pk": 331, "fields": {"name": "Can delete enquiry", "content_type": 80, "codename": "delete_enquiry"}}, {"model": "auth.permission", "pk": 332, "fields": {"name": "Can view enquiry", "content_type": 80, "codename": "view_enquiry"}}, {"model": "auth.permission", "pk": 333, "fields": {"name": "Can add application", "content_type": 81, "codename": "add_application"}}, {"model": "auth.permission", "pk": 334, "fields": {"name": "Can change application", "content_type": 81, "codename": "change_application"}}, {"model": "auth.permission", "pk": 335, "fields": {"name": "Can delete application", "content_type": 81, "codename": "delete_application"}}, {"model": "auth.permission", "pk": 336, "fields": {"name": "Can view application", "content_type": 81, "codename": "view_application"}}, {"model": "auth.permission", "pk": 337, "fields": {"name": "Can add visitor", "content_type": 82, "codename": "add_visitor"}}, {"model": "auth.permission", "pk": 338, "fields": {"name": "Can change visitor", "content_type": 82, "codename": "change_visitor"}}, {"model": "auth.permission", "pk": 339, "fields": {"name": "Can delete visitor", "content_type": 82, "codename": "delete_visitor"}}, {"model": "auth.permission", "pk": 340, "fields": {"name": "Can view visitor", "content_type": 82, "codename": "view_visitor"}}, {"model": "auth.permission", "pk": 341, "fields": {"name": "Can add notification", "content_type": 83, "codename": "add_notification"}}, {"model": "auth.permission", "pk": 342, "fields": {"name": "Can change notification", "content_type": 83, "codename": "change_notification"}}, {"model": "auth.permission", "pk": 343, "fields": {"name": "Can delete notification", "content_type": 83, "codename": "delete_notification"}}, {"model": "auth.permission", "pk": 344, "fields": {"name": "Can view notification", "content_type": 83, "codename": "view_notification"}}, {"model": "auth.permission", "pk": 345, "fields": {"name": "Can add assets", "content_type": 84, "codename": "add_assets"}}, {"model": "auth.permission", "pk": 346, "fields": {"name": "Can change assets", "content_type": 84, "codename": "change_assets"}}, {"model": "auth.permission", "pk": 347, "fields": {"name": "Can delete assets", "content_type": 84, "codename": "delete_assets"}}, {"model": "auth.permission", "pk": 348, "fields": {"name": "Can view assets", "content_type": 84, "codename": "view_assets"}}, {"model": "auth.permission", "pk": 349, "fields": {"name": "Can assign assets", "content_type": 84, "codename": "assets_assignment"}}, {"model": "auth.permission", "pk": 350, "fields": {"name": "Can return assets", "content_type": 84, "codename": "assets_return"}}, {"model": "auth.permission", "pk": 351, "fields": {"name": "Can transfer assets", "content_type": 84, "codename": "assets_transfer"}}, {"model": "auth.permission", "pk": 352, "fields": {"name": "Can add category", "content_type": 85, "codename": "add_category"}}, {"model": "auth.permission", "pk": 353, "fields": {"name": "Can change category", "content_type": 85, "codename": "change_category"}}, {"model": "auth.permission", "pk": 354, "fields": {"name": "Can delete category", "content_type": 85, "codename": "delete_category"}}, {"model": "auth.permission", "pk": 355, "fields": {"name": "Can view category", "content_type": 85, "codename": "view_category"}}, {"model": "auth.permission", "pk": 356, "fields": {"name": "Can add item", "content_type": 86, "codename": "add_item"}}, {"model": "auth.permission", "pk": 357, "fields": {"name": "Can change item", "content_type": 86, "codename": "change_item"}}, {"model": "auth.permission", "pk": 358, "fields": {"name": "Can delete item", "content_type": 86, "codename": "delete_item"}}, {"model": "auth.permission", "pk": 359, "fields": {"name": "Can view item", "content_type": 86, "codename": "view_item"}}, {"model": "auth.permission", "pk": 360, "fields": {"name": "Can add procurement request", "content_type": 87, "codename": "add_procurementrequest"}}, {"model": "auth.permission", "pk": 361, "fields": {"name": "Can change procurement request", "content_type": 87, "codename": "change_procurementrequest"}}, {"model": "auth.permission", "pk": 362, "fields": {"name": "Can delete procurement request", "content_type": 87, "codename": "delete_procurementrequest"}}, {"model": "auth.permission", "pk": 363, "fields": {"name": "Can view procurement request", "content_type": 87, "codename": "view_procurementrequest"}}, {"model": "auth.permission", "pk": 364, "fields": {"name": "Can add transaction", "content_type": 88, "codename": "add_transaction"}}, {"model": "auth.permission", "pk": 365, "fields": {"name": "Can change transaction", "content_type": 88, "codename": "change_transaction"}}, {"model": "auth.permission", "pk": 366, "fields": {"name": "Can delete transaction", "content_type": 88, "codename": "delete_transaction"}}, {"model": "auth.permission", "pk": 367, "fields": {"name": "Can view transaction", "content_type": 88, "codename": "view_transaction"}}, {"model": "auth.permission", "pk": 368, "fields": {"name": "Can add vendor", "content_type": 89, "codename": "add_vendor"}}, {"model": "auth.permission", "pk": 369, "fields": {"name": "Can change vendor", "content_type": 89, "codename": "change_vendor"}}, {"model": "auth.permission", "pk": 370, "fields": {"name": "Can delete vendor", "content_type": 89, "codename": "delete_vendor"}}, {"model": "auth.permission", "pk": 371, "fields": {"name": "Can view vendor", "content_type": 89, "codename": "view_vendor"}}, {"model": "auth.permission", "pk": 372, "fields": {"name": "Can add transaction_items", "content_type": 90, "codename": "add_transaction_items"}}, {"model": "auth.permission", "pk": 373, "fields": {"name": "Can change transaction_items", "content_type": 90, "codename": "change_transaction_items"}}, {"model": "auth.permission", "pk": 374, "fields": {"name": "Can delete transaction_items", "content_type": 90, "codename": "delete_transaction_items"}}, {"model": "auth.permission", "pk": 375, "fields": {"name": "Can view transaction_items", "content_type": 90, "codename": "view_transaction_items"}}, {"model": "auth.permission", "pk": 376, "fields": {"name": "Can add status options", "content_type": 91, "codename": "add_statusoptions"}}, {"model": "auth.permission", "pk": 377, "fields": {"name": "Can change status options", "content_type": 91, "codename": "change_statusoptions"}}, {"model": "auth.permission", "pk": 378, "fields": {"name": "Can delete status options", "content_type": 91, "codename": "delete_statusoptions"}}, {"model": "auth.permission", "pk": 379, "fields": {"name": "Can view status options", "content_type": 91, "codename": "view_statusoptions"}}, {"model": "auth.permission", "pk": 380, "fields": {"name": "Can add repair request", "content_type": 92, "codename": "add_repairrequest"}}, {"model": "auth.permission", "pk": 381, "fields": {"name": "Can change repair request", "content_type": 92, "codename": "change_repairrequest"}}, {"model": "auth.permission", "pk": 382, "fields": {"name": "Can delete repair request", "content_type": 92, "codename": "delete_repairrequest"}}, {"model": "auth.permission", "pk": 383, "fields": {"name": "Can view repair request", "content_type": 92, "codename": "view_repairrequest"}}, {"model": "auth.permission", "pk": 384, "fields": {"name": "Can add document", "content_type": 93, "codename": "add_document"}}, {"model": "auth.permission", "pk": 385, "fields": {"name": "Can change document", "content_type": 93, "codename": "change_document"}}, {"model": "auth.permission", "pk": 386, "fields": {"name": "Can delete document", "content_type": 93, "codename": "delete_document"}}, {"model": "auth.permission", "pk": 387, "fields": {"name": "Can view document", "content_type": 93, "codename": "view_document"}}, {"model": "auth.permission", "pk": 388, "fields": {"name": "Can add assets_transfer", "content_type": 94, "codename": "add_assets_transfer"}}, {"model": "auth.permission", "pk": 389, "fields": {"name": "Can change assets_transfer", "content_type": 94, "codename": "change_assets_transfer"}}, {"model": "auth.permission", "pk": 390, "fields": {"name": "Can delete assets_transfer", "content_type": 94, "codename": "delete_assets_transfer"}}, {"model": "auth.permission", "pk": 391, "fields": {"name": "Can view assets_transfer", "content_type": 94, "codename": "view_assets_transfer"}}, {"model": "auth.permission", "pk": 392, "fields": {"name": "Can add department", "content_type": 95, "codename": "add_department"}}, {"model": "auth.permission", "pk": 393, "fields": {"name": "Can change department", "content_type": 95, "codename": "change_department"}}, {"model": "auth.permission", "pk": 394, "fields": {"name": "Can delete department", "content_type": 95, "codename": "delete_department"}}, {"model": "auth.permission", "pk": 395, "fields": {"name": "Can view department", "content_type": 95, "codename": "view_department"}}, {"model": "auth.permission", "pk": 396, "fields": {"name": "Can add form", "content_type": 96, "codename": "add_form"}}, {"model": "auth.permission", "pk": 397, "fields": {"name": "Can change form", "content_type": 96, "codename": "change_form"}}, {"model": "auth.permission", "pk": 398, "fields": {"name": "Can delete form", "content_type": 96, "codename": "delete_form"}}, {"model": "auth.permission", "pk": 399, "fields": {"name": "Can view form", "content_type": 96, "codename": "view_form"}}, {"model": "auth.permission", "pk": 400, "fields": {"name": "Can add ticket", "content_type": 97, "codename": "add_ticket"}}, {"model": "auth.permission", "pk": 401, "fields": {"name": "Can change ticket", "content_type": 97, "codename": "change_ticket"}}, {"model": "auth.permission", "pk": 402, "fields": {"name": "Can delete ticket", "content_type": 97, "codename": "delete_ticket"}}, {"model": "auth.permission", "pk": 403, "fields": {"name": "Can view ticket", "content_type": 97, "codename": "view_ticket"}}, {"model": "auth.permission", "pk": 404, "fields": {"name": "Can add vacancy", "content_type": 98, "codename": "add_vacancy"}}, {"model": "auth.permission", "pk": 405, "fields": {"name": "Can change vacancy", "content_type": 98, "codename": "change_vacancy"}}, {"model": "auth.permission", "pk": 406, "fields": {"name": "Can delete vacancy", "content_type": 98, "codename": "delete_vacancy"}}, {"model": "auth.permission", "pk": 407, "fields": {"name": "Can view vacancy", "content_type": 98, "codename": "view_vacancy"}}, {"model": "auth.permission", "pk": 408, "fields": {"name": "Can add booking", "content_type": 99, "codename": "add_booking"}}, {"model": "auth.permission", "pk": 409, "fields": {"name": "Can change booking", "content_type": 99, "codename": "change_booking"}}, {"model": "auth.permission", "pk": 410, "fields": {"name": "Can delete booking", "content_type": 99, "codename": "delete_booking"}}, {"model": "auth.permission", "pk": 411, "fields": {"name": "Can view booking", "content_type": 99, "codename": "view_booking"}}, {"model": "auth.permission", "pk": 412, "fields": {"name": "Can add room", "content_type": 100, "codename": "add_room"}}, {"model": "auth.permission", "pk": 413, "fields": {"name": "Can change room", "content_type": 100, "codename": "change_room"}}, {"model": "auth.permission", "pk": 414, "fields": {"name": "Can delete room", "content_type": 100, "codename": "delete_room"}}, {"model": "auth.permission", "pk": 415, "fields": {"name": "Can view room", "content_type": 100, "codename": "view_room"}}, {"model": "auth.permission", "pk": 416, "fields": {"name": "Can add room type", "content_type": 101, "codename": "add_roomtype"}}, {"model": "auth.permission", "pk": 417, "fields": {"name": "Can change room type", "content_type": 101, "codename": "change_roomtype"}}, {"model": "auth.permission", "pk": 418, "fields": {"name": "Can delete room type", "content_type": 101, "codename": "delete_roomtype"}}, {"model": "auth.permission", "pk": 419, "fields": {"name": "Can view room type", "content_type": 101, "codename": "view_roomtype"}}, {"model": "auth.permission", "pk": 420, "fields": {"name": "Can add room picture", "content_type": 102, "codename": "add_roompicture"}}, {"model": "auth.permission", "pk": 421, "fields": {"name": "Can change room picture", "content_type": 102, "codename": "change_roompicture"}}, {"model": "auth.permission", "pk": 422, "fields": {"name": "Can delete room picture", "content_type": 102, "codename": "delete_roompicture"}}, {"model": "auth.permission", "pk": 423, "fields": {"name": "Can view room picture", "content_type": 102, "codename": "view_roompicture"}}, {"model": "auth.permission", "pk": 424, "fields": {"name": "Can add review", "content_type": 103, "codename": "add_review"}}, {"model": "auth.permission", "pk": 425, "fields": {"name": "Can change review", "content_type": 103, "codename": "change_review"}}, {"model": "auth.permission", "pk": 426, "fields": {"name": "Can delete review", "content_type": 103, "codename": "delete_review"}}, {"model": "auth.permission", "pk": 427, "fields": {"name": "Can view review", "content_type": 103, "codename": "view_review"}}, {"model": "auth.permission", "pk": 428, "fields": {"name": "Can add expense", "content_type": 104, "codename": "add_expense"}}, {"model": "auth.permission", "pk": 429, "fields": {"name": "Can change expense", "content_type": 104, "codename": "change_expense"}}, {"model": "auth.permission", "pk": 430, "fields": {"name": "Can delete expense", "content_type": 104, "codename": "delete_expense"}}, {"model": "auth.permission", "pk": 431, "fields": {"name": "Can view expense", "content_type": 104, "codename": "view_expense"}}, {"model": "auth.permission", "pk": 432, "fields": {"name": "Can add food item", "content_type": 105, "codename": "add_fooditem"}}, {"model": "auth.permission", "pk": 433, "fields": {"name": "Can change food item", "content_type": 105, "codename": "change_fooditem"}}, {"model": "auth.permission", "pk": 434, "fields": {"name": "Can delete food item", "content_type": 105, "codename": "delete_fooditem"}}, {"model": "auth.permission", "pk": 435, "fields": {"name": "Can view food item", "content_type": 105, "codename": "view_fooditem"}}, {"model": "auth.permission", "pk": 436, "fields": {"name": "Can add ingredients", "content_type": 106, "codename": "add_ingredients"}}, {"model": "auth.permission", "pk": 437, "fields": {"name": "Can change ingredients", "content_type": 106, "codename": "change_ingredients"}}, {"model": "auth.permission", "pk": 438, "fields": {"name": "Can delete ingredients", "content_type": 106, "codename": "delete_ingredients"}}, {"model": "auth.permission", "pk": 439, "fields": {"name": "Can view ingredients", "content_type": 106, "codename": "view_ingredients"}}, {"model": "auth.permission", "pk": 440, "fields": {"name": "Can add menu", "content_type": 107, "codename": "add_menu"}}, {"model": "auth.permission", "pk": 441, "fields": {"name": "Can change menu", "content_type": 107, "codename": "change_menu"}}, {"model": "auth.permission", "pk": 442, "fields": {"name": "Can delete menu", "content_type": 107, "codename": "delete_menu"}}, {"model": "auth.permission", "pk": 443, "fields": {"name": "Can view menu", "content_type": 107, "codename": "view_menu"}}, {"model": "auth.permission", "pk": 444, "fields": {"name": "Can add menu_items", "content_type": 108, "codename": "add_menu_items"}}, {"model": "auth.permission", "pk": 445, "fields": {"name": "Can change menu_items", "content_type": 108, "codename": "change_menu_items"}}, {"model": "auth.permission", "pk": 446, "fields": {"name": "Can delete menu_items", "content_type": 108, "codename": "delete_menu_items"}}, {"model": "auth.permission", "pk": 447, "fields": {"name": "Can view menu_items", "content_type": 108, "codename": "view_menu_items"}}, {"model": "auth.permission", "pk": 448, "fields": {"name": "Can add sales", "content_type": 109, "codename": "add_sales"}}, {"model": "auth.permission", "pk": 449, "fields": {"name": "Can change sales", "content_type": 109, "codename": "change_sales"}}, {"model": "auth.permission", "pk": 450, "fields": {"name": "Can delete sales", "content_type": 109, "codename": "delete_sales"}}, {"model": "auth.permission", "pk": 451, "fields": {"name": "Can view sales", "content_type": 109, "codename": "view_sales"}}, {"model": "auth.permission", "pk": 452, "fields": {"name": "Can add stall", "content_type": 110, "codename": "add_stall"}}, {"model": "auth.permission", "pk": 453, "fields": {"name": "Can change stall", "content_type": 110, "codename": "change_stall"}}, {"model": "auth.permission", "pk": 454, "fields": {"name": "Can delete stall", "content_type": 110, "codename": "delete_stall"}}, {"model": "auth.permission", "pk": 455, "fields": {"name": "Can view stall", "content_type": 110, "codename": "view_stall"}}, {"model": "auth.permission", "pk": 456, "fields": {"name": "Can add stall_ingredients_item", "content_type": 111, "codename": "add_stall_ingredients_item"}}, {"model": "auth.permission", "pk": 457, "fields": {"name": "Can change stall_ingredients_item", "content_type": 111, "codename": "change_stall_ingredients_item"}}, {"model": "auth.permission", "pk": 458, "fields": {"name": "Can delete stall_ingredients_item", "content_type": 111, "codename": "delete_stall_ingredients_item"}}, {"model": "auth.permission", "pk": 459, "fields": {"name": "Can view stall_ingredients_item", "content_type": 111, "codename": "view_stall_ingredients_item"}}, {"model": "auth.permission", "pk": 460, "fields": {"name": "Can add sales_item", "content_type": 112, "codename": "add_sales_item"}}, {"model": "auth.permission", "pk": 461, "fields": {"name": "Can change sales_item", "content_type": 112, "codename": "change_sales_item"}}, {"model": "auth.permission", "pk": 462, "fields": {"name": "Can delete sales_item", "content_type": 112, "codename": "delete_sales_item"}}, {"model": "auth.permission", "pk": 463, "fields": {"name": "Can view sales_item", "content_type": 112, "codename": "view_sales_item"}}, {"model": "auth.permission", "pk": 464, "fields": {"name": "Can add cafeteria staff", "content_type": 113, "codename": "add_cafeteriastaff"}}, {"model": "auth.permission", "pk": 465, "fields": {"name": "Can change cafeteria staff", "content_type": 113, "codename": "change_cafeteriastaff"}}, {"model": "auth.permission", "pk": 466, "fields": {"name": "Can delete cafeteria staff", "content_type": 113, "codename": "delete_cafeteriastaff"}}, {"model": "auth.permission", "pk": 467, "fields": {"name": "Can view cafeteria staff", "content_type": 113, "codename": "view_cafeteriastaff"}}, {"model": "auth.permission", "pk": 468, "fields": {"name": "Can add author", "content_type": 114, "codename": "add_author"}}, {"model": "auth.permission", "pk": 469, "fields": {"name": "Can change author", "content_type": 114, "codename": "change_author"}}, {"model": "auth.permission", "pk": 470, "fields": {"name": "Can delete author", "content_type": 114, "codename": "delete_author"}}, {"model": "auth.permission", "pk": 471, "fields": {"name": "Can view author", "content_type": 114, "codename": "view_author"}}, {"model": "auth.permission", "pk": 472, "fields": {"name": "Can add book category", "content_type": 115, "codename": "add_bookcategory"}}, {"model": "auth.permission", "pk": 473, "fields": {"name": "Can change book category", "content_type": 115, "codename": "change_bookcategory"}}, {"model": "auth.permission", "pk": 474, "fields": {"name": "Can delete book category", "content_type": 115, "codename": "delete_bookcategory"}}, {"model": "auth.permission", "pk": 475, "fields": {"name": "Can view book category", "content_type": 115, "codename": "view_bookcategory"}}, {"model": "auth.permission", "pk": 476, "fields": {"name": "Can add book reservation", "content_type": 116, "codename": "add_bookreservation"}}, {"model": "auth.permission", "pk": 477, "fields": {"name": "Can change book reservation", "content_type": 116, "codename": "change_bookreservation"}}, {"model": "auth.permission", "pk": 478, "fields": {"name": "Can delete book reservation", "content_type": 116, "codename": "delete_bookreservation"}}, {"model": "auth.permission", "pk": 479, "fields": {"name": "Can view book reservation", "content_type": 116, "codename": "view_bookreservation"}}, {"model": "auth.permission", "pk": 480, "fields": {"name": "Can add books", "content_type": 117, "codename": "add_books"}}, {"model": "auth.permission", "pk": 481, "fields": {"name": "Can change books", "content_type": 117, "codename": "change_books"}}, {"model": "auth.permission", "pk": 482, "fields": {"name": "Can delete books", "content_type": 117, "codename": "delete_books"}}, {"model": "auth.permission", "pk": 483, "fields": {"name": "Can view books", "content_type": 117, "codename": "view_books"}}, {"model": "auth.permission", "pk": 484, "fields": {"name": "Can add library", "content_type": 118, "codename": "add_library"}}, {"model": "auth.permission", "pk": 485, "fields": {"name": "Can change library", "content_type": 118, "codename": "change_library"}}, {"model": "auth.permission", "pk": 486, "fields": {"name": "Can delete library", "content_type": 118, "codename": "delete_library"}}, {"model": "auth.permission", "pk": 487, "fields": {"name": "Can view library", "content_type": 118, "codename": "view_library"}}, {"model": "auth.permission", "pk": 488, "fields": {"name": "Can add library profile", "content_type": 119, "codename": "add_libraryprofile"}}, {"model": "auth.permission", "pk": 489, "fields": {"name": "Can change library profile", "content_type": 119, "codename": "change_libraryprofile"}}, {"model": "auth.permission", "pk": 490, "fields": {"name": "Can delete library profile", "content_type": 119, "codename": "delete_libraryprofile"}}, {"model": "auth.permission", "pk": 491, "fields": {"name": "Can view library profile", "content_type": 119, "codename": "view_libraryprofile"}}, {"model": "auth.permission", "pk": 492, "fields": {"name": "Can add publication", "content_type": 120, "codename": "add_publication"}}, {"model": "auth.permission", "pk": 493, "fields": {"name": "Can change publication", "content_type": 120, "codename": "change_publication"}}, {"model": "auth.permission", "pk": 494, "fields": {"name": "Can delete publication", "content_type": 120, "codename": "delete_publication"}}, {"model": "auth.permission", "pk": 495, "fields": {"name": "Can view publication", "content_type": 120, "codename": "view_publication"}}, {"model": "auth.permission", "pk": 496, "fields": {"name": "Can add unique book", "content_type": 121, "codename": "add_uniquebook"}}, {"model": "auth.permission", "pk": 497, "fields": {"name": "Can change unique book", "content_type": 121, "codename": "change_uniquebook"}}, {"model": "auth.permission", "pk": 498, "fields": {"name": "Can delete unique book", "content_type": 121, "codename": "delete_uniquebook"}}, {"model": "auth.permission", "pk": 499, "fields": {"name": "Can view unique book", "content_type": 121, "codename": "view_uniquebook"}}, {"model": "auth.permission", "pk": 500, "fields": {"name": "Can add schedular", "content_type": 122, "codename": "add_schedular"}}, {"model": "auth.permission", "pk": 501, "fields": {"name": "Can change schedular", "content_type": 122, "codename": "change_schedular"}}, {"model": "auth.permission", "pk": 502, "fields": {"name": "Can delete schedular", "content_type": 122, "codename": "delete_schedular"}}, {"model": "auth.permission", "pk": 503, "fields": {"name": "Can view schedular", "content_type": 122, "codename": "view_schedular"}}, {"model": "auth.permission", "pk": 504, "fields": {"name": "Can add reserved books", "content_type": 123, "codename": "add_reservedbooks"}}, {"model": "auth.permission", "pk": 505, "fields": {"name": "Can change reserved books", "content_type": 123, "codename": "change_reservedbooks"}}, {"model": "auth.permission", "pk": 506, "fields": {"name": "Can delete reserved books", "content_type": 123, "codename": "delete_reservedbooks"}}, {"model": "auth.permission", "pk": 507, "fields": {"name": "Can view reserved books", "content_type": 123, "codename": "view_reservedbooks"}}, {"model": "auth.permission", "pk": 508, "fields": {"name": "Can add book return", "content_type": 124, "codename": "add_bookreturn"}}, {"model": "auth.permission", "pk": 509, "fields": {"name": "Can change book return", "content_type": 124, "codename": "change_bookreturn"}}, {"model": "auth.permission", "pk": 510, "fields": {"name": "Can delete book return", "content_type": 124, "codename": "delete_bookreturn"}}, {"model": "auth.permission", "pk": 511, "fields": {"name": "Can view book return", "content_type": 124, "codename": "view_bookreturn"}}, {"model": "auth.permission", "pk": 512, "fields": {"name": "Can add book loan", "content_type": 125, "codename": "add_bookloan"}}, {"model": "auth.permission", "pk": 513, "fields": {"name": "Can change book loan", "content_type": 125, "codename": "change_bookloan"}}, {"model": "auth.permission", "pk": 514, "fields": {"name": "Can delete book loan", "content_type": 125, "codename": "delete_bookloan"}}, {"model": "auth.permission", "pk": 515, "fields": {"name": "Can view book loan", "content_type": 125, "codename": "view_bookloan"}}, {"model": "auth.permission", "pk": 516, "fields": {"name": "Can add add book", "content_type": 126, "codename": "add_addbook"}}, {"model": "auth.permission", "pk": 517, "fields": {"name": "Can change add book", "content_type": 126, "codename": "change_addbook"}}, {"model": "auth.permission", "pk": 518, "fields": {"name": "Can delete add book", "content_type": 126, "codename": "delete_addbook"}}, {"model": "auth.permission", "pk": 519, "fields": {"name": "Can view add book", "content_type": 126, "codename": "view_addbook"}}, {"model": "auth.permission", "pk": 520, "fields": {"name": "Can add event", "content_type": 127, "codename": "add_event"}}, {"model": "auth.permission", "pk": 521, "fields": {"name": "Can change event", "content_type": 127, "codename": "change_event"}}, {"model": "auth.permission", "pk": 522, "fields": {"name": "Can delete event", "content_type": 127, "codename": "delete_event"}}, {"model": "auth.permission", "pk": 523, "fields": {"name": "Can view event", "content_type": 127, "codename": "view_event"}}, {"model": "auth.permission", "pk": 524, "fields": {"name": "Can add event category", "content_type": 128, "codename": "add_eventcategory"}}, {"model": "auth.permission", "pk": 525, "fields": {"name": "Can change event category", "content_type": 128, "codename": "change_eventcategory"}}, {"model": "auth.permission", "pk": 526, "fields": {"name": "Can delete event category", "content_type": 128, "codename": "delete_eventcategory"}}, {"model": "auth.permission", "pk": 527, "fields": {"name": "Can view event category", "content_type": 128, "codename": "view_eventcategory"}}, {"model": "auth.permission", "pk": 528, "fields": {"name": "Can add event_participants", "content_type": 129, "codename": "add_event_participants"}}, {"model": "auth.permission", "pk": 529, "fields": {"name": "Can change event_participants", "content_type": 129, "codename": "change_event_participants"}}, {"model": "auth.permission", "pk": 530, "fields": {"name": "Can delete event_participants", "content_type": 129, "codename": "delete_event_participants"}}, {"model": "auth.permission", "pk": 531, "fields": {"name": "Can view event_participants", "content_type": 129, "codename": "view_event_participants"}}, {"model": "auth.permission", "pk": 532, "fields": {"name": "Can add User Log", "content_type": 130, "codename": "add_userlog"}}, {"model": "auth.permission", "pk": 533, "fields": {"name": "Can change User Log", "content_type": 130, "codename": "change_userlog"}}, {"model": "auth.permission", "pk": 534, "fields": {"name": "Can delete User Log", "content_type": 130, "codename": "delete_userlog"}}, {"model": "auth.permission", "pk": 535, "fields": {"name": "Can view User Log", "content_type": 130, "codename": "view_userlog"}}, {"model": "auth.permission", "pk": 536, "fields": {"name": "Can add report log", "content_type": 131, "codename": "add_reportlog"}}, {"model": "auth.permission", "pk": 537, "fields": {"name": "Can change report log", "content_type": 131, "codename": "change_reportlog"}}, {"model": "auth.permission", "pk": 538, "fields": {"name": "Can delete report log", "content_type": 131, "codename": "delete_reportlog"}}, {"model": "auth.permission", "pk": 539, "fields": {"name": "Can view report log", "content_type": 131, "codename": "view_reportlog"}}, {"model": "auth.permission", "pk": 540, "fields": {"name": "Can add form template", "content_type": 132, "codename": "add_formtemplate"}}, {"model": "auth.permission", "pk": 541, "fields": {"name": "Can change form template", "content_type": 132, "codename": "change_formtemplate"}}, {"model": "auth.permission", "pk": 542, "fields": {"name": "Can delete form template", "content_type": 132, "codename": "delete_formtemplate"}}, {"model": "auth.permission", "pk": 543, "fields": {"name": "Can view form template", "content_type": 132, "codename": "view_formtemplate"}}, {"model": "auth.permission", "pk": 544, "fields": {"name": "Can add calendar", "content_type": 133, "codename": "add_calendar"}}, {"model": "auth.permission", "pk": 545, "fields": {"name": "Can change calendar", "content_type": 133, "codename": "change_calendar"}}, {"model": "auth.permission", "pk": 546, "fields": {"name": "Can delete calendar", "content_type": 133, "codename": "delete_calendar"}}, {"model": "auth.permission", "pk": 547, "fields": {"name": "Can view calendar", "content_type": 133, "codename": "view_calendar"}}, {"model": "auth.permission", "pk": 548, "fields": {"name": "Can add rule", "content_type": 134, "codename": "add_rule"}}, {"model": "auth.permission", "pk": 549, "fields": {"name": "Can change rule", "content_type": 134, "codename": "change_rule"}}, {"model": "auth.permission", "pk": 550, "fields": {"name": "Can delete rule", "content_type": 134, "codename": "delete_rule"}}, {"model": "auth.permission", "pk": 551, "fields": {"name": "Can view rule", "content_type": 134, "codename": "view_rule"}}, {"model": "auth.permission", "pk": 552, "fields": {"name": "Can add historical event", "content_type": 135, "codename": "add_historicalevent"}}, {"model": "auth.permission", "pk": 553, "fields": {"name": "Can change historical event", "content_type": 135, "codename": "change_historicalevent"}}, {"model": "auth.permission", "pk": 554, "fields": {"name": "Can delete historical event", "content_type": 135, "codename": "delete_historicalevent"}}, {"model": "auth.permission", "pk": 555, "fields": {"name": "Can view historical event", "content_type": 135, "codename": "view_historicalevent"}}, {"model": "auth.permission", "pk": 556, "fields": {"name": "Can add event", "content_type": 136, "codename": "add_event"}}, {"model": "auth.permission", "pk": 557, "fields": {"name": "Can change event", "content_type": 136, "codename": "change_event"}}, {"model": "auth.permission", "pk": 558, "fields": {"name": "Can delete event", "content_type": 136, "codename": "delete_event"}}, {"model": "auth.permission", "pk": 559, "fields": {"name": "Can view event", "content_type": 136, "codename": "view_event"}}, {"model": "auth.permission", "pk": 560, "fields": {"name": "Can add occurrence", "content_type": 137, "codename": "add_occurrence"}}, {"model": "auth.permission", "pk": 561, "fields": {"name": "Can change occurrence", "content_type": 137, "codename": "change_occurrence"}}, {"model": "auth.permission", "pk": 562, "fields": {"name": "Can delete occurrence", "content_type": 137, "codename": "delete_occurrence"}}, {"model": "auth.permission", "pk": 563, "fields": {"name": "Can view occurrence", "content_type": 137, "codename": "view_occurrence"}}, {"model": "auth.permission", "pk": 564, "fields": {"name": "Can add event relation", "content_type": 138, "codename": "add_eventrelation"}}, {"model": "auth.permission", "pk": 565, "fields": {"name": "Can change event relation", "content_type": 138, "codename": "change_eventrelation"}}, {"model": "auth.permission", "pk": 566, "fields": {"name": "Can delete event relation", "content_type": 138, "codename": "delete_eventrelation"}}, {"model": "auth.permission", "pk": 567, "fields": {"name": "Can view event relation", "content_type": 138, "codename": "view_eventrelation"}}, {"model": "auth.permission", "pk": 568, "fields": {"name": "Can add calendar relation", "content_type": 139, "codename": "add_calendarrelation"}}, {"model": "auth.permission", "pk": 569, "fields": {"name": "Can change calendar relation", "content_type": 139, "codename": "change_calendarrelation"}}, {"model": "auth.permission", "pk": 570, "fields": {"name": "Can delete calendar relation", "content_type": 139, "codename": "delete_calendarrelation"}}, {"model": "auth.permission", "pk": 571, "fields": {"name": "Can view calendar relation", "content_type": 139, "codename": "view_calendarrelation"}}, {"model": "auth.permission", "pk": 572, "fields": {"name": "Can add Token", "content_type": 140, "codename": "add_token"}}, {"model": "auth.permission", "pk": 573, "fields": {"name": "Can change Token", "content_type": 140, "codename": "change_token"}}, {"model": "auth.permission", "pk": 574, "fields": {"name": "Can delete Token", "content_type": 140, "codename": "delete_token"}}, {"model": "auth.permission", "pk": 575, "fields": {"name": "Can view Token", "content_type": 140, "codename": "view_token"}}, {"model": "auth.permission", "pk": 576, "fields": {"name": "Can add token", "content_type": 141, "codename": "add_tokenproxy"}}, {"model": "auth.permission", "pk": 577, "fields": {"name": "Can change token", "content_type": 141, "codename": "change_tokenproxy"}}, {"model": "auth.permission", "pk": 578, "fields": {"name": "Can delete token", "content_type": 141, "codename": "delete_tokenproxy"}}, {"model": "auth.permission", "pk": 579, "fields": {"name": "Can view token", "content_type": 141, "codename": "view_tokenproxy"}}, {"model": "auth.permission", "pk": 580, "fields": {"name": "Can add task", "content_type": 142, "codename": "add_task"}}, {"model": "auth.permission", "pk": 581, "fields": {"name": "Can change task", "content_type": 142, "codename": "change_task"}}, {"model": "auth.permission", "pk": 582, "fields": {"name": "Can delete task", "content_type": 142, "codename": "delete_task"}}, {"model": "auth.permission", "pk": 583, "fields": {"name": "Can view task", "content_type": 142, "codename": "view_task"}}, {"model": "auth.permission", "pk": 584, "fields": {"name": "Can add book renew", "content_type": 143, "codename": "add_bookrenew"}}, {"model": "auth.permission", "pk": 585, "fields": {"name": "Can change book renew", "content_type": 143, "codename": "change_bookrenew"}}, {"model": "auth.permission", "pk": 586, "fields": {"name": "Can delete book renew", "content_type": 143, "codename": "delete_bookrenew"}}, {"model": "auth.permission", "pk": 587, "fields": {"name": "Can view book renew", "content_type": 143, "codename": "view_bookrenew"}}, {"model": "auth.permission", "pk": 588, "fields": {"name": "Can add fine payment", "content_type": 144, "codename": "add_finepayment"}}, {"model": "auth.permission", "pk": 589, "fields": {"name": "Can change fine payment", "content_type": 144, "codename": "change_finepayment"}}, {"model": "auth.permission", "pk": 590, "fields": {"name": "Can delete fine payment", "content_type": 144, "codename": "delete_finepayment"}}, {"model": "auth.permission", "pk": 591, "fields": {"name": "Can view fine payment", "content_type": 144, "codename": "view_finepayment"}}, {"model": "auth.group", "pk": 1, "fields": {"name": "Admin", "permissions": []}}, {"model": "auth.group", "pk": 2, "fields": {"name": "Bachelor-Admin", "permissions": []}}, {"model": "auth.group", "pk": 3, "fields": {"name": "Master-Admin", "permissions": []}}, {"model": "auth.group", "pk": 4, "fields": {"name": "Teacher", "permissions": []}}, {"model": "auth.group", "pk": 5, "fields": {"name": "Student", "permissions": []}}, {"model": "auth.group", "pk": 6, "fields": {"name": "Parent", "permissions": []}}, {"model": "auth.group", "pk": 7, "fields": {"name": "Cafeteria", "permissions": []}}, {"model": "auth.group", "pk": 8, "fields": {"name": "Procurement", "permissions": []}}, {"model": "auth.group", "pk": 9, "fields": {"name": "Finance", "permissions": []}}, {"model": "contenttypes.contenttype", "pk": 1, "fields": {"app_label": "admin", "model": "logentry"}}, {"model": "contenttypes.contenttype", "pk": 2, "fields": {"app_label": "auth", "model": "permission"}}, {"model": "contenttypes.contenttype", "pk": 3, "fields": {"app_label": "auth", "model": "group"}}, {"model": "contenttypes.contenttype", "pk": 4, "fields": {"app_label": "contenttypes", "model": "contenttype"}}, {"model": "contenttypes.contenttype", "pk": 5, "fields": {"app_label": "sessions", "model": "session"}}, {"model": "contenttypes.contenttype", "pk": 6, "fields": {"app_label": "student_management_app", "model": "customuser"}}, {"model": "contenttypes.contenttype", "pk": 7, "fields": {"app_label": "student_management_app", "model": "adminuser"}}, {"model": "contenttypes.contenttype", "pk": 8, "fields": {"app_label": "student_management_app", "model": "awards"}}, {"model": "contenttypes.contenttype", "pk": 9, "fields": {"app_label": "student_management_app", "model": "batch"}}, {"model": "contenttypes.contenttype", "pk": 10, "fields": {"app_label": "student_management_app", "model": "branch"}}, {"model": "contenttypes.contenttype", "pk": 11, "fields": {"app_label": "student_management_app", "model": "campus"}}, {"model": "contenttypes.contenttype", "pk": 12, "fields": {"app_label": "student_management_app", "model": "course"}}, {"model": "contenttypes.contenttype", "pk": 13, "fields": {"app_label": "student_management_app", "model": "coursecategory"}}, {"model": "contenttypes.contenttype", "pk": 14, "fields": {"app_label": "student_management_app", "model": "department"}}, {"model": "contenttypes.contenttype", "pk": 15, "fields": {"app_label": "student_management_app", "model": "parent"}}, {"model": "contenttypes.contenttype", "pk": 16, "fields": {"app_label": "student_management_app", "model": "school"}}, {"model": "contenttypes.contenttype", "pk": 17, "fields": {"app_label": "student_management_app", "model": "sessionyear"}}, {"model": "contenttypes.contenttype", "pk": 18, "fields": {"app_label": "student_management_app", "model": "staff"}}, {"model": "contenttypes.contenttype", "pk": 19, "fields": {"app_label": "student_management_app", "model": "studentgroup"}}, {"model": "contenttypes.contenttype", "pk": 20, "fields": {"app_label": "student_management_app", "model": "subject"}}, {"model": "contenttypes.contenttype", "pk": 21, "fields": {"app_label": "student_management_app", "model": "userrole"}}, {"model": "contenttypes.contenttype", "pk": 22, "fields": {"app_label": "student_management_app", "model": "subjectteacher"}}, {"model": "contenttypes.contenttype", "pk": 23, "fields": {"app_label": "student_management_app", "model": "student"}}, {"model": "contenttypes.contenttype", "pk": 24, "fields": {"app_label": "student_management_app", "model": "sociallink"}}, {"model": "contenttypes.contenttype", "pk": 25, "fields": {"app_label": "student_management_app", "model": "semester"}}, {"model": "contenttypes.contenttype", "pk": 26, "fields": {"app_label": "student_management_app", "model": "section"}}, {"model": "contenttypes.contenttype", "pk": 27, "fields": {"app_label": "student_management_app", "model": "optionalsubject"}}, {"model": "contenttypes.contenttype", "pk": 28, "fields": {"app_label": "student_management_app", "model": "extrauser"}}, {"model": "contenttypes.contenttype", "pk": 29, "fields": {"app_label": "student_management_app", "model": "documentfile"}}, {"model": "contenttypes.contenttype", "pk": 30, "fields": {"app_label": "student_management_app", "model": "complain"}}, {"model": "contenttypes.contenttype", "pk": 31, "fields": {"app_label": "student_management_app", "model": "certificatetemplate"}}, {"model": "contenttypes.contenttype", "pk": 32, "fields": {"app_label": "student_management_app", "model": "awards_recipient"}}, {"model": "contenttypes.contenttype", "pk": 33, "fields": {"app_label": "student_management_app", "model": "training"}}, {"model": "contenttypes.contenttype", "pk": 34, "fields": {"app_label": "student_management_app", "model": "educationhistory"}}, {"model": "contenttypes.contenttype", "pk": 35, "fields": {"app_label": "student_management_app", "model": "employmenthistory"}}, {"model": "contenttypes.contenttype", "pk": 36, "fields": {"app_label": "student_management_app", "model": "fellowshipawardsstudyvisit"}}, {"model": "contenttypes.contenttype", "pk": 37, "fields": {"app_label": "student_management_app", "model": "graduateprojectsupervision"}}, {"model": "contenttypes.contenttype", "pk": 38, "fields": {"app_label": "student_management_app", "model": "graduateresearchsupervision"}}, {"model": "contenttypes.contenttype", "pk": 39, "fields": {"app_label": "student_management_app", "model": "publicationandcopyrights"}}, {"model": "contenttypes.contenttype", "pk": 40, "fields": {"app_label": "student_management_app", "model": "researchandconsultancy"}}, {"model": "contenttypes.contenttype", "pk": 41, "fields": {"app_label": "student_management_app", "model": "workshopseminarconference"}}, {"model": "contenttypes.contenttype", "pk": 42, "fields": {"app_label": "student_management_app", "model": "teacher"}}, {"model": "contenttypes.contenttype", "pk": 43, "fields": {"app_label": "attendance", "model": "teacherattendance"}}, {"model": "contenttypes.contenttype", "pk": 44, "fields": {"app_label": "attendance", "model": "studentattendance"}}, {"model": "contenttypes.contenttype", "pk": 45, "fields": {"app_label": "attendance", "model": "staffattendance"}}, {"model": "contenttypes.contenttype", "pk": 46, "fields": {"app_label": "attendance", "model": "attendancereport"}}, {"model": "contenttypes.contenttype", "pk": 47, "fields": {"app_label": "school_settings", "model": "schoolsetting"}}, {"model": "contenttypes.contenttype", "pk": 48, "fields": {"app_label": "role_permission", "model": "custompermission"}}, {"model": "contenttypes.contenttype", "pk": 49, "fields": {"app_label": "transports", "model": "transport"}}, {"model": "contenttypes.contenttype", "pk": 50, "fields": {"app_label": "announcement", "model": "holiday"}}, {"model": "contenttypes.contenttype", "pk": 51, "fields": {"app_label": "announcement", "model": "notice"}}, {"model": "contenttypes.contenttype", "pk": 52, "fields": {"app_label": "announcement", "model": "historicalnotice"}}, {"model": "contenttypes.contenttype", "pk": 53, "fields": {"app_label": "announcement", "model": "historicalholiday"}}, {"model": "contenttypes.contenttype", "pk": 54, "fields": {"app_label": "academic", "model": "assignment"}}, {"model": "contenttypes.contenttype", "pk": 55, "fields": {"app_label": "academic", "model": "syllabus"}}, {"model": "contenttypes.contenttype", "pk": 56, "fields": {"app_label": "academic", "model": "routine"}}, {"model": "contenttypes.contenttype", "pk": 57, "fields": {"app_label": "academic", "model": "historicalsyllabus"}}, {"model": "contenttypes.contenttype", "pk": 58, "fields": {"app_label": "academic", "model": "historicalroutine"}}, {"model": "contenttypes.contenttype", "pk": 59, "fields": {"app_label": "academic", "model": "historicalassignment"}}, {"model": "contenttypes.contenttype", "pk": 60, "fields": {"app_label": "academic", "model": "grade"}}, {"model": "contenttypes.contenttype", "pk": 61, "fields": {"app_label": "courses", "model": "application_form"}}, {"model": "contenttypes.contenttype", "pk": 62, "fields": {"app_label": "courses", "model": "exams"}}, {"model": "contenttypes.contenttype", "pk": 63, "fields": {"app_label": "courses", "model": "term"}}, {"model": "contenttypes.contenttype", "pk": 64, "fields": {"app_label": "courses", "model": "term_ranking"}}, {"model": "contenttypes.contenttype", "pk": 65, "fields": {"app_label": "courses", "model": "studentgrades"}}, {"model": "contenttypes.contenttype", "pk": 66, "fields": {"app_label": "courses", "model": "selectedcourses"}}, {"model": "contenttypes.contenttype", "pk": 67, "fields": {"app_label": "courses", "model": "historicalterm"}}, {"model": "contenttypes.contenttype", "pk": 68, "fields": {"app_label": "courses", "model": "historicalstudentgrades"}}, {"model": "contenttypes.contenttype", "pk": 69, "fields": {"app_label": "courses", "model": "historicalselectedcourses"}}, {"model": "contenttypes.contenttype", "pk": 70, "fields": {"app_label": "courses", "model": "historicalexams"}}, {"model": "contenttypes.contenttype", "pk": 71, "fields": {"app_label": "courses", "model": "historicalapplication_form"}}, {"model": "contenttypes.contenttype", "pk": 72, "fields": {"app_label": "exam", "model": "examattendance"}}, {"model": "contenttypes.contenttype", "pk": 73, "fields": {"app_label": "exam", "model": "question"}}, {"model": "contenttypes.contenttype", "pk": 74, "fields": {"app_label": "exam", "model": "questionpaper"}}, {"model": "contenttypes.contenttype", "pk": 75, "fields": {"app_label": "exam", "model": "subquestion"}}, {"model": "contenttypes.contenttype", "pk": 76, "fields": {"app_label": "exam", "model": "subquestiongrade"}}, {"model": "contenttypes.contenttype", "pk": 77, "fields": {"app_label": "exam", "model": "questiongrade"}}, {"model": "contenttypes.contenttype", "pk": 78, "fields": {"app_label": "exam", "model": "examattendancereport"}}, {"model": "contenttypes.contenttype", "pk": 79, "fields": {"app_label": "exam", "model": "answersheet"}}, {"model": "contenttypes.contenttype", "pk": 80, "fields": {"app_label": "enquiry", "model": "enquiry"}}, {"model": "contenttypes.contenttype", "pk": 81, "fields": {"app_label": "enquiry", "model": "application"}}, {"model": "contenttypes.contenttype", "pk": 82, "fields": {"app_label": "visitor", "model": "visitor"}}, {"model": "contenttypes.contenttype", "pk": 83, "fields": {"app_label": "notifications", "model": "notification"}}, {"model": "contenttypes.contenttype", "pk": 84, "fields": {"app_label": "inventory", "model": "assets"}}, {"model": "contenttypes.contenttype", "pk": 85, "fields": {"app_label": "inventory", "model": "category"}}, {"model": "contenttypes.contenttype", "pk": 86, "fields": {"app_label": "inventory", "model": "item"}}, {"model": "contenttypes.contenttype", "pk": 87, "fields": {"app_label": "inventory", "model": "procurementrequest"}}, {"model": "contenttypes.contenttype", "pk": 88, "fields": {"app_label": "inventory", "model": "transaction"}}, {"model": "contenttypes.contenttype", "pk": 89, "fields": {"app_label": "inventory", "model": "vendor"}}, {"model": "contenttypes.contenttype", "pk": 90, "fields": {"app_label": "inventory", "model": "transaction_items"}}, {"model": "contenttypes.contenttype", "pk": 91, "fields": {"app_label": "inventory", "model": "statusoptions"}}, {"model": "contenttypes.contenttype", "pk": 92, "fields": {"app_label": "inventory", "model": "repairrequest"}}, {"model": "contenttypes.contenttype", "pk": 93, "fields": {"app_label": "inventory", "model": "document"}}, {"model": "contenttypes.contenttype", "pk": 94, "fields": {"app_label": "inventory", "model": "assets_transfer"}}, {"model": "contenttypes.contenttype", "pk": 95, "fields": {"app_label": "ticket", "model": "department"}}, {"model": "contenttypes.contenttype", "pk": 96, "fields": {"app_label": "ticket", "model": "form"}}, {"model": "contenttypes.contenttype", "pk": 97, "fields": {"app_label": "ticket", "model": "ticket"}}, {"model": "contenttypes.contenttype", "pk": 98, "fields": {"app_label": "spis", "model": "vacancy"}}, {"model": "contenttypes.contenttype", "pk": 99, "fields": {"app_label": "residential_management_system", "model": "booking"}}, {"model": "contenttypes.contenttype", "pk": 100, "fields": {"app_label": "residential_management_system", "model": "room"}}, {"model": "contenttypes.contenttype", "pk": 101, "fields": {"app_label": "residential_management_system", "model": "roomtype"}}, {"model": "contenttypes.contenttype", "pk": 102, "fields": {"app_label": "residential_management_system", "model": "roompicture"}}, {"model": "contenttypes.contenttype", "pk": 103, "fields": {"app_label": "residential_management_system", "model": "review"}}, {"model": "contenttypes.contenttype", "pk": 104, "fields": {"app_label": "residential_management_system", "model": "expense"}}, {"model": "contenttypes.contenttype", "pk": 105, "fields": {"app_label": "cafeteria", "model": "fooditem"}}, {"model": "contenttypes.contenttype", "pk": 106, "fields": {"app_label": "cafeteria", "model": "ingredients"}}, {"model": "contenttypes.contenttype", "pk": 107, "fields": {"app_label": "cafeteria", "model": "menu"}}, {"model": "contenttypes.contenttype", "pk": 108, "fields": {"app_label": "cafeteria", "model": "menu_items"}}, {"model": "contenttypes.contenttype", "pk": 109, "fields": {"app_label": "cafeteria", "model": "sales"}}, {"model": "contenttypes.contenttype", "pk": 110, "fields": {"app_label": "cafeteria", "model": "stall"}}, {"model": "contenttypes.contenttype", "pk": 111, "fields": {"app_label": "cafeteria", "model": "stall_ingredients_item"}}, {"model": "contenttypes.contenttype", "pk": 112, "fields": {"app_label": "cafeteria", "model": "sales_item"}}, {"model": "contenttypes.contenttype", "pk": 113, "fields": {"app_label": "cafeteria", "model": "cafeteriastaff"}}, {"model": "contenttypes.contenttype", "pk": 114, "fields": {"app_label": "lms", "model": "author"}}, {"model": "contenttypes.contenttype", "pk": 115, "fields": {"app_label": "lms", "model": "bookcategory"}}, {"model": "contenttypes.contenttype", "pk": 116, "fields": {"app_label": "lms", "model": "bookreservation"}}, {"model": "contenttypes.contenttype", "pk": 117, "fields": {"app_label": "lms", "model": "books"}}, {"model": "contenttypes.contenttype", "pk": 118, "fields": {"app_label": "lms", "model": "library"}}, {"model": "contenttypes.contenttype", "pk": 119, "fields": {"app_label": "lms", "model": "libraryprofile"}}, {"model": "contenttypes.contenttype", "pk": 120, "fields": {"app_label": "lms", "model": "publication"}}, {"model": "contenttypes.contenttype", "pk": 121, "fields": {"app_label": "lms", "model": "uniquebook"}}, {"model": "contenttypes.contenttype", "pk": 122, "fields": {"app_label": "lms", "model": "schedular"}}, {"model": "contenttypes.contenttype", "pk": 123, "fields": {"app_label": "lms", "model": "reservedbooks"}}, {"model": "contenttypes.contenttype", "pk": 124, "fields": {"app_label": "lms", "model": "bookreturn"}}, {"model": "contenttypes.contenttype", "pk": 125, "fields": {"app_label": "lms", "model": "bookloan"}}, {"model": "contenttypes.contenttype", "pk": 126, "fields": {"app_label": "lms", "model": "addbook"}}, {"model": "contenttypes.contenttype", "pk": 127, "fields": {"app_label": "events", "model": "event"}}, {"model": "contenttypes.contenttype", "pk": 128, "fields": {"app_label": "events", "model": "eventcategory"}}, {"model": "contenttypes.contenttype", "pk": 129, "fields": {"app_label": "events", "model": "event_participants"}}, {"model": "contenttypes.contenttype", "pk": 130, "fields": {"app_label": "logs", "model": "userlog"}}, {"model": "contenttypes.contenttype", "pk": 131, "fields": {"app_label": "logs", "model": "reportlog"}}, {"model": "contenttypes.contenttype", "pk": 132, "fields": {"app_label": "formapi", "model": "formtemplate"}}, {"model": "contenttypes.contenttype", "pk": 133, "fields": {"app_label": "schedule", "model": "calendar"}}, {"model": "contenttypes.contenttype", "pk": 134, "fields": {"app_label": "schedule", "model": "rule"}}, {"model": "contenttypes.contenttype", "pk": 135, "fields": {"app_label": "schedule", "model": "historicalevent"}}, {"model": "contenttypes.contenttype", "pk": 136, "fields": {"app_label": "schedule", "model": "event"}}, {"model": "contenttypes.contenttype", "pk": 137, "fields": {"app_label": "schedule", "model": "occurrence"}}, {"model": "contenttypes.contenttype", "pk": 138, "fields": {"app_label": "schedule", "model": "eventrelation"}}, {"model": "contenttypes.contenttype", "pk": 139, "fields": {"app_label": "schedule", "model": "calendarrelation"}}, {"model": "contenttypes.contenttype", "pk": 140, "fields": {"app_label": "authtoken", "model": "token"}}, {"model": "contenttypes.contenttype", "pk": 141, "fields": {"app_label": "authtoken", "model": "tokenproxy"}}, {"model": "contenttypes.contenttype", "pk": 142, "fields": {"app_label": "django_dramatiq", "model": "task"}}, {"model": "contenttypes.contenttype", "pk": 143, "fields": {"app_label": "lms", "model": "bookrenew"}}, {"model": "contenttypes.contenttype", "pk": 144, "fields": {"app_label": "lms", "model": "finepayment"}}, {"model": "sessions.session", "pk": "8uf0z0ecg2499h6uxpyueuxqqqyl5q3k", "fields": {"session_data": ".eJxVjEEOwiAQRe_C2hCBUlqX7nsGMsPMSNVAUtqV8e7apAvd_vfef6kI25rj1niJM6mLMur0uyGkB5cd0B3KrepUy7rMqHdFH7TpqRI_r4f7d5Ch5W_tEbxB6NHaBKMfkhhxYnkA13XBOy8k_chkCMARU7Dh7BKhkEFO5NT7AwlPOXM:1ndRuM:gu6bTXW5U5ORYz0a_wrXjMYX8oeAzZuSfkl-Jl-dqsE", "expire_date": "2022-04-24T07:22:50.074Z"}}, {"model": "sessions.session", "pk": "kl10jo9v44dmzn39aalyiiorfvsktj0j", "fields": {"session_data": ".eJxVjEEOwiAQRe_C2hCBUlqX7nsGMsPMSNVAUtqV8e7apAvd_vfef6kI25rj1niJM6mLMur0uyGkB5cd0B3KrepUy7rMqHdFH7TpqRI_r4f7d5Ch5W_tEbxB6NHaBKMfkhhxYnkA13XBOy8k_chkCMARU7Dh7BKhkEFO5NT7AwlPOXM:1ncQCi:i8qALWZfmah2PQ8KGq1qin87Hl7H5_O_WVoXtPtYy2s", "expire_date": "2022-04-21T11:21:32.320Z"}}, {"model": "student_management_app.coursecategory", "pk": 1, "fields": {"course_name": "Bachelor", "course_category_code": "", "created_at": "2022-04-07T11:19:51.687Z", "updated_at": "2022-04-07T11:19:51.687Z"}}, {"model": "student_management_app.coursecategory", "pk": 2, "fields": {"course_name": "Master", "course_category_code": "", "created_at": "2022-04-07T11:19:51.691Z", "updated_at": "2022-04-07T11:19:51.691Z"}}, {"model": "student_management_app.branch", "pk": 1, "fields": {"name": "Finance", "created_at": "2022-04-07T11:19:51.697Z"}}, {"model": "student_management_app.branch", "pk": 2, "fields": {"name": "Administration", "created_at": "2022-04-07T11:19:51.701Z"}}, {"model": "student_management_app.customuser", "pk": 1, "fields": {"password": "pbkdf2_sha256$260000$veU861VWmaVhK2bTBpJ1lk$tyQmkEs/F7lOXeBEeCifK9f4zF7IzKOVVxA09ow37mM=", "last_login": "2022-04-10T07:22:49.140Z", "is_superuser": true, "username": "admin", "first_name": "", "last_name": "", "is_staff": true, "is_active": true, "date_joined": "2022-04-07T11:20:27.918Z", "full_name": "", "user_type": null, "email": "admin@admin.com", "groups": [], "user_permissions": []}}, {"model": "student_management_app.adminuser", "pk": 1, "fields": {"admin_user": 1, "course_category": null, "dob": null, "gender": "Male", "religion": "", "contact": "", "address": "", "join_date": null, "image": "", "status": true, "created_at": "2022-04-07T11:21:03.107Z", "updated_at": "2022-04-07T11:21:03.107Z"}}, {"model": "lms.bookcategory", "pk": 1, "fields": {"category_name": "Drama", "description": "", "created_at": "2022-04-07T11:22:13.792Z", "updated_at": "2022-04-07T11:22:13.792Z"}}, {"model": "lms.bookcategory", "pk": 2, "fields": {"category_name": "Horror", "description": "", "created_at": "2022-04-07T11:22:18.870Z", "updated_at": "2022-04-07T11:22:18.870Z"}}, {"model": "lms.author", "pk": 1, "fields": {"firstname": "ujjwal", "middlename": "", "lastname": "joshi", "nationality": "Nepali", "introduction": "", "photo": ""}}, {"model": "lms.author", "pk": 2, "fields": {"firstname": "ujjwal", "middlename": "dsfs", "lastname": "joshi", "nationality": "sdgs", "introduction": "", "photo": ""}}, {"model": "lms.publication", "pk": 1, "fields": {"name": "dsfds", "location": "dsfgsd", "introduction": "dfgdf", "photo": ""}}, {"model": "lms.library", "pk": 1, "fields": {"name": "Central Library", "location": "Surkhet", "staff_max_borrow": 4, "faculty_max_borrow": 5, "student_max_borrow": 5, "public_max_borrow": 3, "staff_max_hold": 4, "faculty_max_hold": 5, "student_max_hold": 5, "public_max_hold": 3, "fines_per_day_per_book": 1, "maximum_fine_multiplier": "1.50", "overdue_cost": "2.50", "max_number_of_overdue": 3, "overdue_period": 50, "head_librarian": null}}, {"model": "lms.books", "pk": 1, "fields": {"title": "The Silent Patient", "place_of_publication": "America", "year_of_publication": "1990", "total_pages": 120, "edition": "2022", "volume": "1st", "series": "1st", "note": "", "remark": "", "keywords": "", "language": "English", "image": "", "price": "123.00", "category": 1, "subject": "", "class_no": "123", "publication": null, "library": 1, "call_no": "123 JOS-s 2022 1st", "total_quantity": 30, "general_quantity": 20, "reference_quantity": 10, "qr_code": "", "created_at": "2022-04-07T11:24:01.947Z", "updated_at": "2022-04-07T11:24:02.848Z", "type": "Book", "isbn": 1234, "media_type": "", "issn": null, "author": []}}, {"model": "lms.books", "pk": 2, "fields": {"title": "fssd", "place_of_publication": "America", "year_of_publication": "2022-03-30", "total_pages": 200, "edition": "sdfsd", "volume": "1st", "series": "", "note": "", "remark": "", "keywords": "", "language": "English", "image": "", "price": "198.00", "category": 2, "subject": "", "class_no": "43234", "publication": 1, "library": 1, "call_no": "43234 DSF-d sdfsd 1st", "total_quantity": 3, "general_quantity": 2, "reference_quantity": 1, "qr_code": "", "created_at": "2022-04-10T08:35:03.267Z", "updated_at": "2022-04-10T08:35:03.516Z", "type": "Book", "isbn": null, "media_type": "Book", "issn": 21242, "author": [1]}}, {"model": "lms.libraryprofile", "pk": 1, "fields": {"user_type": "Student", "member": null, "library": 1, "membership_status": "Active", "first_name": "ujjwal", "middle_name": "member", "last_name": "joshi", "status": "pending", "user_photo": "", "permanent_address": "baniyatar kathmandu", "temporary_address": "baniyatar", "country": "Nepal", "city": "kathmandu", "telephone_no": "9843284343", "mobile_no": "9843284343", "email": "joshi.ujjwal65@gmail.com", "gender": "Male", "occupation": "developer", "birth_of_date": "2022-04-09", "subject": "", "academic_year": "", "faculty": "", "roll_no": "", "library_card_no": "", "membership_started_at": "2022-04-07T11:38:31.582Z", "membership_ended_at": "2023-04-07T11:38:31.582Z", "qr_code": "books/library_profile_qr_image/joshi.ujjwal65gmail.com-qr_cXHPghQ.png", "created_at": "2022-04-07T11:38:31.582Z", "approved_by": null, "approved_at": null, "rejected_by": null, "rejected_at": null, "remarks": "", "rejected_remarks": null, "overdue_count": 0, "borrowed_books": 2, "hold_books": 0, "remainingfine": 3}}, {"model": "lms.uniquebook", "pk": 1, "fields": {"book": 1, "accession_no": "000001000000001", "qr_code": "books/book_qr_image/000001000000001-qr.png", "book_status": "Idle", "section": "General", "created_at": "2022-04-07T11:24:01.963Z", "book_hold_by": null, "book_borrow_by": null, "expirydate": null}}, {"model": "lms.uniquebook", "pk": 2, "fields": {"book": 1, "accession_no": "000001000000002", "qr_code": "books/book_qr_image/000001000000002-qr.png", "book_status": "Idle", "section": "General", "created_at": "2022-04-07T11:24:02.033Z", "book_hold_by": null, "book_borrow_by": null, "expirydate": null}}, {"model": "lms.uniquebook", "pk": 3, "fields": {"book": 1, "accession_no": "000001000000003", "qr_code": "books/book_qr_image/000001000000003-qr.png", "book_status": "Idle", "section": "General", "created_at": "2022-04-07T11:24:02.061Z", "book_hold_by": null, "book_borrow_by": null, "expirydate": null}}, {"model": "lms.uniquebook", "pk": 4, "fields": {"book": 1, "accession_no": "000001000000004", "qr_code": "books/book_qr_image/000001000000004-qr.png", "book_status": "Idle", "section": "General", "created_at": "2022-04-07T11:24:02.088Z", "book_hold_by": null, "book_borrow_by": null, "expirydate": null}}, {"model": "lms.uniquebook", "pk": 5, "fields": {"book": 1, "accession_no": "000001000000005", "qr_code": "books/book_qr_image/000001000000005-qr.png", "book_status": "Borrowed", "section": "General", "created_at": "2022-04-07T11:24:02.114Z", "book_hold_by": null, "book_borrow_by": 1, "expirydate": "2022-04-05T03:10:00Z"}}, {"model": "lms.uniquebook", "pk": 6, "fields": {"book": 1, "accession_no": "000001000000006", "qr_code": "books/book_qr_image/000001000000006-qr.png", "book_status": "Idle", "section": "General", "created_at": "2022-04-07T11:24:02.141Z", "book_hold_by": null, "book_borrow_by": null, "expirydate": null}}, {"model": "lms.uniquebook", "pk": 7, "fields": {"book": 1, "accession_no": "000001000000007", "qr_code": "books/book_qr_image/000001000000007-qr.png", "book_status": "Idle", "section": "General", "created_at": "2022-04-07T11:24:02.170Z", "book_hold_by": null, "book_borrow_by": null, "expirydate": null}}, {"model": "lms.uniquebook", "pk": 8, "fields": {"book": 1, "accession_no": "000001000000008", "qr_code": "books/book_qr_image/000001000000008-qr.png", "book_status": "Idle", "section": "General", "created_at": "2022-04-07T11:24:02.197Z", "book_hold_by": null, "book_borrow_by": null, "expirydate": null}}, {"model": "lms.uniquebook", "pk": 9, "fields": {"book": 1, "accession_no": "000001000000009", "qr_code": "books/book_qr_image/000001000000009-qr.png", "book_status": "Idle", "section": "General", "created_at": "2022-04-07T11:24:02.225Z", "book_hold_by": null, "book_borrow_by": null, "expirydate": null}}, {"model": "lms.uniquebook", "pk": 10, "fields": {"book": 1, "accession_no": "000001000000010", "qr_code": "books/book_qr_image/000001000000010-qr.png", "book_status": "Idle", "section": "General", "created_at": "2022-04-07T11:24:02.251Z", "book_hold_by": null, "book_borrow_by": null, "expirydate": null}}, {"model": "lms.uniquebook", "pk": 11, "fields": {"book": 1, "accession_no": "000001000000011", "qr_code": "books/book_qr_image/000001000000011-qr.png", "book_status": "Idle", "section": "General", "created_at": "2022-04-07T11:24:02.281Z", "book_hold_by": null, "book_borrow_by": null, "expirydate": null}}, {"model": "lms.uniquebook", "pk": 12, "fields": {"book": 1, "accession_no": "000001000000012", "qr_code": "books/book_qr_image/000001000000012-qr.png", "book_status": "Idle", "section": "General", "created_at": "2022-04-07T11:24:02.308Z", "book_hold_by": null, "book_borrow_by": null, "expirydate": null}}, {"model": "lms.uniquebook", "pk": 13, "fields": {"book": 1, "accession_no": "000001000000013", "qr_code": "books/book_qr_image/000001000000013-qr.png", "book_status": "Idle", "section": "General", "created_at": "2022-04-07T11:24:02.335Z", "book_hold_by": null, "book_borrow_by": null, "expirydate": null}}, {"model": "lms.uniquebook", "pk": 14, "fields": {"book": 1, "accession_no": "000001000000014", "qr_code": "books/book_qr_image/000001000000014-qr.png", "book_status": "Idle", "section": "General", "created_at": "2022-04-07T11:24:02.363Z", "book_hold_by": null, "book_borrow_by": null, "expirydate": null}}, {"model": "lms.uniquebook", "pk": 15, "fields": {"book": 1, "accession_no": "000001000000015", "qr_code": "books/book_qr_image/000001000000015-qr.png", "book_status": "Idle", "section": "General", "created_at": "2022-04-07T11:24:02.394Z", "book_hold_by": null, "book_borrow_by": null, "expirydate": null}}, {"model": "lms.uniquebook", "pk": 16, "fields": {"book": 1, "accession_no": "000001000000016", "qr_code": "books/book_qr_image/000001000000016-qr.png", "book_status": "Idle", "section": "General", "created_at": "2022-04-07T11:24:02.422Z", "book_hold_by": null, "book_borrow_by": null, "expirydate": null}}, {"model": "lms.uniquebook", "pk": 17, "fields": {"book": 1, "accession_no": "000001000000017", "qr_code": "books/book_qr_image/000001000000017-qr.png", "book_status": "Idle", "section": "General", "created_at": "2022-04-07T11:24:02.451Z", "book_hold_by": null, "book_borrow_by": null, "expirydate": null}}, {"model": "lms.uniquebook", "pk": 18, "fields": {"book": 1, "accession_no": "000001000000018", "qr_code": "books/book_qr_image/000001000000018-qr.png", "book_status": "Idle", "section": "General", "created_at": "2022-04-07T11:24:02.479Z", "book_hold_by": null, "book_borrow_by": null, "expirydate": null}}, {"model": "lms.uniquebook", "pk": 19, "fields": {"book": 1, "accession_no": "000001000000019", "qr_code": "books/book_qr_image/000001000000019-qr.png", "book_status": "Idle", "section": "General", "created_at": "2022-04-07T11:24:02.507Z", "book_hold_by": null, "book_borrow_by": null, "expirydate": null}}, {"model": "lms.uniquebook", "pk": 20, "fields": {"book": 1, "accession_no": "000001000000020", "qr_code": "books/book_qr_image/000001000000020-qr.png", "book_status": "Idle", "section": "General", "created_at": "2022-04-07T11:24:02.536Z", "book_hold_by": null, "book_borrow_by": null, "expirydate": null}}, {"model": "lms.uniquebook", "pk": 21, "fields": {"book": 1, "accession_no": "000001000000021", "qr_code": "books/book_qr_image/000001000000021-qr.png", "book_status": "Idle", "section": "Reference", "created_at": "2022-04-07T11:24:02.565Z", "book_hold_by": null, "book_borrow_by": null, "expirydate": null}}, {"model": "lms.uniquebook", "pk": 22, "fields": {"book": 1, "accession_no": "000001000000022", "qr_code": "books/book_qr_image/000001000000022-qr.png", "book_status": "Idle", "section": "Reference", "created_at": "2022-04-07T11:24:02.595Z", "book_hold_by": null, "book_borrow_by": null, "expirydate": null}}, {"model": "lms.uniquebook", "pk": 23, "fields": {"book": 1, "accession_no": "000001000000023", "qr_code": "books/book_qr_image/000001000000023-qr.png", "book_status": "Idle", "section": "Reference", "created_at": "2022-04-07T11:24:02.622Z", "book_hold_by": null, "book_borrow_by": null, "expirydate": null}}, {"model": "lms.uniquebook", "pk": 24, "fields": {"book": 1, "accession_no": "000001000000024", "qr_code": "books/book_qr_image/000001000000024-qr.png", "book_status": "Idle", "section": "Reference", "created_at": "2022-04-07T11:24:02.650Z", "book_hold_by": null, "book_borrow_by": null, "expirydate": null}}, {"model": "lms.uniquebook", "pk": 25, "fields": {"book": 1, "accession_no": "000001000000025", "qr_code": "books/book_qr_image/000001000000025-qr.png", "book_status": "Idle", "section": "Reference", "created_at": "2022-04-07T11:24:02.677Z", "book_hold_by": null, "book_borrow_by": null, "expirydate": null}}, {"model": "lms.uniquebook", "pk": 26, "fields": {"book": 1, "accession_no": "000001000000026", "qr_code": "books/book_qr_image/000001000000026-qr.png", "book_status": "Idle", "section": "Reference", "created_at": "2022-04-07T11:24:02.705Z", "book_hold_by": null, "book_borrow_by": null, "expirydate": null}}, {"model": "lms.uniquebook", "pk": 27, "fields": {"book": 1, "accession_no": "000001000000027", "qr_code": "books/book_qr_image/000001000000027-qr.png", "book_status": "Idle", "section": "Reference", "created_at": "2022-04-07T11:24:02.734Z", "book_hold_by": null, "book_borrow_by": null, "expirydate": null}}, {"model": "lms.uniquebook", "pk": 28, "fields": {"book": 1, "accession_no": "000001000000028", "qr_code": "books/book_qr_image/000001000000028-qr.png", "book_status": "Idle", "section": "Reference", "created_at": "2022-04-07T11:24:02.763Z", "book_hold_by": null, "book_borrow_by": null, "expirydate": null}}, {"model": "lms.uniquebook", "pk": 29, "fields": {"book": 1, "accession_no": "000001000000029", "qr_code": "books/book_qr_image/000001000000029-qr.png", "book_status": "Idle", "section": "Reference", "created_at": "2022-04-07T11:24:02.791Z", "book_hold_by": null, "book_borrow_by": null, "expirydate": null}}, {"model": "lms.uniquebook", "pk": 30, "fields": {"book": 1, "accession_no": "000001000000030", "qr_code": "books/book_qr_image/000001000000030-qr.png", "book_status": "Idle", "section": "Reference", "created_at": "2022-04-07T11:24:02.821Z", "book_hold_by": null, "book_borrow_by": null, "expirydate": null}}, {"model": "lms.uniquebook", "pk": 31, "fields": {"book": 2, "accession_no": "000002000000001", "qr_code": "books/book_qr_image/000002000000001-qr_jHRvSxo.png", "book_status": "Idle", "section": "General", "created_at": "2022-04-10T08:35:03.337Z", "book_hold_by": null, "book_borrow_by": null, "expirydate": null}}, {"model": "lms.uniquebook", "pk": 32, "fields": {"book": 2, "accession_no": "000002000000002", "qr_code": "books/book_qr_image/000002000000002-qr_sXqK0zC.png", "book_status": "Idle", "section": "General", "created_at": "2022-04-10T08:35:03.430Z", "book_hold_by": null, "book_borrow_by": null, "expirydate": null}}, {"model": "lms.uniquebook", "pk": 33, "fields": {"book": 2, "accession_no": "000002000000003", "qr_code": "books/book_qr_image/000002000000003-qr_ghfCM3R.png", "book_status": "Idle", "section": "Reference", "created_at": "2022-04-10T08:35:03.477Z", "book_hold_by": null, "book_borrow_by": null, "expirydate": null}}, {"model": "lms.bookloan", "pk": 3, "fields": {"member": 1, "issue_date": "2022-04-07T17:03:33.111Z", "expirydate": "2022-04-14T17:03:33.045Z", "book": [1, 2]}}, {"model": "lms.bookloan", "pk": 4, "fields": {"member": 1, "issue_date": "2022-04-07T17:07:58.615Z", "expirydate": "2022-04-14T17:07:58.615Z", "book": [1, 2]}}, {"model": "lms.bookloan", "pk": 5, "fields": {"member": 1, "issue_date": "2022-04-07T17:12:01.925Z", "expirydate": "2022-04-14T17:12:01.925Z", "book": [1, 2]}}, {"model": "lms.bookloan", "pk": 6, "fields": {"member": 1, "issue_date": "2022-04-07T17:14:44.697Z", "expirydate": "2022-04-14T17:14:44.697Z", "book": [1, 2]}}, {"model": "lms.bookloan", "pk": 7, "fields": {"member": 1, "issue_date": "2022-04-08T03:10:53.211Z", "expirydate": "2022-04-05T03:10:00Z", "book": [4, 5]}}, {"model": "lms.bookloan", "pk": 8, "fields": {"member": 1, "issue_date": "2022-04-08T03:36:31.965Z", "expirydate": "2019-07-08T03:36:00Z", "book": [2]}}, {"model": "lms.bookreturn", "pk": 1, "fields": {"member": 1, "book": 1, "return_date": "2022-04-08T09:26:53.210Z"}}, {"model": "lms.bookreturn", "pk": 2, "fields": {"member": 1, "book": 2, "return_date": "2022-04-08T09:27:10.584Z"}}, {"model": "lms.bookreturn", "pk": 3, "fields": {"member": 1, "book": 4, "return_date": "2022-04-08T09:28:08.832Z"}}, {"model": "lms.schedular", "pk": 1, "fields": {"book": 4, "sch_type": "Predue", "task_id": "3057057a-b3c4-4952-b85c-38a8bed95c82"}}, {"model": "lms.schedular", "pk": 2, "fields": {"book": 4, "sch_type": "Predue", "task_id": "f844b7ed-535e-44f5-9930-2ef304b00cb6"}}, {"model": "lms.schedular", "pk": 3, "fields": {"book": 4, "sch_type": "Predue", "task_id": "766beb9e-7f5c-4c55-a2ef-1fba482ec846"}}, {"model": "lms.schedular", "pk": 4, "fields": {"book": 4, "sch_type": "Predue", "task_id": "c5f70e06-8d75-4bb8-a597-d8b948b06d21"}}, {"model": "lms.schedular", "pk": 5, "fields": {"book": 1, "sch_type": "Predue", "task_id": "6aaff81e-ef59-4b31-923b-c4c120c54d46"}}, {"model": "lms.schedular", "pk": 6, "fields": {"book": 1, "sch_type": "Predue", "task_id": "153036d6-0e6c-4bd4-a657-e719a080829f"}}, {"model": "lms.schedular", "pk": 7, "fields": {"book": 1, "sch_type": "Predue", "task_id": "c8025355-ac2d-4292-a856-f5954d36eac3"}}, {"model": "lms.schedular", "pk": 8, "fields": {"book": 1, "sch_type": "Predue", "task_id": "3580a462-d583-4542-85fd-415503db57f2"}}, {"model": "lms.schedular", "pk": 9, "fields": {"book": 1, "sch_type": "Predue", "task_id": "d6884fa6-ee49-402a-ac01-9c5aa55d06d6"}}, {"model": "lms.schedular", "pk": 10, "fields": {"book": 1, "sch_type": "Predue", "task_id": "64b002ed-0e54-4cbd-95e0-6f371bdf1e19"}}, {"model": "lms.schedular", "pk": 11, "fields": {"book": 1, "sch_type": "Predue", "task_id": "b85f71b6-6500-4854-8344-d77e29e713ea"}}, {"model": "lms.schedular", "pk": 12, "fields": {"book": 1, "sch_type": "Predue", "task_id": "12ea65fc-75e0-4115-8e70-3f41f2c57c01"}}, {"model": "lms.schedular", "pk": 13, "fields": {"book": 1, "sch_type": "Predue", "task_id": "742b8bf1-3086-441b-8267-7c4bb58314e9"}}, {"model": "lms.schedular", "pk": 14, "fields": {"book": 1, "sch_type": "Predue", "task_id": "5397df90-ee97-4549-9805-235ac6b04b1a"}}, {"model": "lms.schedular", "pk": 15, "fields": {"book": 1, "sch_type": "Predue", "task_id": "4aaa66dd-7b91-4658-ba9d-99969552148c"}}, {"model": "lms.schedular", "pk": 16, "fields": {"book": 1, "sch_type": "Predue", "task_id": "af1f0877-77e8-425d-8399-f33665455305"}}, {"model": "lms.schedular", "pk": 17, "fields": {"book": 1, "sch_type": "Predue", "task_id": "f41b37cf-b4d3-4ac5-a255-58a6a0d0b7f7"}}, {"model": "lms.schedular", "pk": 18, "fields": {"book": 1, "sch_type": "Predue", "task_id": "1b28d482-e763-408d-af91-2b29d4d046ad"}}, {"model": "lms.schedular", "pk": 19, "fields": {"book": 1, "sch_type": "Predue", "task_id": "8fcbb5ed-a0f4-49f6-80dd-f47ae26bda63"}}, {"model": "lms.schedular", "pk": 20, "fields": {"book": 1, "sch_type": "Predue", "task_id": "b786cf72-0e69-4166-85c6-704a632e5282"}}, {"model": "lms.schedular", "pk": 21, "fields": {"book": 1, "sch_type": "Predue", "task_id": "c213a24b-2e10-462f-a71d-40c6536835b8"}}, {"model": "lms.schedular", "pk": 22, "fields": {"book": 1, "sch_type": "Predue", "task_id": "8042f89c-1632-4e4d-87fe-154b7ba389ab"}}, {"model": "lms.schedular", "pk": 23, "fields": {"book": 1, "sch_type": "Predue", "task_id": "eeec05b1-2869-46f0-be94-ba5f7cef1b5a"}}, {"model": "lms.schedular", "pk": 24, "fields": {"book": 1, "sch_type": "Predue", "task_id": "3b381f6f-a825-46ff-bbcc-644c47bb95e6"}}, {"model": "lms.schedular", "pk": 25, "fields": {"book": 1, "sch_type": "Predue", "task_id": "5747da35-97bc-4227-b778-9a084dd89a60"}}, {"model": "lms.schedular", "pk": 26, "fields": {"book": 1, "sch_type": "Predue", "task_id": "0bbbe474-6c34-4350-9a6a-818eea33052c"}}, {"model": "logs.userlog", "pk": 1, "fields": {"object_id": "1", "app_name": "lms", "model_name": "publication", "action": 1, "object_instance": "[{\"model\": \"lms.publication\", \"pk\": 1, \"fields\": {\"name\": \"dsfds\", \"location\": \"dsfgsd\", \"introduction\": \"dfgdf\", \"photo\": \"\"}}]", "user": 1, "ip": "127.0.0.1", "location": null, "user_agent": "Chrome 100.0.4896", "device": "PC Windows10", "created_at": "2022-04-10T08:21:46.212Z"}}, {"model": "logs.userlog", "pk": 2, "fields": {"object_id": "2", "app_name": "lms", "model_name": "books", "action": 2, "object_instance": "[{\"model\": \"lms.books\", \"pk\": 2, \"fields\": {\"title\": \"fssd\", \"place_of_publication\": \"America\", \"year_of_publication\": \"2022-03-30\", \"total_pages\": 200, \"edition\": \"sdfsd\", \"volume\": \"1st\", \"series\": \"\", \"note\": \"\", \"remark\": \"\", \"keywords\": \"\", \"language\": \"English\", \"image\": \"\", \"price\": \"198.00\", \"category\": 2, \"subject\": \"\", \"class_no\": \"43234\", \"publication\": 1, \"library\": 1, \"call_no\": \"43234 DSF-d sdfsd 1st\", \"total_quantity\": 0, \"general_quantity\": 2, \"reference_quantity\": 1, \"qr_code\": \"\", \"created_at\": \"2022-04-10T08:35:03.267Z\", \"updated_at\": \"2022-04-10T08:35:03.284Z\", \"type\": \"Book\", \"isbn\": null, \"media_type\": \"Book\", \"issn\": 21242, \"author\": []}}]", "user": 1, "ip": "127.0.0.1", "location": null, "user_agent": "Chrome Mobile 100.0.4896", "device": "Nexus5 Android6.0", "created_at": "2022-04-10T08:35:03.301Z"}}, {"model": "logs.userlog", "pk": 3, "fields": {"object_id": "2", "app_name": "lms", "model_name": "books", "action": 1, "object_instance": "[{\"model\": \"lms.books\", \"pk\": 2, \"fields\": {\"title\": \"fssd\", \"place_of_publication\": \"America\", \"year_of_publication\": \"2022-03-30\", \"total_pages\": 200, \"edition\": \"sdfsd\", \"volume\": \"1st\", \"series\": \"\", \"note\": \"\", \"remark\": \"\", \"keywords\": \"\", \"language\": \"English\", \"image\": \"\", \"price\": \"198.00\", \"category\": 2, \"subject\": \"\", \"class_no\": \"43234\", \"publication\": 1, \"library\": 1, \"call_no\": \"43234 DSF-d sdfsd 1st\", \"total_quantity\": 0, \"general_quantity\": 2, \"reference_quantity\": 1, \"qr_code\": \"\", \"created_at\": \"2022-04-10T08:35:03.267Z\", \"updated_at\": \"2022-04-10T08:35:03.284Z\", \"type\": \"Book\", \"isbn\": null, \"media_type\": \"Book\", \"issn\": 21242, \"author\": []}}]", "user": 1, "ip": "127.0.0.1", "location": null, "user_agent": "Chrome Mobile 100.0.4896", "device": "Nexus5 Android6.0", "created_at": "2022-04-10T08:35:03.314Z"}}, {"model": "logs.userlog", "pk": 4, "fields": {"object_id": "31", "app_name": "lms", "model_name": "uniquebook", "action": 1, "object_instance": "[{\"model\": \"lms.uniquebook\", \"pk\": 31, \"fields\": {\"book\": 2, \"accession_no\": \"000002000000001\", \"qr_code\": \"\", \"book_status\": \"Idle\", \"section\": \"General\", \"created_at\": \"2022-04-10T08:35:03.337Z\", \"book_hold_by\": null, \"book_borrow_by\": null, \"expirydate\": null}}]", "user": 1, "ip": "127.0.0.1", "location": null, "user_agent": "Chrome Mobile 100.0.4896", "device": "Nexus5 Android6.0", "created_at": "2022-04-10T08:35:03.345Z"}}, {"model": "logs.userlog", "pk": 5, "fields": {"object_id": "31", "app_name": "lms", "model_name": "uniquebook", "action": 2, "object_instance": "[{\"model\": \"lms.uniquebook\", \"pk\": 31, \"fields\": {\"book\": 2, \"accession_no\": \"000002000000001\", \"qr_code\": \"books/book_qr_image/000002000000001-qr_jHRvSxo.png\", \"book_status\": \"Idle\", \"section\": \"General\", \"created_at\": \"2022-04-10T08:35:03.337Z\", \"book_hold_by\": null, \"book_borrow_by\": null, \"expirydate\": null}}]", "user": 1, "ip": "127.0.0.1", "location": null, "user_agent": "Chrome Mobile 100.0.4896", "device": "Nexus5 Android6.0", "created_at": "2022-04-10T08:35:03.419Z"}}, {"model": "logs.userlog", "pk": 6, "fields": {"object_id": "32", "app_name": "lms", "model_name": "uniquebook", "action": 1, "object_instance": "[{\"model\": \"lms.uniquebook\", \"pk\": 32, \"fields\": {\"book\": 2, \"accession_no\": \"000002000000002\", \"qr_code\": \"\", \"book_status\": \"Idle\", \"section\": \"General\", \"created_at\": \"2022-04-10T08:35:03.430Z\", \"book_hold_by\": null, \"book_borrow_by\": null, \"expirydate\": null}}]", "user": 1, "ip": "127.0.0.1", "location": null, "user_agent": "Chrome Mobile 100.0.4896", "device": "Nexus5 Android6.0", "created_at": "2022-04-10T08:35:03.438Z"}}, {"model": "logs.userlog", "pk": 7, "fields": {"object_id": "32", "app_name": "lms", "model_name": "uniquebook", "action": 2, "object_instance": "[{\"model\": \"lms.uniquebook\", \"pk\": 32, \"fields\": {\"book\": 2, \"accession_no\": \"000002000000002\", \"qr_code\": \"books/book_qr_image/000002000000002-qr_sXqK0zC.png\", \"book_status\": \"Idle\", \"section\": \"General\", \"created_at\": \"2022-04-10T08:35:03.430Z\", \"book_hold_by\": null, \"book_borrow_by\": null, \"expirydate\": null}}]", "user": 1, "ip": "127.0.0.1", "location": null, "user_agent": "Chrome Mobile 100.0.4896", "device": "Nexus5 Android6.0", "created_at": "2022-04-10T08:35:03.470Z"}}, {"model": "logs.userlog", "pk": 8, "fields": {"object_id": "33", "app_name": "lms", "model_name": "uniquebook", "action": 1, "object_instance": "[{\"model\": \"lms.uniquebook\", \"pk\": 33, \"fields\": {\"book\": 2, \"accession_no\": \"000002000000003\", \"qr_code\": \"\", \"book_status\": \"Idle\", \"section\": \"Reference\", \"created_at\": \"2022-04-10T08:35:03.477Z\", \"book_hold_by\": null, \"book_borrow_by\": null, \"expirydate\": null}}]", "user": 1, "ip": "127.0.0.1", "location": null, "user_agent": "Chrome Mobile 100.0.4896", "device": "Nexus5 Android6.0", "created_at": "2022-04-10T08:35:03.481Z"}}, {"model": "logs.userlog", "pk": 9, "fields": {"object_id": "33", "app_name": "lms", "model_name": "uniquebook", "action": 2, "object_instance": "[{\"model\": \"lms.uniquebook\", \"pk\": 33, \"fields\": {\"book\": 2, \"accession_no\": \"000002000000003\", \"qr_code\": \"books/book_qr_image/000002000000003-qr_ghfCM3R.png\", \"book_status\": \"Idle\", \"section\": \"Reference\", \"created_at\": \"2022-04-10T08:35:03.477Z\", \"book_hold_by\": null, \"book_borrow_by\": null, \"expirydate\": null}}]", "user": 1, "ip": "127.0.0.1", "location": null, "user_agent": "Chrome Mobile 100.0.4896", "device": "Nexus5 Android6.0", "created_at": "2022-04-10T08:35:03.509Z"}}, {"model": "logs.userlog", "pk": 10, "fields": {"object_id": "2", "app_name": "lms", "model_name": "books", "action": 2, "object_instance": "[{\"model\": \"lms.books\", \"pk\": 2, \"fields\": {\"title\": \"fssd\", \"place_of_publication\": \"America\", \"year_of_publication\": \"2022-03-30\", \"total_pages\": 200, \"edition\": \"sdfsd\", \"volume\": \"1st\", \"series\": \"\", \"note\": \"\", \"remark\": \"\", \"keywords\": \"\", \"language\": \"English\", \"image\": \"\", \"price\": \"198.00\", \"category\": 2, \"subject\": \"\", \"class_no\": \"43234\", \"publication\": 1, \"library\": 1, \"call_no\": \"43234 DSF-d sdfsd 1st\", \"total_quantity\": 3, \"general_quantity\": 2, \"reference_quantity\": 1, \"qr_code\": \"\", \"created_at\": \"2022-04-10T08:35:03.267Z\", \"updated_at\": \"2022-04-10T08:35:03.516Z\", \"type\": \"Book\", \"isbn\": null, \"media_type\": \"Book\", \"issn\": 21242, \"author\": [1]}}]", "user": 1, "ip": "127.0.0.1", "location": null, "user_agent": "Chrome Mobile 100.0.4896", "device": "Nexus5 Android6.0", "created_at": "2022-04-10T08:35:03.523Z"}}, {"model": "logs.userlog", "pk": 11, "fields": {"object_id": "2", "app_name": "lms", "model_name": "author", "action": 1, "object_instance": "[{\"model\": \"lms.author\", \"pk\": 2, \"fields\": {\"firstname\": \"ujjwal\", \"middlename\": \"dsfs\", \"lastname\": \"joshi\", \"nationality\": \"sdgs\", \"introduction\": \"\", \"photo\": \"\"}}]", "user": 1, "ip": "127.0.0.1", "location": null, "user_agent": "Chrome 100.0.4896", "device": "PC Windows10", "created_at": "2022-04-10T08:35:38.749Z"}}, {"model": "logs.userlog", "pk": 12, "fields": {"object_id": "2", "app_name": "lms", "model_name": "author", "action": 1, "object_instance": "[{\"model\": \"lms.author\", \"pk\": 2, \"fields\": {\"firstname\": \"ujjwal\", \"middlename\": \"dsfs\", \"lastname\": \"joshi\", \"nationality\": \"sdgs\", \"introduction\": \"\", \"photo\": \"\"}}]", "user": 1, "ip": "127.0.0.1", "location": null, "user_agent": "Chrome 100.0.4896", "device": "PC Windows10", "created_at": "2022-04-10T08:35:38.755Z"}}, {"model": "authtoken.token", "pk": "47b59ad5f415e0c58e3f1fc63d71ee349bd250cb", "fields": {"user": 1, "created": "2022-04-10T08:21:09.724Z"}}, {"model": "django_dramatiq.task", "pk": "0aeec2d2-047a-4290-b5a5-efd0ea8c6618", "fields": {"status": "delayed", "created_at": "2022-04-07T17:03:35.244Z", "updated_at": "2022-04-07T17:03:35.244Z", "message_data": "eyJxdWV1ZV9uYW1lIjoiZGVmYXVsdC5EUSIsImFjdG9yX25hbWUiOiJlbWFpbF9tZW1iZXJfcHJlZHVlIiwiYXJncyI6WyJqIiwibyIsInMiLCJoIiwiaSIsIi4iLCJ1IiwiaiIsImoiLCJ3IiwiYSIsImwiLCI2IiwiNSIsIkAiLCJnIiwibSIsImEiLCJpIiwibCIsIi4iLCJjIiwibyIsIm0iXSwia3dhcmdzIjp7fSwib3B0aW9ucyI6eyJyZWRpc19tZXNzYWdlX2lkIjoiZDY4ODRmYTYtZWU0OS00MDJhLWFjMDEtOWM1YWE1NWQwNmQ2IiwiZXRhIjoxNjQ5ODkwMTEzMDQ0LjMwMn0sIm1lc3NhZ2VfaWQiOiIwYWVlYzJkMi0wNDdhLTQyOTAtYjVhNS1lZmQwZWE4YzY2MTgiLCJtZXNzYWdlX3RpbWVzdGFtcCI6MTY0OTM1MTAxNTI0NH0=", "actor_name": "email_member_predue", "queue_name": "default.DQ"}}, {"model": "django_dramatiq.task", "pk": "11bc96e2-5653-4818-9d9e-9a690e364015", "fields": {"status": "delayed", "created_at": "2022-04-07T17:14:44.809Z", "updated_at": "2022-04-07T17:14:44.809Z", "message_data": "eyJxdWV1ZV9uYW1lIjoiZGVmYXVsdC5EUSIsImFjdG9yX25hbWUiOiJlbWFpbF9tZW1iZXJfcHJlZHVlIiwiYXJncyI6WyJqIiwibyIsInMiLCJoIiwiaSIsIi4iLCJ1IiwiaiIsImoiLCJ3IiwiYSIsImwiLCI2IiwiNSIsIkAiLCJnIiwibSIsImEiLCJpIiwibCIsIi4iLCJjIiwibyIsIm0iXSwia3dhcmdzIjp7fSwib3B0aW9ucyI6eyJyZWRpc19tZXNzYWdlX2lkIjoiYzIxM2EyNGItMmUxMC00NjJmLWE3MWQtNDBjNjUzNjgzNWI4IiwiZXRhIjoxNjQ5ODkwNzg0NzA1LjAxMn0sIm1lc3NhZ2VfaWQiOiIxMWJjOTZlMi01NjUzLTQ4MTgtOWQ5ZS05YTY5MGUzNjQwMTUiLCJtZXNzYWdlX3RpbWVzdGFtcCI6MTY0OTM1MTY4NDc1M30=", "actor_name": "email_member_predue", "queue_name": "default.DQ"}}, {"model": "django_dramatiq.task", "pk": "245fee34-0b23-4fcb-bc65-c0ed633b8e8e", "fields": {"status": "delayed", "created_at": "2022-04-07T17:03:34.996Z", "updated_at": "2022-04-07T17:03:34.996Z", "message_data": "eyJxdWV1ZV9uYW1lIjoiZGVmYXVsdC5EUSIsImFjdG9yX25hbWUiOiJlbWFpbF9tZW1iZXJfcHJlZHVlIiwiYXJncyI6WyJqIiwibyIsInMiLCJoIiwiaSIsIi4iLCJ1IiwiaiIsImoiLCJ3IiwiYSIsImwiLCI2IiwiNSIsIkAiLCJnIiwibSIsImEiLCJpIiwibCIsIi4iLCJjIiwibyIsIm0iXSwia3dhcmdzIjp7fSwib3B0aW9ucyI6eyJyZWRpc19tZXNzYWdlX2lkIjoiYzgwMjUzNTUtYWMyZC00MjkyLWE4NTYtZjU5NTRkMzZlYWMzIiwiZXRhIjoxNjQ5ODkwMTEzMDUyLjMzN30sIm1lc3NhZ2VfaWQiOiIyNDVmZWUzNC0wYjIzLTRmY2ItYmM2NS1jMGVkNjMzYjhlOGUiLCJtZXNzYWdlX3RpbWVzdGFtcCI6MTY0OTM1MTAxNDkyNH0=", "actor_name": "email_member_predue", "queue_name": "default.DQ"}}, {"model": "django_dramatiq.task", "pk": "26de9e56-77d7-4590-ad33-098bdadd064b", "fields": {"status": "delayed", "created_at": "2022-04-07T17:12:02.181Z", "updated_at": "2022-04-07T17:12:02.181Z", "message_data": "eyJxdWV1ZV9uYW1lIjoiZGVmYXVsdC5EUSIsImFjdG9yX25hbWUiOiJlbWFpbF9tZW1iZXJfcHJlZHVlIiwiYXJncyI6WyJqIiwibyIsInMiLCJoIiwiaSIsIi4iLCJ1IiwiaiIsImoiLCJ3IiwiYSIsImwiLCI2IiwiNSIsIkAiLCJnIiwibSIsImEiLCJpIiwibCIsIi4iLCJjIiwibyIsIm0iXSwia3dhcmdzIjp7fSwib3B0aW9ucyI6eyJyZWRpc19tZXNzYWdlX2lkIjoiYjc4NmNmNzItMGU2OS00MTY2LTg1YzYtNzA0YTYzMmU1MjgyIiwiZXRhIjoxNjQ5ODkwNjIxOTI0Ljk3Mn0sIm1lc3NhZ2VfaWQiOiIyNmRlOWU1Ni03N2Q3LTQ1OTAtYWQzMy0wOThiZGFkZDA2NGIiLCJtZXNzYWdlX3RpbWVzdGFtcCI6MTY0OTM1MTUyMjE4MX0=", "actor_name": "email_member_predue", "queue_name": "default.DQ"}}, {"model": "django_dramatiq.task", "pk": "2a17394d-4eda-4397-9cd7-b14c3020115a", "fields": {"status": "delayed", "created_at": "2022-04-07T17:12:02.165Z", "updated_at": "2022-04-07T17:12:02.165Z", "message_data": "eyJxdWV1ZV9uYW1lIjoiZGVmYXVsdC5EUSIsImFjdG9yX25hbWUiOiJlbWFpbF9tZW1iZXJfcHJlZHVlIiwiYXJncyI6WyJqIiwibyIsInMiLCJoIiwiaSIsIi4iLCJ1IiwiaiIsImoiLCJ3IiwiYSIsImwiLCI2IiwiNSIsIkAiLCJnIiwibSIsImEiLCJpIiwibCIsIi4iLCJjIiwibyIsIm0iXSwia3dhcmdzIjp7fSwib3B0aW9ucyI6eyJyZWRpc19tZXNzYWdlX2lkIjoiOGZjYmI1ZWQtYTBmNC00OWY2LTgwZGQtZjQ3YWUyNmJkYTYzIiwiZXRhIjoxNjQ5ODkwNjIxOTI0Ljk2Nn0sIm1lc3NhZ2VfaWQiOiIyYTE3Mzk0ZC00ZWRhLTQzOTctOWNkNy1iMTRjMzAyMDExNWEiLCJtZXNzYWdlX3RpbWVzdGFtcCI6MTY0OTM1MTUyMjE2NX0=", "actor_name": "email_member_predue", "queue_name": "default.DQ"}}, {"model": "django_dramatiq.task", "pk": "3b602990-528c-4abb-97b8-611e59c23ac1", "fields": {"status": "delayed", "created_at": "2022-04-07T17:14:44.953Z", "updated_at": "2022-04-07T17:14:44.953Z", "message_data": "eyJxdWV1ZV9uYW1lIjoiZGVmYXVsdC5EUSIsImFjdG9yX25hbWUiOiJlbWFpbF9tZW1iZXJfcHJlZHVlIiwiYXJncyI6WyJqIiwibyIsInMiLCJoIiwiaSIsIi4iLCJ1IiwiaiIsImoiLCJ3IiwiYSIsImwiLCI2IiwiNSIsIkAiLCJnIiwibSIsImEiLCJpIiwibCIsIi4iLCJjIiwibyIsIm0iXSwia3dhcmdzIjp7fSwib3B0aW9ucyI6eyJyZWRpc19tZXNzYWdlX2lkIjoiMGJiYmU0NzQtNmMzNC00MzUwLTlhNmEtODE4ZWVhMzMwNTJjIiwiZXRhIjoxNjQ5ODkwNzg0Njk2Ljk3M30sIm1lc3NhZ2VfaWQiOiIzYjYwMjk5MC01MjhjLTRhYmItOTdiOC02MTFlNTljMjNhYzEiLCJtZXNzYWdlX3RpbWVzdGFtcCI6MTY0OTM1MTY4NDk1M30=", "actor_name": "email_member_predue", "queue_name": "default.DQ"}}, {"model": "django_dramatiq.task", "pk": "4702deba-f53b-4f57-8f1c-792c12962f2b", "fields": {"status": "delayed", "created_at": "2022-04-07T17:03:35.836Z", "updated_at": "2022-04-07T17:03:35.836Z", "message_data": "eyJxdWV1ZV9uYW1lIjoiZGVmYXVsdC5EUSIsImFjdG9yX25hbWUiOiJlbWFpbF9tZW1iZXJfcHJlZHVlIiwiYXJncyI6WyJqIiwibyIsInMiLCJoIiwiaSIsIi4iLCJ1IiwiaiIsImoiLCJ3IiwiYSIsImwiLCI2IiwiNSIsIkAiLCJnIiwibSIsImEiLCJpIiwibCIsIi4iLCJjIiwibyIsIm0iXSwia3dhcmdzIjp7fSwib3B0aW9ucyI6eyJyZWRpc19tZXNzYWdlX2lkIjoiYjg1ZjcxYjYtNjUwMC00ODU0LTgzNDQtZDc3ZTI5ZTcxM2VhIiwiZXRhIjoxNjQ5ODkwMTEzMDQ0LjI0MX0sIm1lc3NhZ2VfaWQiOiI0NzAyZGViYS1mNTNiLTRmNTctOGYxYy03OTJjMTI5NjJmMmIiLCJtZXNzYWdlX3RpbWVzdGFtcCI6MTY0OTM1MTAxNTgyOH0=", "actor_name": "email_member_predue", "queue_name": "default.DQ"}}, {"model": "django_dramatiq.task", "pk": "4edc8a4f-4da2-4778-883e-90859ac7c09f", "fields": {"status": "delayed", "created_at": "2022-04-07T17:03:35.900Z", "updated_at": "2022-04-07T17:03:35.900Z", "message_data": "eyJxdWV1ZV9uYW1lIjoiZGVmYXVsdC5EUSIsImFjdG9yX25hbWUiOiJlbWFpbF9tZW1iZXJfcHJlZHVlIiwiYXJncyI6WyJqIiwibyIsInMiLCJoIiwiaSIsIi4iLCJ1IiwiaiIsImoiLCJ3IiwiYSIsImwiLCI2IiwiNSIsIkAiLCJnIiwibSIsImEiLCJpIiwibCIsIi4iLCJjIiwibyIsIm0iXSwia3dhcmdzIjp7fSwib3B0aW9ucyI6eyJyZWRpc19tZXNzYWdlX2lkIjoiMTJlYTY1ZmMtNzVlMC00MTE1LThlNzAtM2Y0MWYyYzU3YzAxIiwiZXRhIjoxNjQ5ODkwMTEzMDQ0LjIzNH0sIm1lc3NhZ2VfaWQiOiI0ZWRjOGE0Zi00ZGEyLTQ3NzgtODgzZS05MDg1OWFjN2MwOWYiLCJtZXNzYWdlX3RpbWVzdGFtcCI6MTY0OTM1MTAxNTg5Mn0=", "actor_name": "email_member_predue", "queue_name": "default.DQ"}}, {"model": "django_dramatiq.task", "pk": "5870b7ad-3226-4a9e-a4b8-60e587105041", "fields": {"status": "delayed", "created_at": "2022-04-07T17:03:35.652Z", "updated_at": "2022-04-07T17:03:35.652Z", "message_data": "eyJxdWV1ZV9uYW1lIjoiZGVmYXVsdC5EUSIsImFjdG9yX25hbWUiOiJlbWFpbF9tZW1iZXJfcHJlZHVlIiwiYXJncyI6WyJqIiwibyIsInMiLCJoIiwiaSIsIi4iLCJ1IiwiaiIsImoiLCJ3IiwiYSIsImwiLCI2IiwiNSIsIkAiLCJnIiwibSIsImEiLCJpIiwibCIsIi4iLCJjIiwibyIsIm0iXSwia3dhcmdzIjp7fSwib3B0aW9ucyI6eyJyZWRpc19tZXNzYWdlX2lkIjoiNjRiMDAyZWQtMGU1NC00Y2JkLTk1ZTAtNmYzNzFiZGYxZTE5IiwiZXRhIjoxNjQ5ODkwMTEzMDQ0LjI1OX0sIm1lc3NhZ2VfaWQiOiI1ODcwYjdhZC0zMjI2LTRhOWUtYTRiOC02MGU1ODcxMDUwNDEiLCJtZXNzYWdlX3RpbWVzdGFtcCI6MTY0OTM1MTAxNTY0NH0=", "actor_name": "email_member_predue", "queue_name": "default.DQ"}}, {"model": "django_dramatiq.task", "pk": "5a177b87-bdea-4dab-8bbc-33b7257a3b9b", "fields": {"status": "delayed", "created_at": "2022-04-07T17:14:44.881Z", "updated_at": "2022-04-07T17:14:44.881Z", "message_data": "eyJxdWV1ZV9uYW1lIjoiZGVmYXVsdC5EUSIsImFjdG9yX25hbWUiOiJlbWFpbF9tZW1iZXJfcHJlZHVlIiwiYXJncyI6WyJqIiwibyIsInMiLCJoIiwiaSIsIi4iLCJ1IiwiaiIsImoiLCJ3IiwiYSIsImwiLCI2IiwiNSIsIkAiLCJnIiwibSIsImEiLCJpIiwibCIsIi4iLCJjIiwibyIsIm0iXSwia3dhcmdzIjp7fSwib3B0aW9ucyI6eyJyZWRpc19tZXNzYWdlX2lkIjoiZWVlYzA1YjEtMjg2OS00NmYwLWJlOTQtYmE1ZjdjZWYxYjVhIiwiZXRhIjoxNjQ5ODkwNzg0NzA0Ljk4MX0sIm1lc3NhZ2VfaWQiOiI1YTE3N2I4Ny1iZGVhLTRkYWItOGJiYy0zM2I3MjU3YTNiOWIiLCJtZXNzYWdlX3RpbWVzdGFtcCI6MTY0OTM1MTY4NDg4MX0=", "actor_name": "email_member_predue", "queue_name": "default.DQ"}}, {"model": "django_dramatiq.task", "pk": "60b37e36-e42c-4fd1-ae62-26cf140008e5", "fields": {"status": "delayed", "created_at": "2022-04-07T12:19:39.844Z", "updated_at": "2022-04-07T12:19:39.844Z", "message_data": "eyJxdWV1ZV9uYW1lIjoiZGVmYXVsdC5EUSIsImFjdG9yX25hbWUiOiJlbWFpbF9tZW1iZXJfcHJlZHVlIiwiYXJncyI6WyJqIiwibyIsInMiLCJoIiwiaSIsIi4iLCJ1IiwiaiIsImoiLCJ3IiwiYSIsImwiLCI2IiwiNSIsIkAiLCJnIiwibSIsImEiLCJpIiwibCIsIi4iLCJjIiwibyIsIm0iXSwia3dhcmdzIjp7fSwib3B0aW9ucyI6eyJyZWRpc19tZXNzYWdlX2lkIjoiNmFhZmY4MWUtZWY1OS00YjMxLTkyM2ItYzRjMTIwYzU0ZDQ2IiwiZXRhIjoxNjQ5ODczMDc5ODE5Ljk5Nn0sIm1lc3NhZ2VfaWQiOiI2MGIzN2UzNi1lNDJjLTRmZDEtYWU2Mi0yNmNmMTQwMDA4ZTUiLCJtZXNzYWdlX3RpbWVzdGFtcCI6MTY0OTMzMzk3OTg0NH0=", "actor_name": "email_member_predue", "queue_name": "default.DQ"}}, {"model": "django_dramatiq.task", "pk": "655fbc37-47e3-4b71-a136-8edf66645aab", "fields": {"status": "delayed", "created_at": "2022-04-07T17:14:44.929Z", "updated_at": "2022-04-07T17:14:44.929Z", "message_data": "eyJxdWV1ZV9uYW1lIjoiZGVmYXVsdC5EUSIsImFjdG9yX25hbWUiOiJlbWFpbF9tZW1iZXJfcHJlZHVlIiwiYXJncyI6WyJqIiwibyIsInMiLCJoIiwiaSIsIi4iLCJ1IiwiaiIsImoiLCJ3IiwiYSIsImwiLCI2IiwiNSIsIkAiLCJnIiwibSIsImEiLCJpIiwibCIsIi4iLCJjIiwibyIsIm0iXSwia3dhcmdzIjp7fSwib3B0aW9ucyI6eyJyZWRpc19tZXNzYWdlX2lkIjoiNTc0N2RhMzUtOTdiYy00MjI3LWI3NzgtOWEwODRkZDg5YTYwIiwiZXRhIjoxNjQ5ODkwNzg0Njk2Ljk3Nn0sIm1lc3NhZ2VfaWQiOiI2NTVmYmMzNy00N2UzLTRiNzEtYTEzNi04ZWRmNjY2NDVhYWIiLCJtZXNzYWdlX3RpbWVzdGFtcCI6MTY0OTM1MTY4NDkyOX0=", "actor_name": "email_member_predue", "queue_name": "default.DQ"}}, {"model": "django_dramatiq.task", "pk": "7480ed61-617d-4968-a8cc-a81ea5818fc4", "fields": {"status": "delayed", "created_at": "2022-04-07T17:07:58.687Z", "updated_at": "2022-04-07T17:07:58.687Z", "message_data": "eyJxdWV1ZV9uYW1lIjoiZGVmYXVsdC5EUSIsImFjdG9yX25hbWUiOiJlbWFpbF9tZW1iZXJfcHJlZHVlIiwiYXJncyI6WyJqIiwibyIsInMiLCJoIiwiaSIsIi4iLCJ1IiwiaiIsImoiLCJ3IiwiYSIsImwiLCI2IiwiNSIsIkAiLCJnIiwibSIsImEiLCJpIiwibCIsIi4iLCJjIiwibyIsIm0iXSwia3dhcmdzIjp7fSwib3B0aW9ucyI6eyJyZWRpc19tZXNzYWdlX2lkIjoiNzQyYjhiZjEtMzA4Ni00NDFiLTgyNjctN2M0YmI1ODMxNGU5IiwiZXRhIjoxNjQ5ODkwMzc4NjE0Ljk5M30sIm1lc3NhZ2VfaWQiOiI3NDgwZWQ2MS02MTdkLTQ5NjgtYThjYy1hODFlYTU4MThmYzQiLCJtZXNzYWdlX3RpbWVzdGFtcCI6MTY0OTM1MTI3ODY1NX0=", "actor_name": "email_member_predue", "queue_name": "default.DQ"}}, {"model": "django_dramatiq.task", "pk": "83735c0a-9bb2-4b14-a901-40aa4994e009", "fields": {"status": "delayed", "created_at": "2022-04-07T12:19:39.868Z", "updated_at": "2022-04-07T12:19:39.868Z", "message_data": "eyJxdWV1ZV9uYW1lIjoiZGVmYXVsdC5EUSIsImFjdG9yX25hbWUiOiJlbWFpbF9tZW1iZXJfcHJlZHVlIiwiYXJncyI6WyJqIiwibyIsInMiLCJoIiwiaSIsIi4iLCJ1IiwiaiIsImoiLCJ3IiwiYSIsImwiLCI2IiwiNSIsIkAiLCJnIiwibSIsImEiLCJpIiwibCIsIi4iLCJjIiwibyIsIm0iXSwia3dhcmdzIjp7fSwib3B0aW9ucyI6eyJyZWRpc19tZXNzYWdlX2lkIjoiMTUzMDM2ZDYtMGU2Yy00YmQ0LWE2NTctZTcxOWEwODA4MjlmIiwiZXRhIjoxNjQ5ODczMDc5ODE5Ljk5NX0sIm1lc3NhZ2VfaWQiOiI4MzczNWMwYS05YmIyLTRiMTQtYTkwMS00MGFhNDk5NGUwMDkiLCJtZXNzYWdlX3RpbWVzdGFtcCI6MTY0OTMzMzk3OTg2OH0=", "actor_name": "email_member_predue", "queue_name": "default.DQ"}}, {"model": "django_dramatiq.task", "pk": "8480a4cc-a9a7-428d-8755-2d0b48145a68", "fields": {"status": "delayed", "created_at": "2022-04-07T17:12:02.149Z", "updated_at": "2022-04-07T17:12:02.149Z", "message_data": "eyJxdWV1ZV9uYW1lIjoiZGVmYXVsdC5EUSIsImFjdG9yX25hbWUiOiJlbWFpbF9tZW1iZXJfcHJlZHVlIiwiYXJncyI6WyJqIiwibyIsInMiLCJoIiwiaSIsIi4iLCJ1IiwiaiIsImoiLCJ3IiwiYSIsImwiLCI2IiwiNSIsIkAiLCJnIiwibSIsImEiLCJpIiwibCIsIi4iLCJjIiwibyIsIm0iXSwia3dhcmdzIjp7fSwib3B0aW9ucyI6eyJyZWRpc19tZXNzYWdlX2lkIjoiMWIyOGQ0ODItZTc2My00MDhkLWFmOTEtMmIyOWQ0ZDA0NmFkIiwiZXRhIjoxNjQ5ODkwNjIxOTI0Ljk3Nn0sIm1lc3NhZ2VfaWQiOiI4NDgwYTRjYy1hOWE3LTQyOGQtODc1NS0yZDBiNDgxNDVhNjgiLCJtZXNzYWdlX3RpbWVzdGFtcCI6MTY0OTM1MTUyMjE0OX0=", "actor_name": "email_member_predue", "queue_name": "default.DQ"}}, {"model": "django_dramatiq.task", "pk": "893ff23d-c8da-4b30-986e-d0d498d3cd4f", "fields": {"status": "delayed", "created_at": "2022-04-07T12:19:00.945Z", "updated_at": "2022-04-07T12:19:00.945Z", "message_data": "eyJxdWV1ZV9uYW1lIjoiZGVmYXVsdC5EUSIsImFjdG9yX25hbWUiOiJlbWFpbF9tZW1iZXJfcHJlZHVlIiwiYXJncyI6WyJqIiwibyIsInMiLCJoIiwiaSIsIi4iLCJ1IiwiaiIsImoiLCJ3IiwiYSIsImwiLCI2IiwiNSIsIkAiLCJnIiwibSIsImEiLCJpIiwibCIsIi4iLCJjIiwibyIsIm0iXSwia3dhcmdzIjp7fSwib3B0aW9ucyI6eyJyZWRpc19tZXNzYWdlX2lkIjoiMzA1NzA1N2EtYjNjNC00OTUyLWI4NWMtMzhhOGJlZDk1YzgyIiwiZXRhIjoxNjQ5ODUxNDkzNTc1LjAyOH0sIm1lc3NhZ2VfaWQiOiI4OTNmZjIzZC1jOGRhLTRiMzAtOTg2ZS1kMGQ0OThkM2NkNGYiLCJtZXNzYWdlX3RpbWVzdGFtcCI6MTY0OTMzMzk0MDkxM30=", "actor_name": "email_member_predue", "queue_name": "default.DQ"}}, {"model": "django_dramatiq.task", "pk": "8a3fb2e1-ed93-4168-9df6-68e2e554efab", "fields": {"status": "delayed", "created_at": "2022-04-07T12:19:00.991Z", "updated_at": "2022-04-07T12:19:00.991Z", "message_data": "eyJxdWV1ZV9uYW1lIjoiZGVmYXVsdC5EUSIsImFjdG9yX25hbWUiOiJlbWFpbF9tZW1iZXJfcHJlZHVlIiwiYXJncyI6WyJqIiwibyIsInMiLCJoIiwiaSIsIi4iLCJ1IiwiaiIsImoiLCJ3IiwiYSIsImwiLCI2IiwiNSIsIkAiLCJnIiwibSIsImEiLCJpIiwibCIsIi4iLCJjIiwibyIsIm0iXSwia3dhcmdzIjp7fSwib3B0aW9ucyI6eyJyZWRpc19tZXNzYWdlX2lkIjoiNzY2YmViOWUtN2Y1Yy00YzU1LWEyZWYtMWZiYTQ4MmVjODQ2IiwiZXRhIjoxNjQ5ODUxNDkzNTY3LjU2Nn0sIm1lc3NhZ2VfaWQiOiI4YTNmYjJlMS1lZDkzLTQxNjgtOWRmNi02OGUyZTU1NGVmYWIiLCJtZXNzYWdlX3RpbWVzdGFtcCI6MTY0OTMzMzk0MDk5MX0=", "actor_name": "email_member_predue", "queue_name": "default.DQ"}}, {"model": "django_dramatiq.task", "pk": "9d89ba65-f942-4182-b9ee-88808aa22e33", "fields": {"status": "delayed", "created_at": "2022-04-07T17:03:35.068Z", "updated_at": "2022-04-07T17:03:35.068Z", "message_data": "eyJxdWV1ZV9uYW1lIjoiZGVmYXVsdC5EUSIsImFjdG9yX25hbWUiOiJlbWFpbF9tZW1iZXJfcHJlZHVlIiwiYXJncyI6WyJqIiwibyIsInMiLCJoIiwiaSIsIi4iLCJ1IiwiaiIsImoiLCJ3IiwiYSIsImwiLCI2IiwiNSIsIkAiLCJnIiwibSIsImEiLCJpIiwibCIsIi4iLCJjIiwibyIsIm0iXSwia3dhcmdzIjp7fSwib3B0aW9ucyI6eyJyZWRpc19tZXNzYWdlX2lkIjoiMzU4MGE0NjItZDU4My00NTQyLTg1ZmQtNDE1NTAzZGI1N2YyIiwiZXRhIjoxNjQ5ODkwMTEzMDQ0LjMyMn0sIm1lc3NhZ2VfaWQiOiI5ZDg5YmE2NS1mOTQyLTQxODItYjllZS04ODgwOGFhMjJlMzMiLCJtZXNzYWdlX3RpbWVzdGFtcCI6MTY0OTM1MTAxNTA2MH0=", "actor_name": "email_member_predue", "queue_name": "default.DQ"}}, {"model": "django_dramatiq.task", "pk": "b1b7744f-2d0a-4114-bd5c-2fcc7042f899", "fields": {"status": "delayed", "created_at": "2022-04-07T17:07:58.719Z", "updated_at": "2022-04-07T17:07:58.719Z", "message_data": "eyJxdWV1ZV9uYW1lIjoiZGVmYXVsdC5EUSIsImFjdG9yX25hbWUiOiJlbWFpbF9tZW1iZXJfcHJlZHVlIiwiYXJncyI6WyJqIiwibyIsInMiLCJoIiwiaSIsIi4iLCJ1IiwiaiIsImoiLCJ3IiwiYSIsImwiLCI2IiwiNSIsIkAiLCJnIiwibSIsImEiLCJpIiwibCIsIi4iLCJjIiwibyIsIm0iXSwia3dhcmdzIjp7fSwib3B0aW9ucyI6eyJyZWRpc19tZXNzYWdlX2lkIjoiNTM5N2RmOTAtZWU5Ny00NTQ5LTk4MDUtMjM1YWM2YjA0YjFhIiwiZXRhIjoxNjQ5ODkwMzc4NjE0Ljk5Mn0sIm1lc3NhZ2VfaWQiOiJiMWI3NzQ0Zi0yZDBhLTQxMTQtYmQ1Yy0yZmNjNzA0MmY4OTkiLCJtZXNzYWdlX3RpbWVzdGFtcCI6MTY0OTM1MTI3ODcxMX0=", "actor_name": "email_member_predue", "queue_name": "default.DQ"}}, {"model": "django_dramatiq.task", "pk": "b9d8b68e-8338-41f5-a528-e8f6c98949e4", "fields": {"status": "delayed", "created_at": "2022-04-07T17:14:44.897Z", "updated_at": "2022-04-07T17:14:44.897Z", "message_data": "eyJxdWV1ZV9uYW1lIjoiZGVmYXVsdC5EUSIsImFjdG9yX25hbWUiOiJlbWFpbF9tZW1iZXJfcHJlZHVlIiwiYXJncyI6WyJqIiwibyIsInMiLCJoIiwiaSIsIi4iLCJ1IiwiaiIsImoiLCJ3IiwiYSIsImwiLCI2IiwiNSIsIkAiLCJnIiwibSIsImEiLCJpIiwibCIsIi4iLCJjIiwibyIsIm0iXSwia3dhcmdzIjp7fSwib3B0aW9ucyI6eyJyZWRpc19tZXNzYWdlX2lkIjoiM2IzODFmNmYtYTgyNS00NmZmLWJiY2MtNjQ0YzQ3YmI5NWU2IiwiZXRhIjoxNjQ5ODkwNzg0Njk2Ljk5M30sIm1lc3NhZ2VfaWQiOiJiOWQ4YjY4ZS04MzM4LTQxZjUtYTUyOC1lOGY2Yzk4OTQ5ZTQiLCJtZXNzYWdlX3RpbWVzdGFtcCI6MTY0OTM1MTY4NDg5N30=", "actor_name": "email_member_predue", "queue_name": "default.DQ"}}, {"model": "django_dramatiq.task", "pk": "c002efd8-40f4-4b54-8418-33bb4e6f1f82", "fields": {"status": "delayed", "created_at": "2022-04-07T17:12:02.085Z", "updated_at": "2022-04-07T17:12:02.085Z", "message_data": "eyJxdWV1ZV9uYW1lIjoiZGVmYXVsdC5EUSIsImFjdG9yX25hbWUiOiJlbWFpbF9tZW1iZXJfcHJlZHVlIiwiYXJncyI6WyJqIiwibyIsInMiLCJoIiwiaSIsIi4iLCJ1IiwiaiIsImoiLCJ3IiwiYSIsImwiLCI2IiwiNSIsIkAiLCJnIiwibSIsImEiLCJpIiwibCIsIi4iLCJjIiwibyIsIm0iXSwia3dhcmdzIjp7fSwib3B0aW9ucyI6eyJyZWRpc19tZXNzYWdlX2lkIjoiNGFhYTY2ZGQtN2I5MS00NjU4LWJhOWQtOTk5Njk1NTIxNDhjIiwiZXRhIjoxNjQ5ODkwNjIxOTI0Ljk4NH0sIm1lc3NhZ2VfaWQiOiJjMDAyZWZkOC00MGY0LTRiNTQtODQxOC0zM2JiNGU2ZjFmODIiLCJtZXNzYWdlX3RpbWVzdGFtcCI6MTY0OTM1MTUyMjA2OX0=", "actor_name": "email_member_predue", "queue_name": "default.DQ"}}, {"model": "django_dramatiq.task", "pk": "c9b4e8a6-c8fb-4f28-9041-da039ca57055", "fields": {"status": "delayed", "created_at": "2022-04-07T17:12:02.101Z", "updated_at": "2022-04-07T17:12:02.101Z", "message_data": "eyJxdWV1ZV9uYW1lIjoiZGVmYXVsdC5EUSIsImFjdG9yX25hbWUiOiJlbWFpbF9tZW1iZXJfcHJlZHVlIiwiYXJncyI6WyJqIiwibyIsInMiLCJoIiwiaSIsIi4iLCJ1IiwiaiIsImoiLCJ3IiwiYSIsImwiLCI2IiwiNSIsIkAiLCJnIiwibSIsImEiLCJpIiwibCIsIi4iLCJjIiwibyIsIm0iXSwia3dhcmdzIjp7fSwib3B0aW9ucyI6eyJyZWRpc19tZXNzYWdlX2lkIjoiYWYxZjA4NzctNzdlOC00MjVkLTgzOTktZjMzNjY1NDU1MzA1IiwiZXRhIjoxNjQ5ODkwNjIxOTI0Ljk4MX0sIm1lc3NhZ2VfaWQiOiJjOWI0ZThhNi1jOGZiLTRmMjgtOTA0MS1kYTAzOWNhNTcwNTUiLCJtZXNzYWdlX3RpbWVzdGFtcCI6MTY0OTM1MTUyMjEwMX0=", "actor_name": "email_member_predue", "queue_name": "default.DQ"}}, {"model": "django_dramatiq.task", "pk": "cd8e55f1-0fc7-4518-b23e-acc54fc66948", "fields": {"status": "delayed", "created_at": "2022-04-07T17:14:44.833Z", "updated_at": "2022-04-07T17:14:44.833Z", "message_data": "eyJxdWV1ZV9uYW1lIjoiZGVmYXVsdC5EUSIsImFjdG9yX25hbWUiOiJlbWFpbF9tZW1iZXJfcHJlZHVlIiwiYXJncyI6WyJqIiwibyIsInMiLCJoIiwiaSIsIi4iLCJ1IiwiaiIsImoiLCJ3IiwiYSIsImwiLCI2IiwiNSIsIkAiLCJnIiwibSIsImEiLCJpIiwibCIsIi4iLCJjIiwibyIsIm0iXSwia3dhcmdzIjp7fSwib3B0aW9ucyI6eyJyZWRpc19tZXNzYWdlX2lkIjoiODA0MmY4OWMtMTYzMi00ZTRkLTg3ZmUtMTU0YjdiYTM4OWFiIiwiZXRhIjoxNjQ5ODkwNzg0Njk2Ljk4NX0sIm1lc3NhZ2VfaWQiOiJjZDhlNTVmMS0wZmM3LTQ1MTgtYjIzZS1hY2M1NGZjNjY5NDgiLCJtZXNzYWdlX3RpbWVzdGFtcCI6MTY0OTM1MTY4NDgzM30=", "actor_name": "email_member_predue", "queue_name": "default.DQ"}}, {"model": "django_dramatiq.task", "pk": "cdab4a89-6a58-409b-b7bc-e323cb002e47", "fields": {"status": "delayed", "created_at": "2022-04-07T12:19:00.969Z", "updated_at": "2022-04-07T12:19:00.969Z", "message_data": "eyJxdWV1ZV9uYW1lIjoiZGVmYXVsdC5EUSIsImFjdG9yX25hbWUiOiJlbWFpbF9tZW1iZXJfcHJlZHVlIiwiYXJncyI6WyJqIiwibyIsInMiLCJoIiwiaSIsIi4iLCJ1IiwiaiIsImoiLCJ3IiwiYSIsImwiLCI2IiwiNSIsIkAiLCJnIiwibSIsImEiLCJpIiwibCIsIi4iLCJjIiwibyIsIm0iXSwia3dhcmdzIjp7fSwib3B0aW9ucyI6eyJyZWRpc19tZXNzYWdlX2lkIjoiZjg0NGI3ZWQtNTM1ZS00NGY1LTk5MzAtMmVmMzA0YjAwY2I2IiwiZXRhIjoxNjQ5ODUxNDkzNTY3LjAxfSwibWVzc2FnZV9pZCI6ImNkYWI0YTg5LTZhNTgtNDA5Yi1iN2JjLWUzMjNjYjAwMmU0NyIsIm1lc3NhZ2VfdGltZXN0YW1wIjoxNjQ5MzMzOTQwOTY5fQ==", "actor_name": "email_member_predue", "queue_name": "default.DQ"}}, {"model": "django_dramatiq.task", "pk": "de011b88-3376-42fd-b849-f5c949cf92df", "fields": {"status": "delayed", "created_at": "2022-04-07T17:12:02.133Z", "updated_at": "2022-04-07T17:12:02.133Z", "message_data": "eyJxdWV1ZV9uYW1lIjoiZGVmYXVsdC5EUSIsImFjdG9yX25hbWUiOiJlbWFpbF9tZW1iZXJfcHJlZHVlIiwiYXJncyI6WyJqIiwibyIsInMiLCJoIiwiaSIsIi4iLCJ1IiwiaiIsImoiLCJ3IiwiYSIsImwiLCI2IiwiNSIsIkAiLCJnIiwibSIsImEiLCJpIiwibCIsIi4iLCJjIiwibyIsIm0iXSwia3dhcmdzIjp7fSwib3B0aW9ucyI6eyJyZWRpc19tZXNzYWdlX2lkIjoiZjQxYjM3Y2YtYjRkMy00YWM1LWEyNTUtNThhNmEwZDBiN2Y3IiwiZXRhIjoxNjQ5ODkwNjIxOTI0Ljk3OH0sIm1lc3NhZ2VfaWQiOiJkZTAxMWI4OC0zMzc2LTQyZmQtYjg0OS1mNWM5NDljZjkyZGYiLCJtZXNzYWdlX3RpbWVzdGFtcCI6MTY0OTM1MTUyMjEzM30=", "actor_name": "email_member_predue", "queue_name": "default.DQ"}}, {"model": "django_dramatiq.task", "pk": "f4b0eeb7-a59d-4441-9cfc-91b357baa653", "fields": {"status": "delayed", "created_at": "2022-04-07T12:19:01.031Z", "updated_at": "2022-04-07T12:19:01.031Z", "message_data": "eyJxdWV1ZV9uYW1lIjoiZGVmYXVsdC5EUSIsImFjdG9yX25hbWUiOiJlbWFpbF9tZW1iZXJfcHJlZHVlIiwiYXJncyI6WyJqIiwibyIsInMiLCJoIiwiaSIsIi4iLCJ1IiwiaiIsImoiLCJ3IiwiYSIsImwiLCI2IiwiNSIsIkAiLCJnIiwibSIsImEiLCJpIiwibCIsIi4iLCJjIiwibyIsIm0iXSwia3dhcmdzIjp7fSwib3B0aW9ucyI6eyJyZWRpc19tZXNzYWdlX2lkIjoiYzVmNzBlMDYtOGQ3NS00YmI4LWE1OTctZDhiOTQ4YjA2ZDIxIiwiZXRhIjoxNjQ5ODUxNDkzNTY3LjU2NH0sIm1lc3NhZ2VfaWQiOiJmNGIwZWViNy1hNTlkLTQ0NDEtOWNmYy05MWIzNTdiYWE2NTMiLCJtZXNzYWdlX3RpbWVzdGFtcCI6MTY0OTMzMzk0MTAyM30=", "actor_name": "email_member_predue", "queue_name": "default.DQ"}}]