--
-- PostgreSQL database dump
--

-- Dumped from database version 11.11
-- Dumped by pg_dump version 11.11

SET statement_timeout = 0;
SET lock_timeout = 0;
SET idle_in_transaction_session_timeout = 0;
SET client_encoding = 'UTF8';
SET standard_conforming_strings = on;
SELECT pg_catalog.set_config('search_path', '', false);
SET check_function_bodies = false;
SET xmloption = content;
SET client_min_messages = warning;
SET row_security = off;

ALTER TABLE ONLY public.tbl_notice DROP CONSTRAINT "tbl_notice_created_by_id_d4bfbf5e_fk_tbl_Customuser_id";
ALTER TABLE ONLY public."tbl_Userrole" DROP CONSTRAINT "tbl_Userrole_user_id_8d252a25_fk_tbl_Customuser_id";
ALTER TABLE ONLY public."tbl_Subject" DROP CONSTRAINT "tbl_Subject_course_id_5b2b9f90_fk_tbl_Course_id";
ALTER TABLE ONLY public."tbl_Student" DROP CONSTRAINT "tbl_Student_transport_id_1986aec4_fk_tbl_Transport_id";
ALTER TABLE ONLY public."tbl_Student" DROP CONSTRAINT "tbl_Student_subject_id_503676c7_fk_tbl_Subject_subject_code";
ALTER TABLE ONLY public."tbl_Student" DROP CONSTRAINT "tbl_Student_student_user_id_2a4fb83a_fk_tbl_Customuser_id";
ALTER TABLE ONLY public."tbl_Student" DROP CONSTRAINT "tbl_Student_session_year_id_924a6532_fk_tbl_Sessionyear_id";
ALTER TABLE ONLY public."tbl_Student" DROP CONSTRAINT "tbl_Student_semester_id_96e2d68c_fk_tbl_Semester_id";
ALTER TABLE ONLY public."tbl_Student" DROP CONSTRAINT "tbl_Student_section_id_85ea8493_fk_tbl_Section_id";
ALTER TABLE ONLY public."tbl_Student" DROP CONSTRAINT "tbl_Student_optional_subject_id_6cbb269b_fk_tbl_Subje";
ALTER TABLE ONLY public."tbl_Student" DROP CONSTRAINT "tbl_Student_guardian_id_4747299e_fk_tbl_Parent_id";
ALTER TABLE ONLY public."tbl_Student" DROP CONSTRAINT "tbl_Student_group_id_9d7d4c44_fk_tbl_Studentgroup_id";
ALTER TABLE ONLY public."tbl_Staff" DROP CONSTRAINT "tbl_Staff_staff_user_id_e2ef5c31_fk_tbl_Customuser_id";
ALTER TABLE ONLY public."tbl_Sociallink" DROP CONSTRAINT "tbl_Sociallink_user_id_68fb2e0f_fk_tbl_Customuser_id";
ALTER TABLE ONLY public."tbl_Section_subject" DROP CONSTRAINT "tbl_Section_subject_subject_id_bc36b786_fk_tbl_Subje";
ALTER TABLE ONLY public."tbl_Section_subject" DROP CONSTRAINT "tbl_Section_subject_section_id_0ff0878d_fk_tbl_Section_id";
ALTER TABLE ONLY public."tbl_Section" DROP CONSTRAINT "tbl_Section_staff_id_66808014_fk_tbl_Customuser_id";
ALTER TABLE ONLY public."tbl_Section" DROP CONSTRAINT "tbl_Section_semester_id_012d164a_fk_tbl_Semester_id";
ALTER TABLE ONLY public."tbl_Parent" DROP CONSTRAINT "tbl_Parent_parent_user_id_7c8be58c_fk_tbl_Customuser_id";
ALTER TABLE ONLY public."tbl_Optionalsubject" DROP CONSTRAINT "tbl_Optionalsubject_staff_user_id_f7300ebb_fk_tbl_Customuser_id";
ALTER TABLE ONLY public."tbl_Optionalsubject" DROP CONSTRAINT "tbl_Optionalsubject_semester_id_508c4513_fk_tbl_Semester_id";
ALTER TABLE ONLY public."tbl_Optionalsubject" DROP CONSTRAINT "tbl_Optionalsubject_course_id_6811035e_fk_tbl_Course_id";
ALTER TABLE ONLY public."tbl_Extrauser" DROP CONSTRAINT "tbl_Extrauser_role_id_03ac3dea_fk_auth_group_id";
ALTER TABLE ONLY public."tbl_Extrauser" DROP CONSTRAINT "tbl_Extrauser_extra_user_id_585ed574_fk_tbl_Customuser_id";
ALTER TABLE ONLY public."tbl_Documentfile" DROP CONSTRAINT "tbl_Documentfile_student_id_71507992_fk_tbl_Student_id";
ALTER TABLE ONLY public."tbl_Documentfile" DROP CONSTRAINT "tbl_Documentfile_staff_id_048dfa79_fk_tbl_Staff_id";
ALTER TABLE ONLY public."tbl_Documentfile" DROP CONSTRAINT "tbl_Documentfile_parent_id_03172290_fk_tbl_Parent_id";
ALTER TABLE ONLY public."tbl_Documentfile" DROP CONSTRAINT "tbl_Documentfile_extra_user_id_8b154ecc_fk_tbl_Extrauser_id";
ALTER TABLE ONLY public."tbl_Customuser" DROP CONSTRAINT "tbl_Customuser_user_type_id_ba43dd12_fk_auth_group_id";
ALTER TABLE ONLY public."tbl_Customuser_user_permissions" DROP CONSTRAINT "tbl_Customuser_user__permission_id_6364b6cc_fk_auth_perm";
ALTER TABLE ONLY public."tbl_Customuser_user_permissions" DROP CONSTRAINT "tbl_Customuser_user__customuser_id_154c9ae2_fk_tbl_Custo";
ALTER TABLE ONLY public."tbl_Customuser_groups" DROP CONSTRAINT "tbl_Customuser_groups_group_id_e80df4df_fk_auth_group_id";
ALTER TABLE ONLY public."tbl_Customuser_groups" DROP CONSTRAINT "tbl_Customuser_group_customuser_id_e62288a1_fk_tbl_Custo";
ALTER TABLE ONLY public."tbl_Complain" DROP CONSTRAINT "tbl_Complain_user_id_9d01fe79_fk_tbl_Customuser_id";
ALTER TABLE ONLY public."tbl_Certificatetemplate" DROP CONSTRAINT "tbl_Certificatetemplate_student_id_a69c55e9_fk_tbl_Student_id";
ALTER TABLE ONLY public."tbl_Adminuser" DROP CONSTRAINT "tbl_Adminuser_admin_user_id_2ccd66b5_fk_tbl_Customuser_id";
ALTER TABLE ONLY public.syllabus DROP CONSTRAINT "syllabus_semester_id_2287b214_fk_tbl_Semester_id";
ALTER TABLE ONLY public.student_management_app_subjectteacher DROP CONSTRAINT "student_management_a_teacher_id_f053e3cc_fk_tbl_Custo";
ALTER TABLE ONLY public.student_management_app_subjectteacher DROP CONSTRAINT "student_management_a_subject_id_9be038dd_fk_tbl_Subje";
ALTER TABLE ONLY public.student_management_app_subjectteacher DROP CONSTRAINT "student_management_a_section_id_0cbcf791_fk_tbl_Secti";
ALTER TABLE ONLY public.student_management_app_historicalstaff DROP CONSTRAINT "student_management_a_history_user_id_fd0735d1_fk_tbl_Custo";
ALTER TABLE ONLY public.student_management_app_historicalsociallink DROP CONSTRAINT "student_management_a_history_user_id_bf8a9d14_fk_tbl_Custo";
ALTER TABLE ONLY public.student_management_app_historicalsection DROP CONSTRAINT "student_management_a_history_user_id_b5428f62_fk_tbl_Custo";
ALTER TABLE ONLY public.student_management_app_historicalstudent DROP CONSTRAINT "student_management_a_history_user_id_93915896_fk_tbl_Custo";
ALTER TABLE ONLY public.student_management_app_historicalsemester DROP CONSTRAINT "student_management_a_history_user_id_8c37e5ac_fk_tbl_Custo";
ALTER TABLE ONLY public.student_management_app_historicalextrauser DROP CONSTRAINT "student_management_a_history_user_id_7bca8427_fk_tbl_Custo";
ALTER TABLE ONLY public.student_management_app_historicalcomplain DROP CONSTRAINT "student_management_a_history_user_id_74120395_fk_tbl_Custo";
ALTER TABLE ONLY public.student_management_app_historicaladminuser DROP CONSTRAINT "student_management_a_history_user_id_6c747843_fk_tbl_Custo";
ALTER TABLE ONLY public.student_management_app_historicalsubject DROP CONSTRAINT "student_management_a_history_user_id_654ab3e5_fk_tbl_Custo";
ALTER TABLE ONLY public.student_management_app_historicalcourse DROP CONSTRAINT "student_management_a_history_user_id_4f0e2d2e_fk_tbl_Custo";
ALTER TABLE ONLY public.student_management_app_historicaldocumentfile DROP CONSTRAINT "student_management_a_history_user_id_47c1fb23_fk_tbl_Custo";
ALTER TABLE ONLY public.student_management_app_historicalcertificatetemplate DROP CONSTRAINT "student_management_a_history_user_id_22bf3c58_fk_tbl_Custo";
ALTER TABLE ONLY public.schedule_occurrence DROP CONSTRAINT schedule_occurrence_event_id_ade47cd8_fk_schedule_event_id;
ALTER TABLE ONLY public.schedule_historicalevent DROP CONSTRAINT "schedule_historicale_history_user_id_29266412_fk_tbl_Custo";
ALTER TABLE ONLY public.schedule_eventrelation DROP CONSTRAINT schedule_eventrelation_event_id_8c57a7b4_fk_schedule_event_id;
ALTER TABLE ONLY public.schedule_eventrelation DROP CONSTRAINT schedule_eventrelati_content_type_id_d4187723_fk_django_co;
ALTER TABLE ONLY public.schedule_event DROP CONSTRAINT schedule_event_rule_id_90b83d31_fk_schedule_rule_id;
ALTER TABLE ONLY public.schedule_event DROP CONSTRAINT "schedule_event_creator_id_d2ffab6e_fk_tbl_Customuser_id";
ALTER TABLE ONLY public.schedule_event DROP CONSTRAINT schedule_event_calendar_id_eb1c700f_fk_schedule_calendar_id;
ALTER TABLE ONLY public.schedule_calendarrelation DROP CONSTRAINT schedule_calendarrel_content_type_id_f2a42f5b_fk_django_co;
ALTER TABLE ONLY public.schedule_calendarrelation DROP CONSTRAINT schedule_calendarrel_calendar_id_0a50be2e_fk_schedule_;
ALTER TABLE ONLY public.routine DROP CONSTRAINT "routine_semester_id_199c0841_fk_tbl_Semester_id";
ALTER TABLE ONLY public.routine DROP CONSTRAINT "routine_section_id_14562f0a_fk_tbl_Section_id";
ALTER TABLE ONLY public.routine DROP CONSTRAINT "routine_course_id_167c644c_fk_tbl_Section_id";
ALTER TABLE ONLY public.notifications_notification DROP CONSTRAINT "notifications_notifi_created_by_id_44297423_fk_tbl_Custo";
ALTER TABLE ONLY public.django_admin_log DROP CONSTRAINT "django_admin_log_user_id_c564eba6_fk_tbl_Customuser_id";
ALTER TABLE ONLY public.django_admin_log DROP CONSTRAINT django_admin_log_content_type_id_c4bce8eb_fk_django_co;
ALTER TABLE ONLY public.courses_studentgrades DROP CONSTRAINT courses_studentgrade_exam_id_id_af4e90d1_fk_courses_e;
ALTER TABLE ONLY public.courses_studentgrades DROP CONSTRAINT courses_studentgrade_application_id_id_94809cd5_fk_courses_a;
ALTER TABLE ONLY public.courses_selectedcourses DROP CONSTRAINT "courses_selectedcourses_semester_id_27ef801c_fk_tbl_Semester_id";
ALTER TABLE ONLY public.courses_selectedcourses DROP CONSTRAINT "courses_selectedcour_subject_id_id_015aa6b8_fk_tbl_Subje";
ALTER TABLE ONLY public.courses_selectedcourses DROP CONSTRAINT "courses_selectedcour_student_id_id_ff0a71f1_fk_tbl_Stude";
ALTER TABLE ONLY public.courses_routine DROP CONSTRAINT "courses_routine_subject_id_3124bab6_fk_tbl_Subject_subject_code";
ALTER TABLE ONLY public.courses_routine DROP CONSTRAINT "courses_routine_semester_id_27a336dc_fk_tbl_Semester_id";
ALTER TABLE ONLY public.courses_historicalterm DROP CONSTRAINT "courses_historicalte_history_user_id_408f80a5_fk_tbl_Custo";
ALTER TABLE ONLY public.courses_historicalstudentgrades DROP CONSTRAINT "courses_historicalst_history_user_id_2e1346ae_fk_tbl_Custo";
ALTER TABLE ONLY public.courses_historicalselectedcourses DROP CONSTRAINT "courses_historicalse_history_user_id_63e55335_fk_tbl_Custo";
ALTER TABLE ONLY public.courses_historicalroutine DROP CONSTRAINT "courses_historicalro_history_user_id_92f9c61f_fk_tbl_Custo";
ALTER TABLE ONLY public.courses_historicalexams DROP CONSTRAINT "courses_historicalex_history_user_id_17f12809_fk_tbl_Custo";
ALTER TABLE ONLY public.courses_historicalapplication_form DROP CONSTRAINT "courses_historicalap_history_user_id_c62e35f4_fk_tbl_Custo";
ALTER TABLE ONLY public.courses_exams DROP CONSTRAINT courses_exams_term_id_cd456514_fk_courses_term_term_id;
ALTER TABLE ONLY public.courses_exams DROP CONSTRAINT "courses_exams_subject_id_id_856dd336_fk_tbl_Subje";
ALTER TABLE ONLY public.courses_application_form DROP CONSTRAINT "courses_application_form_student_id_62b16614_fk_tbl_Student_id";
ALTER TABLE ONLY public.courses_application_form DROP CONSTRAINT courses_application__term_id_9948fd42_fk_courses_t;
ALTER TABLE ONLY public.courses_application_form DROP CONSTRAINT "courses_application__semester_id_2aa368e5_fk_tbl_Semes";
ALTER TABLE ONLY public.auth_permission DROP CONSTRAINT auth_permission_content_type_id_2f476e4b_fk_django_co;
ALTER TABLE ONLY public.auth_group_permissions DROP CONSTRAINT auth_group_permissions_group_id_b120cbf9_fk_auth_group_id;
ALTER TABLE ONLY public.auth_group_permissions DROP CONSTRAINT auth_group_permissio_permission_id_84c5c92e_fk_auth_perm;
ALTER TABLE ONLY public.attendance_attendancereport DROP CONSTRAINT "attendance_attendancereport_staff_id_365b7a47_fk_tbl_Staff_id";
ALTER TABLE ONLY public.attendance_attendance DROP CONSTRAINT "attendance_attendance_semester_id_2373f578_fk_tbl_Semester_id";
ALTER TABLE ONLY public.attendance_attendance DROP CONSTRAINT "attendance_attendance_section_id_ded4af75_fk_tbl_Section_id";
ALTER TABLE ONLY public.attendance_attendance DROP CONSTRAINT "attendance_attendanc_subject_id_624b6d52_fk_tbl_Subje";
ALTER TABLE ONLY public.attendance_attendancereport DROP CONSTRAINT "attendance_attendanc_student_id_505e4ce3_fk_tbl_Stude";
ALTER TABLE ONLY public.attendance_attendance DROP CONSTRAINT "attendance_attendanc_session_year_id_297c0331_fk_tbl_Sessi";
ALTER TABLE ONLY public.attendance_attendancereport DROP CONSTRAINT "attendance_attendanc_extra_user_id_a6b22da6_fk_tbl_Extra";
ALTER TABLE ONLY public.attendance_attendancereport DROP CONSTRAINT attendance_attendanc_attendance_id_569db293_fk_attendanc;
ALTER TABLE ONLY public.assignment DROP CONSTRAINT "assignment_semester_id_c05739ec_fk_tbl_Semester_id";
ALTER TABLE ONLY public.assignment DROP CONSTRAINT "assignment_section_id_d23dd6c9_fk_tbl_Section_id";
ALTER TABLE ONLY public.assignment DROP CONSTRAINT "assignment_created_by_id_b084c60b_fk_tbl_Customuser_id";
ALTER TABLE ONLY public.assignment DROP CONSTRAINT "assignment_Subject_id_77b3f9b0_fk_tbl_Subject_subject_code";
ALTER TABLE ONLY public.announcement_historicalholiday DROP CONSTRAINT "announcement_histori_history_user_id_8c7550cf_fk_tbl_Custo";
ALTER TABLE ONLY public.announcement_historicalnotice DROP CONSTRAINT "announcement_histori_history_user_id_2cbe3072_fk_tbl_Custo";
ALTER TABLE ONLY public.academic_historicalsyllabus DROP CONSTRAINT "academic_historicals_history_user_id_21707c18_fk_tbl_Custo";
ALTER TABLE ONLY public.academic_historicalroutine DROP CONSTRAINT "academic_historicalr_history_user_id_d8156e22_fk_tbl_Custo";
ALTER TABLE ONLY public.academic_historicalassignment DROP CONSTRAINT "academic_historicala_history_user_id_987b409d_fk_tbl_Custo";
DROP INDEX public.tbl_notice_created_by_id_d4bfbf5e;
DROP INDEX public."tbl_Subject_subject_code_18a9a65f_like";
DROP INDEX public."tbl_Subject_course_id_5b2b9f90";
DROP INDEX public."tbl_Student_transport_id_1986aec4";
DROP INDEX public."tbl_Student_subject_id_503676c7_like";
DROP INDEX public."tbl_Student_subject_id_503676c7";
DROP INDEX public."tbl_Student_stu_id_a0eb2a72_like";
DROP INDEX public."tbl_Student_session_year_id_924a6532";
DROP INDEX public."tbl_Student_semester_id_96e2d68c";
DROP INDEX public."tbl_Student_section_id_85ea8493";
DROP INDEX public."tbl_Student_register_no_6b840053_like";
DROP INDEX public."tbl_Student_optional_subject_id_6cbb269b_like";
DROP INDEX public."tbl_Student_optional_subject_id_6cbb269b";
DROP INDEX public."tbl_Student_guardian_id_4747299e";
DROP INDEX public."tbl_Student_group_id_9d7d4c44";
DROP INDEX public."tbl_Semester_name_ed22410e_like";
DROP INDEX public."tbl_Section_subject_subject_id_bc36b786_like";
DROP INDEX public."tbl_Section_subject_subject_id_bc36b786";
DROP INDEX public."tbl_Section_subject_section_id_0ff0878d";
DROP INDEX public."tbl_Section_staff_id_66808014";
DROP INDEX public."tbl_Section_semester_id_012d164a";
DROP INDEX public."tbl_Optionalsubject_staff_user_id_f7300ebb";
DROP INDEX public."tbl_Optionalsubject_semester_id_508c4513";
DROP INDEX public."tbl_Optionalsubject_course_id_6811035e";
DROP INDEX public."tbl_Extrauser_role_id_03ac3dea";
DROP INDEX public."tbl_Documentfile_student_id_71507992";
DROP INDEX public."tbl_Documentfile_staff_id_048dfa79";
DROP INDEX public."tbl_Documentfile_parent_id_03172290";
DROP INDEX public."tbl_Documentfile_extra_user_id_8b154ecc";
DROP INDEX public."tbl_Customuser_username_794efbc2_like";
DROP INDEX public."tbl_Customuser_user_type_id_ba43dd12";
DROP INDEX public."tbl_Customuser_user_permissions_permission_id_6364b6cc";
DROP INDEX public."tbl_Customuser_user_permissions_customuser_id_154c9ae2";
DROP INDEX public."tbl_Customuser_groups_group_id_e80df4df";
DROP INDEX public."tbl_Customuser_groups_customuser_id_e62288a1";
DROP INDEX public."tbl_Certificatetemplate_student_id_a69c55e9";
DROP INDEX public.syllabus_semester_id_2287b214;
DROP INDEX public.student_management_app_subjectteacher_teacher_id_f053e3cc;
DROP INDEX public.student_management_app_subjectteacher_subject_id_9be038dd_like;
DROP INDEX public.student_management_app_subjectteacher_subject_id_9be038dd;
DROP INDEX public.student_management_app_subjectteacher_section_id_0cbcf791;
DROP INDEX public.student_management_app_historicalsubject_subject_code_ba2dfec7;
DROP INDEX public.student_management_app_historicalsubject_course_id_c4116282;
DROP INDEX public.student_management_app_historicalstudent_transport_id_62bd8ac1;
DROP INDEX public.student_management_app_historicalstudent_subject_id_4ab3a043;
DROP INDEX public.student_management_app_historicalstudent_stu_id_d20d58cc_like;
DROP INDEX public.student_management_app_historicalstudent_stu_id_d20d58cc;
DROP INDEX public.student_management_app_historicalstudent_semester_id_1b288cee;
DROP INDEX public.student_management_app_historicalstudent_section_id_b102699b;
DROP INDEX public.student_management_app_historicalstudent_register_no_12a95e26;
DROP INDEX public.student_management_app_historicalstudent_id_cca42def;
DROP INDEX public.student_management_app_historicalstudent_guardian_id_c8faa4b8;
DROP INDEX public.student_management_app_historicalstudent_group_id_6c6af427;
DROP INDEX public.student_management_app_historicalstaff_staff_user_id_2984dd67;
DROP INDEX public.student_management_app_historicalstaff_id_6debff33;
DROP INDEX public.student_management_app_historicalstaff_history_user_id_fd0735d1;
DROP INDEX public.student_management_app_historicalsociallink_user_id_33ffc511;
DROP INDEX public.student_management_app_historicalsociallink_id_537bb23e;
DROP INDEX public.student_management_app_historicalsemester_name_58d81026_like;
DROP INDEX public.student_management_app_historicalsemester_name_58d81026;
DROP INDEX public.student_management_app_historicalsemester_id_9e21ace0;
DROP INDEX public.student_management_app_historicalsection_staff_id_88e78650;
DROP INDEX public.student_management_app_historicalsection_semester_id_9f1585b9;
DROP INDEX public.student_management_app_historicalsection_id_db4e1009;
DROP INDEX public.student_management_app_historicalextrauser_role_id_79fb1943;
DROP INDEX public.student_management_app_historicalextrauser_id_535d92ca;
DROP INDEX public.student_management_app_historicaldocumentfile_staff_id_414eec86;
DROP INDEX public.student_management_app_historicaldocumentfile_id_0290f13c;
DROP INDEX public.student_management_app_historicalcourse_id_4ec4c194;
DROP INDEX public.student_management_app_historicalcomplain_user_id_c98a6a5d;
DROP INDEX public.student_management_app_historicalcomplain_id_1ff422d8;
DROP INDEX public.student_management_app_historicaladminuser_id_62a8e937;
DROP INDEX public.student_management_app_his_student_user_id_b956b9d3;
DROP INDEX public.student_management_app_his_student_id_a3e52c6c;
DROP INDEX public.student_management_app_his_student_id_1a1ec57f;
DROP INDEX public.student_management_app_his_session_year_id_0591d3f8;
DROP INDEX public.student_management_app_his_parent_id_89279dc3;
DROP INDEX public.student_management_app_his_optional_subject_id_52621da1;
DROP INDEX public.student_management_app_his_id_dbf4a80d;
DROP INDEX public.student_management_app_his_history_user_id_bf8a9d14;
DROP INDEX public.student_management_app_his_history_user_id_b5428f62;
DROP INDEX public.student_management_app_his_history_user_id_93915896;
DROP INDEX public.student_management_app_his_history_user_id_8c37e5ac;
DROP INDEX public.student_management_app_his_history_user_id_7bca8427;
DROP INDEX public.student_management_app_his_history_user_id_74120395;
DROP INDEX public.student_management_app_his_history_user_id_6c747843;
DROP INDEX public.student_management_app_his_history_user_id_654ab3e5;
DROP INDEX public.student_management_app_his_history_user_id_4f0e2d2e;
DROP INDEX public.student_management_app_his_history_user_id_47c1fb23;
DROP INDEX public.student_management_app_his_history_user_id_22bf3c58;
DROP INDEX public.student_management_app_his_extra_user_id_6f6ddb89;
DROP INDEX public.student_management_app_his_extra_user_id_2f492388;
DROP INDEX public.student_management_app_his_admin_user_id_9d164dd0;
DROP INDEX public.student_management_app_h_subject_id_4ab3a043_like;
DROP INDEX public.student_management_app_h_subject_code_ba2dfec7_like;
DROP INDEX public.student_management_app_h_register_no_12a95e26_like;
DROP INDEX public.student_management_app_h_optional_subject_id_52621da1_like;
DROP INDEX public.schedule_occurrence_start_end_5fc98870_idx;
DROP INDEX public.schedule_occurrence_start_b28eeb2f;
DROP INDEX public.schedule_occurrence_event_id_ade47cd8;
DROP INDEX public.schedule_occurrence_end_ae255624;
DROP INDEX public.schedule_historicalevent_start_8ae32bc4;
DROP INDEX public.schedule_historicalevent_rule_id_c1f06231;
DROP INDEX public.schedule_historicalevent_id_7a6dfffc;
DROP INDEX public.schedule_historicalevent_history_user_id_29266412;
DROP INDEX public.schedule_historicalevent_end_recurring_period_80b8e5b6;
DROP INDEX public.schedule_historicalevent_end_ee69bef2;
DROP INDEX public.schedule_historicalevent_creator_id_d4febdee;
DROP INDEX public.schedule_historicalevent_calendar_id_da07aac7;
DROP INDEX public.schedule_eventrelation_object_id_e22334a2;
DROP INDEX public.schedule_eventrelation_event_id_8c57a7b4;
DROP INDEX public.schedule_eventrelation_content_type_id_object_id_c1b1e893_idx;
DROP INDEX public.schedule_eventrelation_content_type_id_d4187723;
DROP INDEX public.schedule_event_start_end_89f30672_idx;
DROP INDEX public.schedule_event_start_a11492a7;
DROP INDEX public.schedule_event_rule_id_90b83d31;
DROP INDEX public.schedule_event_end_recurring_period_672addcf;
DROP INDEX public.schedule_event_end_674c5848;
DROP INDEX public.schedule_event_creator_id_d2ffab6e;
DROP INDEX public.schedule_event_calendar_id_eb1c700f;
DROP INDEX public.schedule_calendarrelation_object_id_1743bce6;
DROP INDEX public.schedule_calendarrelation_content_type_id_f2a42f5b;
DROP INDEX public.schedule_calendarrelation_calendar_id_0a50be2e;
DROP INDEX public.schedule_calendarrelatio_content_type_id_object_i_3378a516_idx;
DROP INDEX public.schedule_calendar_slug_ba17e861_like;
DROP INDEX public.routine_semester_id_199c0841;
DROP INDEX public.routine_section_id_14562f0a;
DROP INDEX public.routine_course_id_167c644c;
DROP INDEX public.notifications_notification_created_by_id_44297423;
DROP INDEX public.django_session_session_key_c0390e0f_like;
DROP INDEX public.django_session_expire_date_a5c62663;
DROP INDEX public.django_admin_log_user_id_c564eba6;
DROP INDEX public.django_admin_log_content_type_id_c4bce8eb;
DROP INDEX public.courses_term_term_id_0aa07935_like;
DROP INDEX public.courses_studentgrades_exam_id_id_af4e90d1_like;
DROP INDEX public.courses_studentgrades_exam_id_id_af4e90d1;
DROP INDEX public.courses_studentgrades_application_id_id_94809cd5_like;
DROP INDEX public.courses_studentgrades_application_id_id_94809cd5;
DROP INDEX public.courses_selectedcourses_subject_id_id_015aa6b8_like;
DROP INDEX public.courses_selectedcourses_subject_id_id_015aa6b8;
DROP INDEX public.courses_selectedcourses_student_id_id_ff0a71f1;
DROP INDEX public.courses_selectedcourses_semester_id_27ef801c;
DROP INDEX public.courses_routine_subject_id_3124bab6_like;
DROP INDEX public.courses_routine_subject_id_3124bab6;
DROP INDEX public.courses_routine_semester_id_27a336dc;
DROP INDEX public.courses_historicalterm_term_id_36cb33b4_like;
DROP INDEX public.courses_historicalterm_term_id_36cb33b4;
DROP INDEX public.courses_historicalterm_history_user_id_408f80a5;
DROP INDEX public.courses_historicalstudentgrades_id_4f1542bd;
DROP INDEX public.courses_historicalstudentgrades_history_user_id_2e1346ae;
DROP INDEX public.courses_historicalstudentgrades_exam_id_id_acfd6743_like;
DROP INDEX public.courses_historicalstudentgrades_exam_id_id_acfd6743;
DROP INDEX public.courses_historicalstudentgrades_application_id_id_16e47afc_like;
DROP INDEX public.courses_historicalstudentgrades_application_id_id_16e47afc;
DROP INDEX public.courses_historicalselectedcourses_subject_id_id_5e26b656_like;
DROP INDEX public.courses_historicalselectedcourses_subject_id_id_5e26b656;
DROP INDEX public.courses_historicalselectedcourses_student_id_id_5c37abac;
DROP INDEX public.courses_historicalselectedcourses_semester_id_5e2db0d5;
DROP INDEX public.courses_historicalselectedcourses_id_0d2c464d;
DROP INDEX public.courses_historicalselectedcourses_history_user_id_63e55335;
DROP INDEX public.courses_historicalroutine_subject_id_779d04c4_like;
DROP INDEX public.courses_historicalroutine_subject_id_779d04c4;
DROP INDEX public.courses_historicalroutine_semester_id_dc839407;
DROP INDEX public.courses_historicalroutine_id_9cf89b1d;
DROP INDEX public.courses_historicalroutine_history_user_id_92f9c61f;
DROP INDEX public.courses_historicalexams_term_id_731d8b43_like;
DROP INDEX public.courses_historicalexams_term_id_731d8b43;
DROP INDEX public.courses_historicalexams_subject_id_id_eaf0c642_like;
DROP INDEX public.courses_historicalexams_subject_id_id_eaf0c642;
DROP INDEX public.courses_historicalexams_history_user_id_17f12809;
DROP INDEX public.courses_historicalexams_exam_id_f7ab3055_like;
DROP INDEX public.courses_historicalexams_exam_id_f7ab3055;
DROP INDEX public.courses_historicalapplication_form_term_id_35e207bd_like;
DROP INDEX public.courses_historicalapplication_form_term_id_35e207bd;
DROP INDEX public.courses_historicalapplication_form_student_id_edad3667;
DROP INDEX public.courses_historicalapplication_form_semester_id_181a5fcd;
DROP INDEX public.courses_historicalapplication_form_history_user_id_c62e35f4;
DROP INDEX public.courses_historicalapplication_form_application_id_3c397458_like;
DROP INDEX public.courses_historicalapplication_form_application_id_3c397458;
DROP INDEX public.courses_exams_term_id_cd456514_like;
DROP INDEX public.courses_exams_term_id_cd456514;
DROP INDEX public.courses_exams_subject_id_id_856dd336_like;
DROP INDEX public.courses_exams_subject_id_id_856dd336;
DROP INDEX public.courses_exams_exam_id_dbaf578d_like;
DROP INDEX public.courses_application_form_term_id_9948fd42_like;
DROP INDEX public.courses_application_form_term_id_9948fd42;
DROP INDEX public.courses_application_form_student_id_62b16614;
DROP INDEX public.courses_application_form_semester_id_2aa368e5;
DROP INDEX public.courses_application_form_application_id_be1e90fa_like;
DROP INDEX public.auth_permission_content_type_id_2f476e4b;
DROP INDEX public.auth_group_permissions_permission_id_84c5c92e;
DROP INDEX public.auth_group_permissions_group_id_b120cbf9;
DROP INDEX public.auth_group_name_a6ea08ec_like;
DROP INDEX public.attendance_attendancereport_student_id_505e4ce3;
DROP INDEX public.attendance_attendancereport_staff_id_365b7a47;
DROP INDEX public.attendance_attendancereport_extra_user_id_a6b22da6;
DROP INDEX public.attendance_attendancereport_attendance_id_569db293;
DROP INDEX public.attendance_attendance_subject_id_624b6d52_like;
DROP INDEX public.attendance_attendance_subject_id_624b6d52;
DROP INDEX public.attendance_attendance_session_year_id_297c0331;
DROP INDEX public.attendance_attendance_semester_id_2373f578;
DROP INDEX public.attendance_attendance_section_id_ded4af75;
DROP INDEX public.assignment_semester_id_c05739ec;
DROP INDEX public.assignment_section_id_d23dd6c9;
DROP INDEX public.assignment_created_by_id_b084c60b;
DROP INDEX public."assignment_Subject_id_77b3f9b0_like";
DROP INDEX public."assignment_Subject_id_77b3f9b0";
DROP INDEX public.announcement_historicalnotice_id_feffa241;
DROP INDEX public.announcement_historicalnotice_history_user_id_2cbe3072;
DROP INDEX public.announcement_historicalnotice_created_by_id_3b2f9609;
DROP INDEX public.announcement_historicalholiday_id_5599f851;
DROP INDEX public.announcement_historicalholiday_history_user_id_8c7550cf;
DROP INDEX public.academic_historicalsyllabus_semester_id_e99f0517;
DROP INDEX public.academic_historicalsyllabus_id_c74b1322;
DROP INDEX public.academic_historicalsyllabus_history_user_id_21707c18;
DROP INDEX public.academic_historicalroutine_semester_id_d79ff954;
DROP INDEX public.academic_historicalroutine_section_id_ace9b5a5;
DROP INDEX public.academic_historicalroutine_id_fb984dba;
DROP INDEX public.academic_historicalroutine_history_user_id_d8156e22;
DROP INDEX public.academic_historicalroutine_course_id_ffe68262;
DROP INDEX public.academic_historicalassignment_semester_id_5355872f;
DROP INDEX public.academic_historicalassignment_section_id_c5c74020;
DROP INDEX public.academic_historicalassignment_id_658d6daa;
DROP INDEX public.academic_historicalassignment_history_user_id_987b409d;
DROP INDEX public.academic_historicalassignment_created_by_id_81bd6a59;
DROP INDEX public."academic_historicalassignment_Subject_id_a6598bb0_like";
DROP INDEX public."academic_historicalassignment_Subject_id_a6598bb0";
ALTER TABLE ONLY public.student_management_app_subjectteacher DROP CONSTRAINT unique_subject_teacher_section;
ALTER TABLE ONLY public.courses_routine DROP CONSTRAINT unique_classtime;
ALTER TABLE ONLY public.tbl_notice DROP CONSTRAINT tbl_notice_pkey;
ALTER TABLE ONLY public."tbl_Userrole" DROP CONSTRAINT "tbl_Userrole_user_id_key";
ALTER TABLE ONLY public."tbl_Userrole" DROP CONSTRAINT "tbl_Userrole_pkey";
ALTER TABLE ONLY public."tbl_Transport" DROP CONSTRAINT "tbl_Transport_pkey";
ALTER TABLE ONLY public."tbl_Subject" DROP CONSTRAINT "tbl_Subject_pkey";
ALTER TABLE ONLY public."tbl_Studentgroup" DROP CONSTRAINT "tbl_Studentgroup_pkey";
ALTER TABLE ONLY public."tbl_Student" DROP CONSTRAINT "tbl_Student_student_user_id_key";
ALTER TABLE ONLY public."tbl_Student" DROP CONSTRAINT "tbl_Student_stu_id_key";
ALTER TABLE ONLY public."tbl_Student" DROP CONSTRAINT "tbl_Student_register_no_key";
ALTER TABLE ONLY public."tbl_Student" DROP CONSTRAINT "tbl_Student_pkey";
ALTER TABLE ONLY public."tbl_Staff" DROP CONSTRAINT "tbl_Staff_staff_user_id_key";
ALTER TABLE ONLY public."tbl_Staff" DROP CONSTRAINT "tbl_Staff_pkey";
ALTER TABLE ONLY public."tbl_Sociallink" DROP CONSTRAINT "tbl_Sociallink_user_id_key";
ALTER TABLE ONLY public."tbl_Sociallink" DROP CONSTRAINT "tbl_Sociallink_pkey";
ALTER TABLE ONLY public."tbl_Settings" DROP CONSTRAINT "tbl_Settings_pkey";
ALTER TABLE ONLY public."tbl_Sessionyear" DROP CONSTRAINT "tbl_Sessionyear_pkey";
ALTER TABLE ONLY public."tbl_Semester" DROP CONSTRAINT "tbl_Semester_pkey";
ALTER TABLE ONLY public."tbl_Semester" DROP CONSTRAINT "tbl_Semester_name_key";
ALTER TABLE ONLY public."tbl_Section_subject" DROP CONSTRAINT "tbl_Section_subject_section_id_subject_id_90195625_uniq";
ALTER TABLE ONLY public."tbl_Section_subject" DROP CONSTRAINT "tbl_Section_subject_pkey";
ALTER TABLE ONLY public."tbl_Section" DROP CONSTRAINT "tbl_Section_pkey";
ALTER TABLE ONLY public."tbl_Parent" DROP CONSTRAINT "tbl_Parent_pkey";
ALTER TABLE ONLY public."tbl_Parent" DROP CONSTRAINT "tbl_Parent_parent_user_id_key";
ALTER TABLE ONLY public."tbl_Optionalsubject" DROP CONSTRAINT "tbl_Optionalsubject_pkey";
ALTER TABLE ONLY public."tbl_Holiday" DROP CONSTRAINT "tbl_Holiday_pkey";
ALTER TABLE ONLY public."tbl_Extrauser" DROP CONSTRAINT "tbl_Extrauser_pkey";
ALTER TABLE ONLY public."tbl_Extrauser" DROP CONSTRAINT "tbl_Extrauser_extra_user_id_key";
ALTER TABLE ONLY public."tbl_Documentfile" DROP CONSTRAINT "tbl_Documentfile_pkey";
ALTER TABLE ONLY public."tbl_Customuser" DROP CONSTRAINT "tbl_Customuser_username_key";
ALTER TABLE ONLY public."tbl_Customuser_user_permissions" DROP CONSTRAINT "tbl_Customuser_user_permissions_pkey";
ALTER TABLE ONLY public."tbl_Customuser_user_permissions" DROP CONSTRAINT "tbl_Customuser_user_perm_customuser_id_permission_2e1bc223_uniq";
ALTER TABLE ONLY public."tbl_Customuser" DROP CONSTRAINT "tbl_Customuser_pkey";
ALTER TABLE ONLY public."tbl_Customuser_groups" DROP CONSTRAINT "tbl_Customuser_groups_pkey";
ALTER TABLE ONLY public."tbl_Customuser_groups" DROP CONSTRAINT "tbl_Customuser_groups_customuser_id_group_id_4781b749_uniq";
ALTER TABLE ONLY public."tbl_Course" DROP CONSTRAINT "tbl_Course_pkey";
ALTER TABLE ONLY public."tbl_Complain" DROP CONSTRAINT "tbl_Complain_user_id_key";
ALTER TABLE ONLY public."tbl_Complain" DROP CONSTRAINT "tbl_Complain_pkey";
ALTER TABLE ONLY public."tbl_Certificatetemplate" DROP CONSTRAINT "tbl_Certificatetemplate_pkey";
ALTER TABLE ONLY public."tbl_Adminuser" DROP CONSTRAINT "tbl_Adminuser_pkey";
ALTER TABLE ONLY public."tbl_Adminuser" DROP CONSTRAINT "tbl_Adminuser_admin_user_id_key";
ALTER TABLE ONLY public.syllabus DROP CONSTRAINT syllabus_pkey;
ALTER TABLE ONLY public.student_management_app_subjectteacher DROP CONSTRAINT student_management_app_subjectteacher_pkey;
ALTER TABLE ONLY public.student_management_app_historicalsubject DROP CONSTRAINT student_management_app_historicalsubject_pkey;
ALTER TABLE ONLY public.student_management_app_historicalstudent DROP CONSTRAINT student_management_app_historicalstudent_pkey;
ALTER TABLE ONLY public.student_management_app_historicalstaff DROP CONSTRAINT student_management_app_historicalstaff_pkey;
ALTER TABLE ONLY public.student_management_app_historicalsociallink DROP CONSTRAINT student_management_app_historicalsociallink_pkey;
ALTER TABLE ONLY public.student_management_app_historicalsemester DROP CONSTRAINT student_management_app_historicalsemester_pkey;
ALTER TABLE ONLY public.student_management_app_historicalsection DROP CONSTRAINT student_management_app_historicalsection_pkey;
ALTER TABLE ONLY public.student_management_app_historicalextrauser DROP CONSTRAINT student_management_app_historicalextrauser_pkey;
ALTER TABLE ONLY public.student_management_app_historicaldocumentfile DROP CONSTRAINT student_management_app_historicaldocumentfile_pkey;
ALTER TABLE ONLY public.student_management_app_historicalcourse DROP CONSTRAINT student_management_app_historicalcourse_pkey;
ALTER TABLE ONLY public.student_management_app_historicalcomplain DROP CONSTRAINT student_management_app_historicalcomplain_pkey;
ALTER TABLE ONLY public.student_management_app_historicalcertificatetemplate DROP CONSTRAINT student_management_app_historicalcertificatetemplate_pkey;
ALTER TABLE ONLY public.student_management_app_historicaladminuser DROP CONSTRAINT student_management_app_historicaladminuser_pkey;
ALTER TABLE ONLY public.student_management_app_department DROP CONSTRAINT student_management_app_department_pkey;
ALTER TABLE ONLY public.schedule_rule DROP CONSTRAINT schedule_rule_pkey;
ALTER TABLE ONLY public.schedule_occurrence DROP CONSTRAINT schedule_occurrence_pkey;
ALTER TABLE ONLY public.schedule_historicalevent DROP CONSTRAINT schedule_historicalevent_pkey;
ALTER TABLE ONLY public.schedule_eventrelation DROP CONSTRAINT schedule_eventrelation_pkey;
ALTER TABLE ONLY public.schedule_event DROP CONSTRAINT schedule_event_pkey;
ALTER TABLE ONLY public.schedule_calendarrelation DROP CONSTRAINT schedule_calendarrelation_pkey;
ALTER TABLE ONLY public.schedule_calendar DROP CONSTRAINT schedule_calendar_slug_key;
ALTER TABLE ONLY public.schedule_calendar DROP CONSTRAINT schedule_calendar_pkey;
ALTER TABLE ONLY public.routine DROP CONSTRAINT routine_pkey;
ALTER TABLE ONLY public.notifications_notification DROP CONSTRAINT notifications_notification_pkey;
ALTER TABLE ONLY public.django_session DROP CONSTRAINT django_session_pkey;
ALTER TABLE ONLY public.django_migrations DROP CONSTRAINT django_migrations_pkey;
ALTER TABLE ONLY public.django_content_type DROP CONSTRAINT django_content_type_pkey;
ALTER TABLE ONLY public.django_content_type DROP CONSTRAINT django_content_type_app_label_model_76bd3d3b_uniq;
ALTER TABLE ONLY public.django_admin_log DROP CONSTRAINT django_admin_log_pkey;
ALTER TABLE ONLY public.courses_term DROP CONSTRAINT courses_term_pkey;
ALTER TABLE ONLY public.courses_studentgrades DROP CONSTRAINT courses_studentgrades_pkey;
ALTER TABLE ONLY public.courses_selectedcourses DROP CONSTRAINT courses_selectedcourses_pkey;
ALTER TABLE ONLY public.courses_routine DROP CONSTRAINT courses_routine_pkey;
ALTER TABLE ONLY public.courses_historicalterm DROP CONSTRAINT courses_historicalterm_pkey;
ALTER TABLE ONLY public.courses_historicalstudentgrades DROP CONSTRAINT courses_historicalstudentgrades_pkey;
ALTER TABLE ONLY public.courses_historicalselectedcourses DROP CONSTRAINT courses_historicalselectedcourses_pkey;
ALTER TABLE ONLY public.courses_historicalroutine DROP CONSTRAINT courses_historicalroutine_pkey;
ALTER TABLE ONLY public.courses_historicalexams DROP CONSTRAINT courses_historicalexams_pkey;
ALTER TABLE ONLY public.courses_historicalapplication_form DROP CONSTRAINT courses_historicalapplication_form_pkey;
ALTER TABLE ONLY public.courses_exams DROP CONSTRAINT courses_exams_pkey;
ALTER TABLE ONLY public.courses_application_form DROP CONSTRAINT courses_application_form_pkey;
ALTER TABLE ONLY public.auth_permission DROP CONSTRAINT auth_permission_pkey;
ALTER TABLE ONLY public.auth_permission DROP CONSTRAINT auth_permission_content_type_id_codename_01ab375a_uniq;
ALTER TABLE ONLY public.auth_group DROP CONSTRAINT auth_group_pkey;
ALTER TABLE ONLY public.auth_group_permissions DROP CONSTRAINT auth_group_permissions_pkey;
ALTER TABLE ONLY public.auth_group_permissions DROP CONSTRAINT auth_group_permissions_group_id_permission_id_0cd325b0_uniq;
ALTER TABLE ONLY public.auth_group DROP CONSTRAINT auth_group_name_key;
ALTER TABLE ONLY public.attendance_attendancereport DROP CONSTRAINT attendance_attendancereport_pkey;
ALTER TABLE ONLY public.attendance_attendance DROP CONSTRAINT attendance_attendance_pkey;
ALTER TABLE ONLY public.assignment DROP CONSTRAINT assignment_pkey;
ALTER TABLE ONLY public.announcement_historicalnotice DROP CONSTRAINT announcement_historicalnotice_pkey;
ALTER TABLE ONLY public.announcement_historicalholiday DROP CONSTRAINT announcement_historicalholiday_pkey;
ALTER TABLE ONLY public.academic_historicalsyllabus DROP CONSTRAINT academic_historicalsyllabus_pkey;
ALTER TABLE ONLY public.academic_historicalroutine DROP CONSTRAINT academic_historicalroutine_pkey;
ALTER TABLE ONLY public.academic_historicalassignment DROP CONSTRAINT academic_historicalassignment_pkey;
ALTER TABLE public.tbl_notice ALTER COLUMN id DROP DEFAULT;
ALTER TABLE public."tbl_Userrole" ALTER COLUMN id DROP DEFAULT;
ALTER TABLE public."tbl_Transport" ALTER COLUMN id DROP DEFAULT;
ALTER TABLE public."tbl_Studentgroup" ALTER COLUMN id DROP DEFAULT;
ALTER TABLE public."tbl_Student" ALTER COLUMN id DROP DEFAULT;
ALTER TABLE public."tbl_Staff" ALTER COLUMN id DROP DEFAULT;
ALTER TABLE public."tbl_Sociallink" ALTER COLUMN id DROP DEFAULT;
ALTER TABLE public."tbl_Settings" ALTER COLUMN id DROP DEFAULT;
ALTER TABLE public."tbl_Sessionyear" ALTER COLUMN id DROP DEFAULT;
ALTER TABLE public."tbl_Semester" ALTER COLUMN id DROP DEFAULT;
ALTER TABLE public."tbl_Section_subject" ALTER COLUMN id DROP DEFAULT;
ALTER TABLE public."tbl_Section" ALTER COLUMN id DROP DEFAULT;
ALTER TABLE public."tbl_Parent" ALTER COLUMN id DROP DEFAULT;
ALTER TABLE public."tbl_Optionalsubject" ALTER COLUMN id DROP DEFAULT;
ALTER TABLE public."tbl_Holiday" ALTER COLUMN id DROP DEFAULT;
ALTER TABLE public."tbl_Extrauser" ALTER COLUMN id DROP DEFAULT;
ALTER TABLE public."tbl_Documentfile" ALTER COLUMN id DROP DEFAULT;
ALTER TABLE public."tbl_Customuser_user_permissions" ALTER COLUMN id DROP DEFAULT;
ALTER TABLE public."tbl_Customuser_groups" ALTER COLUMN id DROP DEFAULT;
ALTER TABLE public."tbl_Customuser" ALTER COLUMN id DROP DEFAULT;
ALTER TABLE public."tbl_Course" ALTER COLUMN id DROP DEFAULT;
ALTER TABLE public."tbl_Complain" ALTER COLUMN id DROP DEFAULT;
ALTER TABLE public."tbl_Certificatetemplate" ALTER COLUMN id DROP DEFAULT;
ALTER TABLE public."tbl_Adminuser" ALTER COLUMN id DROP DEFAULT;
ALTER TABLE public.syllabus ALTER COLUMN id DROP DEFAULT;
ALTER TABLE public.student_management_app_subjectteacher ALTER COLUMN id DROP DEFAULT;
ALTER TABLE public.student_management_app_historicalsubject ALTER COLUMN history_id DROP DEFAULT;
ALTER TABLE public.student_management_app_historicalstudent ALTER COLUMN history_id DROP DEFAULT;
ALTER TABLE public.student_management_app_historicalstaff ALTER COLUMN history_id DROP DEFAULT;
ALTER TABLE public.student_management_app_historicalsociallink ALTER COLUMN history_id DROP DEFAULT;
ALTER TABLE public.student_management_app_historicalsemester ALTER COLUMN history_id DROP DEFAULT;
ALTER TABLE public.student_management_app_historicalsection ALTER COLUMN history_id DROP DEFAULT;
ALTER TABLE public.student_management_app_historicalextrauser ALTER COLUMN history_id DROP DEFAULT;
ALTER TABLE public.student_management_app_historicaldocumentfile ALTER COLUMN history_id DROP DEFAULT;
ALTER TABLE public.student_management_app_historicalcourse ALTER COLUMN history_id DROP DEFAULT;
ALTER TABLE public.student_management_app_historicalcomplain ALTER COLUMN history_id DROP DEFAULT;
ALTER TABLE public.student_management_app_historicalcertificatetemplate ALTER COLUMN history_id DROP DEFAULT;
ALTER TABLE public.student_management_app_historicaladminuser ALTER COLUMN history_id DROP DEFAULT;
ALTER TABLE public.student_management_app_department ALTER COLUMN id DROP DEFAULT;
ALTER TABLE public.schedule_rule ALTER COLUMN id DROP DEFAULT;
ALTER TABLE public.schedule_occurrence ALTER COLUMN id DROP DEFAULT;
ALTER TABLE public.schedule_historicalevent ALTER COLUMN history_id DROP DEFAULT;
ALTER TABLE public.schedule_eventrelation ALTER COLUMN id DROP DEFAULT;
ALTER TABLE public.schedule_event ALTER COLUMN id DROP DEFAULT;
ALTER TABLE public.schedule_calendarrelation ALTER COLUMN id DROP DEFAULT;
ALTER TABLE public.schedule_calendar ALTER COLUMN id DROP DEFAULT;
ALTER TABLE public.routine ALTER COLUMN id DROP DEFAULT;
ALTER TABLE public.notifications_notification ALTER COLUMN id DROP DEFAULT;
ALTER TABLE public.django_migrations ALTER COLUMN id DROP DEFAULT;
ALTER TABLE public.django_content_type ALTER COLUMN id DROP DEFAULT;
ALTER TABLE public.django_admin_log ALTER COLUMN id DROP DEFAULT;
ALTER TABLE public.courses_studentgrades ALTER COLUMN id DROP DEFAULT;
ALTER TABLE public.courses_selectedcourses ALTER COLUMN id DROP DEFAULT;
ALTER TABLE public.courses_routine ALTER COLUMN id DROP DEFAULT;
ALTER TABLE public.courses_historicalterm ALTER COLUMN history_id DROP DEFAULT;
ALTER TABLE public.courses_historicalstudentgrades ALTER COLUMN history_id DROP DEFAULT;
ALTER TABLE public.courses_historicalselectedcourses ALTER COLUMN history_id DROP DEFAULT;
ALTER TABLE public.courses_historicalroutine ALTER COLUMN history_id DROP DEFAULT;
ALTER TABLE public.courses_historicalexams ALTER COLUMN history_id DROP DEFAULT;
ALTER TABLE public.courses_historicalapplication_form ALTER COLUMN history_id DROP DEFAULT;
ALTER TABLE public.auth_permission ALTER COLUMN id DROP DEFAULT;
ALTER TABLE public.auth_group_permissions ALTER COLUMN id DROP DEFAULT;
ALTER TABLE public.auth_group ALTER COLUMN id DROP DEFAULT;
ALTER TABLE public.attendance_attendancereport ALTER COLUMN id DROP DEFAULT;
ALTER TABLE public.attendance_attendance ALTER COLUMN id DROP DEFAULT;
ALTER TABLE public.assignment ALTER COLUMN id DROP DEFAULT;
ALTER TABLE public.announcement_historicalnotice ALTER COLUMN history_id DROP DEFAULT;
ALTER TABLE public.announcement_historicalholiday ALTER COLUMN history_id DROP DEFAULT;
ALTER TABLE public.academic_historicalsyllabus ALTER COLUMN history_id DROP DEFAULT;
ALTER TABLE public.academic_historicalroutine ALTER COLUMN history_id DROP DEFAULT;
ALTER TABLE public.academic_historicalassignment ALTER COLUMN history_id DROP DEFAULT;
DROP SEQUENCE public.tbl_notice_id_seq;
DROP TABLE public.tbl_notice;
DROP SEQUENCE public."tbl_Userrole_id_seq";
DROP TABLE public."tbl_Userrole";
DROP SEQUENCE public."tbl_Transport_id_seq";
DROP TABLE public."tbl_Transport";
DROP TABLE public."tbl_Subject";
DROP SEQUENCE public."tbl_Studentgroup_id_seq";
DROP TABLE public."tbl_Studentgroup";
DROP SEQUENCE public."tbl_Student_id_seq";
DROP TABLE public."tbl_Student";
DROP SEQUENCE public."tbl_Staff_id_seq";
DROP TABLE public."tbl_Staff";
DROP SEQUENCE public."tbl_Sociallink_id_seq";
DROP TABLE public."tbl_Sociallink";
DROP SEQUENCE public."tbl_Settings_id_seq";
DROP TABLE public."tbl_Settings";
DROP SEQUENCE public."tbl_Sessionyear_id_seq";
DROP TABLE public."tbl_Sessionyear";
DROP SEQUENCE public."tbl_Semester_id_seq";
DROP TABLE public."tbl_Semester";
DROP SEQUENCE public."tbl_Section_subject_id_seq";
DROP TABLE public."tbl_Section_subject";
DROP SEQUENCE public."tbl_Section_id_seq";
DROP TABLE public."tbl_Section";
DROP SEQUENCE public."tbl_Parent_id_seq";
DROP TABLE public."tbl_Parent";
DROP SEQUENCE public."tbl_Optionalsubject_id_seq";
DROP TABLE public."tbl_Optionalsubject";
DROP SEQUENCE public."tbl_Holiday_id_seq";
DROP TABLE public."tbl_Holiday";
DROP SEQUENCE public."tbl_Extrauser_id_seq";
DROP TABLE public."tbl_Extrauser";
DROP SEQUENCE public."tbl_Documentfile_id_seq";
DROP TABLE public."tbl_Documentfile";
DROP SEQUENCE public."tbl_Customuser_user_permissions_id_seq";
DROP TABLE public."tbl_Customuser_user_permissions";
DROP SEQUENCE public."tbl_Customuser_id_seq";
DROP SEQUENCE public."tbl_Customuser_groups_id_seq";
DROP TABLE public."tbl_Customuser_groups";
DROP TABLE public."tbl_Customuser";
DROP SEQUENCE public."tbl_Course_id_seq";
DROP TABLE public."tbl_Course";
DROP SEQUENCE public."tbl_Complain_id_seq";
DROP TABLE public."tbl_Complain";
DROP SEQUENCE public."tbl_Certificatetemplate_id_seq";
DROP TABLE public."tbl_Certificatetemplate";
DROP SEQUENCE public."tbl_Adminuser_id_seq";
DROP TABLE public."tbl_Adminuser";
DROP SEQUENCE public.syllabus_id_seq;
DROP TABLE public.syllabus;
DROP SEQUENCE public.student_management_app_subjectteacher_id_seq;
DROP TABLE public.student_management_app_subjectteacher;
DROP SEQUENCE public.student_management_app_historicalsubject_history_id_seq;
DROP TABLE public.student_management_app_historicalsubject;
DROP SEQUENCE public.student_management_app_historicalstudent_history_id_seq;
DROP TABLE public.student_management_app_historicalstudent;
DROP SEQUENCE public.student_management_app_historicalstaff_history_id_seq;
DROP TABLE public.student_management_app_historicalstaff;
DROP SEQUENCE public.student_management_app_historicalsociallink_history_id_seq;
DROP TABLE public.student_management_app_historicalsociallink;
DROP SEQUENCE public.student_management_app_historicalsemester_history_id_seq;
DROP TABLE public.student_management_app_historicalsemester;
DROP SEQUENCE public.student_management_app_historicalsection_history_id_seq;
DROP TABLE public.student_management_app_historicalsection;
DROP SEQUENCE public.student_management_app_historicalextrauser_history_id_seq;
DROP TABLE public.student_management_app_historicalextrauser;
DROP SEQUENCE public.student_management_app_historicaldocumentfile_history_id_seq;
DROP TABLE public.student_management_app_historicaldocumentfile;
DROP SEQUENCE public.student_management_app_historicalcourse_history_id_seq;
DROP TABLE public.student_management_app_historicalcourse;
DROP SEQUENCE public.student_management_app_historicalcomplain_history_id_seq;
DROP TABLE public.student_management_app_historicalcomplain;
DROP SEQUENCE public.student_management_app_historicalcertificatetemp_history_id_seq;
DROP TABLE public.student_management_app_historicalcertificatetemplate;
DROP SEQUENCE public.student_management_app_historicaladminuser_history_id_seq;
DROP TABLE public.student_management_app_historicaladminuser;
DROP SEQUENCE public.student_management_app_department_id_seq;
DROP TABLE public.student_management_app_department;
DROP SEQUENCE public.schedule_rule_id_seq;
DROP TABLE public.schedule_rule;
DROP SEQUENCE public.schedule_occurrence_id_seq;
DROP TABLE public.schedule_occurrence;
DROP SEQUENCE public.schedule_historicalevent_history_id_seq;
DROP TABLE public.schedule_historicalevent;
DROP SEQUENCE public.schedule_eventrelation_id_seq;
DROP TABLE public.schedule_eventrelation;
DROP SEQUENCE public.schedule_event_id_seq;
DROP TABLE public.schedule_event;
DROP SEQUENCE public.schedule_calendarrelation_id_seq;
DROP TABLE public.schedule_calendarrelation;
DROP SEQUENCE public.schedule_calendar_id_seq;
DROP TABLE public.schedule_calendar;
DROP SEQUENCE public.routine_id_seq;
DROP TABLE public.routine;
DROP SEQUENCE public.notifications_notification_id_seq;
DROP TABLE public.notifications_notification;
DROP TABLE public.django_session;
DROP SEQUENCE public.django_migrations_id_seq;
DROP TABLE public.django_migrations;
DROP SEQUENCE public.django_content_type_id_seq;
DROP TABLE public.django_content_type;
DROP SEQUENCE public.django_admin_log_id_seq;
DROP TABLE public.django_admin_log;
DROP TABLE public.courses_term;
DROP SEQUENCE public.courses_studentgrades_id_seq;
DROP TABLE public.courses_studentgrades;
DROP SEQUENCE public.courses_selectedcourses_id_seq;
DROP TABLE public.courses_selectedcourses;
DROP SEQUENCE public.courses_routine_id_seq;
DROP TABLE public.courses_routine;
DROP SEQUENCE public.courses_historicalterm_history_id_seq;
DROP TABLE public.courses_historicalterm;
DROP SEQUENCE public.courses_historicalstudentgrades_history_id_seq;
DROP TABLE public.courses_historicalstudentgrades;
DROP SEQUENCE public.courses_historicalselectedcourses_history_id_seq;
DROP TABLE public.courses_historicalselectedcourses;
DROP SEQUENCE public.courses_historicalroutine_history_id_seq;
DROP TABLE public.courses_historicalroutine;
DROP SEQUENCE public.courses_historicalexams_history_id_seq;
DROP TABLE public.courses_historicalexams;
DROP SEQUENCE public.courses_historicalapplication_form_history_id_seq;
DROP TABLE public.courses_historicalapplication_form;
DROP TABLE public.courses_exams;
DROP TABLE public.courses_application_form;
DROP SEQUENCE public.auth_permission_id_seq;
DROP TABLE public.auth_permission;
DROP SEQUENCE public.auth_group_permissions_id_seq;
DROP TABLE public.auth_group_permissions;
DROP SEQUENCE public.auth_group_id_seq;
DROP TABLE public.auth_group;
DROP SEQUENCE public.attendance_attendancereport_id_seq;
DROP TABLE public.attendance_attendancereport;
DROP SEQUENCE public.attendance_attendance_id_seq;
DROP TABLE public.attendance_attendance;
DROP SEQUENCE public.assignment_id_seq;
DROP TABLE public.assignment;
DROP SEQUENCE public.announcement_historicalnotice_history_id_seq;
DROP TABLE public.announcement_historicalnotice;
DROP SEQUENCE public.announcement_historicalholiday_history_id_seq;
DROP TABLE public.announcement_historicalholiday;
DROP SEQUENCE public.academic_historicalsyllabus_history_id_seq;
DROP TABLE public.academic_historicalsyllabus;
DROP SEQUENCE public.academic_historicalroutine_history_id_seq;
DROP TABLE public.academic_historicalroutine;
DROP SEQUENCE public.academic_historicalassignment_history_id_seq;
DROP TABLE public.academic_historicalassignment;
SET default_tablespace = '';

SET default_with_oids = false;

--
-- Name: academic_historicalassignment; Type: TABLE; Schema: public; Owner: gci_mis2
--

CREATE TABLE public.academic_historicalassignment (
    id bigint NOT NULL,
    title character varying(100) NOT NULL,
    description text NOT NULL,
    deadline timestamp with time zone NOT NULL,
    file text,
    created_at timestamp with time zone NOT NULL,
    updated_at timestamp with time zone NOT NULL,
    history_id integer NOT NULL,
    history_date timestamp with time zone NOT NULL,
    history_change_reason character varying(100),
    history_type character varying(1) NOT NULL,
    "Subject_id" character varying(50),
    created_by_id bigint,
    history_user_id bigint,
    section_id bigint,
    semester_id bigint
);


ALTER TABLE public.academic_historicalassignment OWNER TO gci_mis2;

--
-- Name: academic_historicalassignment_history_id_seq; Type: SEQUENCE; Schema: public; Owner: gci_mis2
--

CREATE SEQUENCE public.academic_historicalassignment_history_id_seq
    AS integer
    START WITH 1
    INCREMENT BY 1
    NO MINVALUE
    NO MAXVALUE
    CACHE 1;


ALTER TABLE public.academic_historicalassignment_history_id_seq OWNER TO gci_mis2;

--
-- Name: academic_historicalassignment_history_id_seq; Type: SEQUENCE OWNED BY; Schema: public; Owner: gci_mis2
--

ALTER SEQUENCE public.academic_historicalassignment_history_id_seq OWNED BY public.academic_historicalassignment.history_id;


--
-- Name: academic_historicalroutine; Type: TABLE; Schema: public; Owner: gci_mis2
--

CREATE TABLE public.academic_historicalroutine (
    id bigint NOT NULL,
    routine_file text NOT NULL,
    college_year character varying(50),
    day character varying(100),
    starting_time time without time zone,
    ending_time time without time zone,
    room character varying(100),
    history_id integer NOT NULL,
    history_date timestamp with time zone NOT NULL,
    history_change_reason character varying(100),
    history_type character varying(1) NOT NULL,
    course_id bigint,
    history_user_id bigint,
    section_id bigint,
    semester_id bigint
);


ALTER TABLE public.academic_historicalroutine OWNER TO gci_mis2;

--
-- Name: academic_historicalroutine_history_id_seq; Type: SEQUENCE; Schema: public; Owner: gci_mis2
--

CREATE SEQUENCE public.academic_historicalroutine_history_id_seq
    AS integer
    START WITH 1
    INCREMENT BY 1
    NO MINVALUE
    NO MAXVALUE
    CACHE 1;


ALTER TABLE public.academic_historicalroutine_history_id_seq OWNER TO gci_mis2;

--
-- Name: academic_historicalroutine_history_id_seq; Type: SEQUENCE OWNED BY; Schema: public; Owner: gci_mis2
--

ALTER SEQUENCE public.academic_historicalroutine_history_id_seq OWNED BY public.academic_historicalroutine.history_id;


--
-- Name: academic_historicalsyllabus; Type: TABLE; Schema: public; Owner: gci_mis2
--

CREATE TABLE public.academic_historicalsyllabus (
    id bigint NOT NULL,
    title character varying(100) NOT NULL,
    file text NOT NULL,
    description text NOT NULL,
    history_id integer NOT NULL,
    history_date timestamp with time zone NOT NULL,
    history_change_reason character varying(100),
    history_type character varying(1) NOT NULL,
    history_user_id bigint,
    semester_id bigint
);


ALTER TABLE public.academic_historicalsyllabus OWNER TO gci_mis2;

--
-- Name: academic_historicalsyllabus_history_id_seq; Type: SEQUENCE; Schema: public; Owner: gci_mis2
--

CREATE SEQUENCE public.academic_historicalsyllabus_history_id_seq
    AS integer
    START WITH 1
    INCREMENT BY 1
    NO MINVALUE
    NO MAXVALUE
    CACHE 1;


ALTER TABLE public.academic_historicalsyllabus_history_id_seq OWNER TO gci_mis2;

--
-- Name: academic_historicalsyllabus_history_id_seq; Type: SEQUENCE OWNED BY; Schema: public; Owner: gci_mis2
--

ALTER SEQUENCE public.academic_historicalsyllabus_history_id_seq OWNED BY public.academic_historicalsyllabus.history_id;


--
-- Name: announcement_historicalholiday; Type: TABLE; Schema: public; Owner: gci_mis2
--

CREATE TABLE public.announcement_historicalholiday (
    id bigint NOT NULL,
    title character varying(100) NOT NULL,
    from_date date NOT NULL,
    to_date date NOT NULL,
    image text,
    details text NOT NULL,
    created_at timestamp with time zone NOT NULL,
    updated_at timestamp with time zone NOT NULL,
    history_id integer NOT NULL,
    history_date timestamp with time zone NOT NULL,
    history_change_reason character varying(100),
    history_type character varying(1) NOT NULL,
    history_user_id bigint
);


ALTER TABLE public.announcement_historicalholiday OWNER TO gci_mis2;

--
-- Name: announcement_historicalholiday_history_id_seq; Type: SEQUENCE; Schema: public; Owner: gci_mis2
--

CREATE SEQUENCE public.announcement_historicalholiday_history_id_seq
    AS integer
    START WITH 1
    INCREMENT BY 1
    NO MINVALUE
    NO MAXVALUE
    CACHE 1;


ALTER TABLE public.announcement_historicalholiday_history_id_seq OWNER TO gci_mis2;

--
-- Name: announcement_historicalholiday_history_id_seq; Type: SEQUENCE OWNED BY; Schema: public; Owner: gci_mis2
--

ALTER SEQUENCE public.announcement_historicalholiday_history_id_seq OWNED BY public.announcement_historicalholiday.history_id;


--
-- Name: announcement_historicalnotice; Type: TABLE; Schema: public; Owner: gci_mis2
--

CREATE TABLE public.announcement_historicalnotice (
    id bigint NOT NULL,
    title character varying(100) NOT NULL,
    file text,
    notice text,
    status boolean NOT NULL,
    created_at timestamp with time zone NOT NULL,
    updated_at timestamp with time zone NOT NULL,
    history_id integer NOT NULL,
    history_date timestamp with time zone NOT NULL,
    history_change_reason character varying(100),
    history_type character varying(1) NOT NULL,
    created_by_id bigint,
    history_user_id bigint
);


ALTER TABLE public.announcement_historicalnotice OWNER TO gci_mis2;

--
-- Name: announcement_historicalnotice_history_id_seq; Type: SEQUENCE; Schema: public; Owner: gci_mis2
--

CREATE SEQUENCE public.announcement_historicalnotice_history_id_seq
    AS integer
    START WITH 1
    INCREMENT BY 1
    NO MINVALUE
    NO MAXVALUE
    CACHE 1;


ALTER TABLE public.announcement_historicalnotice_history_id_seq OWNER TO gci_mis2;

--
-- Name: announcement_historicalnotice_history_id_seq; Type: SEQUENCE OWNED BY; Schema: public; Owner: gci_mis2
--

ALTER SEQUENCE public.announcement_historicalnotice_history_id_seq OWNED BY public.announcement_historicalnotice.history_id;


--
-- Name: assignment; Type: TABLE; Schema: public; Owner: gci_mis2
--

CREATE TABLE public.assignment (
    id bigint NOT NULL,
    title character varying(100) NOT NULL,
    description text NOT NULL,
    deadline timestamp with time zone NOT NULL,
    file character varying(100),
    created_at timestamp with time zone NOT NULL,
    updated_at timestamp with time zone NOT NULL,
    "Subject_id" character varying(50) NOT NULL,
    created_by_id bigint,
    section_id bigint,
    semester_id bigint NOT NULL
);


ALTER TABLE public.assignment OWNER TO gci_mis2;

--
-- Name: assignment_id_seq; Type: SEQUENCE; Schema: public; Owner: gci_mis2
--

CREATE SEQUENCE public.assignment_id_seq
    START WITH 1
    INCREMENT BY 1
    NO MINVALUE
    NO MAXVALUE
    CACHE 1;


ALTER TABLE public.assignment_id_seq OWNER TO gci_mis2;

--
-- Name: assignment_id_seq; Type: SEQUENCE OWNED BY; Schema: public; Owner: gci_mis2
--

ALTER SEQUENCE public.assignment_id_seq OWNED BY public.assignment.id;


--
-- Name: attendance_attendance; Type: TABLE; Schema: public; Owner: gci_mis2
--

CREATE TABLE public.attendance_attendance (
    id bigint NOT NULL,
    attendance_date date,
    created_at timestamp with time zone NOT NULL,
    updated_at timestamp with time zone NOT NULL,
    section_id bigint,
    semester_id bigint,
    session_year_id bigint,
    subject_id character varying(50)
);


ALTER TABLE public.attendance_attendance OWNER TO gci_mis2;

--
-- Name: attendance_attendance_id_seq; Type: SEQUENCE; Schema: public; Owner: gci_mis2
--

CREATE SEQUENCE public.attendance_attendance_id_seq
    START WITH 1
    INCREMENT BY 1
    NO MINVALUE
    NO MAXVALUE
    CACHE 1;


ALTER TABLE public.attendance_attendance_id_seq OWNER TO gci_mis2;

--
-- Name: attendance_attendance_id_seq; Type: SEQUENCE OWNED BY; Schema: public; Owner: gci_mis2
--

ALTER SEQUENCE public.attendance_attendance_id_seq OWNED BY public.attendance_attendance.id;


--
-- Name: attendance_attendancereport; Type: TABLE; Schema: public; Owner: gci_mis2
--

CREATE TABLE public.attendance_attendancereport (
    id bigint NOT NULL,
    status character varying(50) NOT NULL,
    remarks character varying(250),
    created_at timestamp with time zone NOT NULL,
    updated_at timestamp with time zone NOT NULL,
    attendance_id bigint NOT NULL,
    extra_user_id bigint,
    staff_id bigint,
    student_id bigint
);


ALTER TABLE public.attendance_attendancereport OWNER TO gci_mis2;

--
-- Name: attendance_attendancereport_id_seq; Type: SEQUENCE; Schema: public; Owner: gci_mis2
--

CREATE SEQUENCE public.attendance_attendancereport_id_seq
    START WITH 1
    INCREMENT BY 1
    NO MINVALUE
    NO MAXVALUE
    CACHE 1;


ALTER TABLE public.attendance_attendancereport_id_seq OWNER TO gci_mis2;

--
-- Name: attendance_attendancereport_id_seq; Type: SEQUENCE OWNED BY; Schema: public; Owner: gci_mis2
--

ALTER SEQUENCE public.attendance_attendancereport_id_seq OWNED BY public.attendance_attendancereport.id;


--
-- Name: auth_group; Type: TABLE; Schema: public; Owner: gci_mis2
--

CREATE TABLE public.auth_group (
    id integer NOT NULL,
    name character varying(150) NOT NULL
);


ALTER TABLE public.auth_group OWNER TO gci_mis2;

--
-- Name: auth_group_id_seq; Type: SEQUENCE; Schema: public; Owner: gci_mis2
--

CREATE SEQUENCE public.auth_group_id_seq
    AS integer
    START WITH 1
    INCREMENT BY 1
    NO MINVALUE
    NO MAXVALUE
    CACHE 1;


ALTER TABLE public.auth_group_id_seq OWNER TO gci_mis2;

--
-- Name: auth_group_id_seq; Type: SEQUENCE OWNED BY; Schema: public; Owner: gci_mis2
--

ALTER SEQUENCE public.auth_group_id_seq OWNED BY public.auth_group.id;


--
-- Name: auth_group_permissions; Type: TABLE; Schema: public; Owner: gci_mis2
--

CREATE TABLE public.auth_group_permissions (
    id bigint NOT NULL,
    group_id integer NOT NULL,
    permission_id integer NOT NULL
);


ALTER TABLE public.auth_group_permissions OWNER TO gci_mis2;

--
-- Name: auth_group_permissions_id_seq; Type: SEQUENCE; Schema: public; Owner: gci_mis2
--

CREATE SEQUENCE public.auth_group_permissions_id_seq
    START WITH 1
    INCREMENT BY 1
    NO MINVALUE
    NO MAXVALUE
    CACHE 1;


ALTER TABLE public.auth_group_permissions_id_seq OWNER TO gci_mis2;

--
-- Name: auth_group_permissions_id_seq; Type: SEQUENCE OWNED BY; Schema: public; Owner: gci_mis2
--

ALTER SEQUENCE public.auth_group_permissions_id_seq OWNED BY public.auth_group_permissions.id;


--
-- Name: auth_permission; Type: TABLE; Schema: public; Owner: gci_mis2
--

CREATE TABLE public.auth_permission (
    id integer NOT NULL,
    name character varying(255) NOT NULL,
    content_type_id integer NOT NULL,
    codename character varying(100) NOT NULL
);


ALTER TABLE public.auth_permission OWNER TO gci_mis2;

--
-- Name: auth_permission_id_seq; Type: SEQUENCE; Schema: public; Owner: gci_mis2
--

CREATE SEQUENCE public.auth_permission_id_seq
    AS integer
    START WITH 1
    INCREMENT BY 1
    NO MINVALUE
    NO MAXVALUE
    CACHE 1;


ALTER TABLE public.auth_permission_id_seq OWNER TO gci_mis2;

--
-- Name: auth_permission_id_seq; Type: SEQUENCE OWNED BY; Schema: public; Owner: gci_mis2
--

ALTER SEQUENCE public.auth_permission_id_seq OWNED BY public.auth_permission.id;


--
-- Name: courses_application_form; Type: TABLE; Schema: public; Owner: gci_mis2
--

CREATE TABLE public.courses_application_form (
    application_id character varying(30) NOT NULL,
    status boolean NOT NULL,
    application_date date NOT NULL,
    created_at timestamp with time zone NOT NULL,
    updated_at timestamp with time zone NOT NULL,
    semester_id bigint NOT NULL,
    student_id bigint NOT NULL,
    term_id character varying(30) NOT NULL
);


ALTER TABLE public.courses_application_form OWNER TO gci_mis2;

--
-- Name: courses_exams; Type: TABLE; Schema: public; Owner: gci_mis2
--

CREATE TABLE public.courses_exams (
    exam_id character varying(100) NOT NULL,
    exam_title character varying(100) NOT NULL,
    exam_format character varying(50) NOT NULL,
    date date NOT NULL,
    "time" time without time zone NOT NULL,
    full_marks integer NOT NULL,
    pass_marks integer NOT NULL,
    created_at timestamp with time zone NOT NULL,
    updated_at timestamp with time zone NOT NULL,
    subject_id_id character varying(50),
    term_id character varying(30) NOT NULL
);


ALTER TABLE public.courses_exams OWNER TO gci_mis2;

--
-- Name: courses_historicalapplication_form; Type: TABLE; Schema: public; Owner: gci_mis2
--

CREATE TABLE public.courses_historicalapplication_form (
    application_id character varying(30) NOT NULL,
    status boolean NOT NULL,
    application_date date NOT NULL,
    created_at timestamp with time zone NOT NULL,
    updated_at timestamp with time zone NOT NULL,
    history_id integer NOT NULL,
    history_date timestamp with time zone NOT NULL,
    history_change_reason character varying(100),
    history_type character varying(1) NOT NULL,
    history_user_id bigint,
    semester_id bigint,
    student_id bigint,
    term_id character varying(30)
);


ALTER TABLE public.courses_historicalapplication_form OWNER TO gci_mis2;

--
-- Name: courses_historicalapplication_form_history_id_seq; Type: SEQUENCE; Schema: public; Owner: gci_mis2
--

CREATE SEQUENCE public.courses_historicalapplication_form_history_id_seq
    AS integer
    START WITH 1
    INCREMENT BY 1
    NO MINVALUE
    NO MAXVALUE
    CACHE 1;


ALTER TABLE public.courses_historicalapplication_form_history_id_seq OWNER TO gci_mis2;

--
-- Name: courses_historicalapplication_form_history_id_seq; Type: SEQUENCE OWNED BY; Schema: public; Owner: gci_mis2
--

ALTER SEQUENCE public.courses_historicalapplication_form_history_id_seq OWNED BY public.courses_historicalapplication_form.history_id;


--
-- Name: courses_historicalexams; Type: TABLE; Schema: public; Owner: gci_mis2
--

CREATE TABLE public.courses_historicalexams (
    exam_id character varying(100) NOT NULL,
    exam_title character varying(100) NOT NULL,
    exam_format character varying(50) NOT NULL,
    date date NOT NULL,
    "time" time without time zone NOT NULL,
    full_marks integer NOT NULL,
    pass_marks integer NOT NULL,
    created_at timestamp with time zone NOT NULL,
    updated_at timestamp with time zone NOT NULL,
    history_id integer NOT NULL,
    history_date timestamp with time zone NOT NULL,
    history_change_reason character varying(100),
    history_type character varying(1) NOT NULL,
    history_user_id bigint,
    subject_id_id character varying(50),
    term_id character varying(30)
);


ALTER TABLE public.courses_historicalexams OWNER TO gci_mis2;

--
-- Name: courses_historicalexams_history_id_seq; Type: SEQUENCE; Schema: public; Owner: gci_mis2
--

CREATE SEQUENCE public.courses_historicalexams_history_id_seq
    AS integer
    START WITH 1
    INCREMENT BY 1
    NO MINVALUE
    NO MAXVALUE
    CACHE 1;


ALTER TABLE public.courses_historicalexams_history_id_seq OWNER TO gci_mis2;

--
-- Name: courses_historicalexams_history_id_seq; Type: SEQUENCE OWNED BY; Schema: public; Owner: gci_mis2
--

ALTER SEQUENCE public.courses_historicalexams_history_id_seq OWNED BY public.courses_historicalexams.history_id;


--
-- Name: courses_historicalroutine; Type: TABLE; Schema: public; Owner: gci_mis2
--

CREATE TABLE public.courses_historicalroutine (
    id bigint NOT NULL,
    day integer NOT NULL,
    period integer NOT NULL,
    created_at timestamp with time zone NOT NULL,
    updated_at timestamp with time zone NOT NULL,
    history_id integer NOT NULL,
    history_date timestamp with time zone NOT NULL,
    history_change_reason character varying(100),
    history_type character varying(1) NOT NULL,
    history_user_id bigint,
    semester_id bigint,
    subject_id character varying(50)
);


ALTER TABLE public.courses_historicalroutine OWNER TO gci_mis2;

--
-- Name: courses_historicalroutine_history_id_seq; Type: SEQUENCE; Schema: public; Owner: gci_mis2
--

CREATE SEQUENCE public.courses_historicalroutine_history_id_seq
    AS integer
    START WITH 1
    INCREMENT BY 1
    NO MINVALUE
    NO MAXVALUE
    CACHE 1;


ALTER TABLE public.courses_historicalroutine_history_id_seq OWNER TO gci_mis2;

--
-- Name: courses_historicalroutine_history_id_seq; Type: SEQUENCE OWNED BY; Schema: public; Owner: gci_mis2
--

ALTER SEQUENCE public.courses_historicalroutine_history_id_seq OWNED BY public.courses_historicalroutine.history_id;


--
-- Name: courses_historicalselectedcourses; Type: TABLE; Schema: public; Owner: gci_mis2
--

CREATE TABLE public.courses_historicalselectedcourses (
    id bigint NOT NULL,
    year integer NOT NULL,
    created_at timestamp with time zone NOT NULL,
    updated_at timestamp with time zone NOT NULL,
    history_id integer NOT NULL,
    history_date timestamp with time zone NOT NULL,
    history_change_reason character varying(100),
    history_type character varying(1) NOT NULL,
    history_user_id bigint,
    semester_id bigint,
    student_id_id bigint,
    subject_id_id character varying(50)
);


ALTER TABLE public.courses_historicalselectedcourses OWNER TO gci_mis2;

--
-- Name: courses_historicalselectedcourses_history_id_seq; Type: SEQUENCE; Schema: public; Owner: gci_mis2
--

CREATE SEQUENCE public.courses_historicalselectedcourses_history_id_seq
    AS integer
    START WITH 1
    INCREMENT BY 1
    NO MINVALUE
    NO MAXVALUE
    CACHE 1;


ALTER TABLE public.courses_historicalselectedcourses_history_id_seq OWNER TO gci_mis2;

--
-- Name: courses_historicalselectedcourses_history_id_seq; Type: SEQUENCE OWNED BY; Schema: public; Owner: gci_mis2
--

ALTER SEQUENCE public.courses_historicalselectedcourses_history_id_seq OWNED BY public.courses_historicalselectedcourses.history_id;


--
-- Name: courses_historicalstudentgrades; Type: TABLE; Schema: public; Owner: gci_mis2
--

CREATE TABLE public.courses_historicalstudentgrades (
    id bigint NOT NULL,
    marks integer NOT NULL,
    passed boolean NOT NULL,
    exam_type boolean NOT NULL,
    rank integer,
    created_at timestamp with time zone NOT NULL,
    updated_at timestamp with time zone NOT NULL,
    history_id integer NOT NULL,
    history_date timestamp with time zone NOT NULL,
    history_change_reason character varying(100),
    history_type character varying(1) NOT NULL,
    application_id_id character varying(30),
    exam_id_id character varying(100),
    history_user_id bigint
);


ALTER TABLE public.courses_historicalstudentgrades OWNER TO gci_mis2;

--
-- Name: courses_historicalstudentgrades_history_id_seq; Type: SEQUENCE; Schema: public; Owner: gci_mis2
--

CREATE SEQUENCE public.courses_historicalstudentgrades_history_id_seq
    AS integer
    START WITH 1
    INCREMENT BY 1
    NO MINVALUE
    NO MAXVALUE
    CACHE 1;


ALTER TABLE public.courses_historicalstudentgrades_history_id_seq OWNER TO gci_mis2;

--
-- Name: courses_historicalstudentgrades_history_id_seq; Type: SEQUENCE OWNED BY; Schema: public; Owner: gci_mis2
--

ALTER SEQUENCE public.courses_historicalstudentgrades_history_id_seq OWNED BY public.courses_historicalstudentgrades.history_id;


--
-- Name: courses_historicalterm; Type: TABLE; Schema: public; Owner: gci_mis2
--

CREATE TABLE public.courses_historicalterm (
    term_id character varying(30) NOT NULL,
    year integer NOT NULL,
    term_name character varying(25) NOT NULL,
    start_date date NOT NULL,
    end_date date NOT NULL,
    exam_centre character varying(30) NOT NULL,
    created_at timestamp with time zone NOT NULL,
    updated_at timestamp with time zone NOT NULL,
    history_id integer NOT NULL,
    history_date timestamp with time zone NOT NULL,
    history_change_reason character varying(100),
    history_type character varying(1) NOT NULL,
    history_user_id bigint
);


ALTER TABLE public.courses_historicalterm OWNER TO gci_mis2;

--
-- Name: courses_historicalterm_history_id_seq; Type: SEQUENCE; Schema: public; Owner: gci_mis2
--

CREATE SEQUENCE public.courses_historicalterm_history_id_seq
    AS integer
    START WITH 1
    INCREMENT BY 1
    NO MINVALUE
    NO MAXVALUE
    CACHE 1;


ALTER TABLE public.courses_historicalterm_history_id_seq OWNER TO gci_mis2;

--
-- Name: courses_historicalterm_history_id_seq; Type: SEQUENCE OWNED BY; Schema: public; Owner: gci_mis2
--

ALTER SEQUENCE public.courses_historicalterm_history_id_seq OWNED BY public.courses_historicalterm.history_id;


--
-- Name: courses_routine; Type: TABLE; Schema: public; Owner: gci_mis2
--

CREATE TABLE public.courses_routine (
    id bigint NOT NULL,
    day integer NOT NULL,
    period integer NOT NULL,
    created_at timestamp with time zone NOT NULL,
    updated_at timestamp with time zone NOT NULL,
    semester_id bigint NOT NULL,
    subject_id character varying(50) NOT NULL
);


ALTER TABLE public.courses_routine OWNER TO gci_mis2;

--
-- Name: courses_routine_id_seq; Type: SEQUENCE; Schema: public; Owner: gci_mis2
--

CREATE SEQUENCE public.courses_routine_id_seq
    START WITH 1
    INCREMENT BY 1
    NO MINVALUE
    NO MAXVALUE
    CACHE 1;


ALTER TABLE public.courses_routine_id_seq OWNER TO gci_mis2;

--
-- Name: courses_routine_id_seq; Type: SEQUENCE OWNED BY; Schema: public; Owner: gci_mis2
--

ALTER SEQUENCE public.courses_routine_id_seq OWNED BY public.courses_routine.id;


--
-- Name: courses_selectedcourses; Type: TABLE; Schema: public; Owner: gci_mis2
--

CREATE TABLE public.courses_selectedcourses (
    id bigint NOT NULL,
    year integer NOT NULL,
    created_at timestamp with time zone NOT NULL,
    updated_at timestamp with time zone NOT NULL,
    semester_id bigint NOT NULL,
    student_id_id bigint NOT NULL,
    subject_id_id character varying(50) NOT NULL
);


ALTER TABLE public.courses_selectedcourses OWNER TO gci_mis2;

--
-- Name: courses_selectedcourses_id_seq; Type: SEQUENCE; Schema: public; Owner: gci_mis2
--

CREATE SEQUENCE public.courses_selectedcourses_id_seq
    START WITH 1
    INCREMENT BY 1
    NO MINVALUE
    NO MAXVALUE
    CACHE 1;


ALTER TABLE public.courses_selectedcourses_id_seq OWNER TO gci_mis2;

--
-- Name: courses_selectedcourses_id_seq; Type: SEQUENCE OWNED BY; Schema: public; Owner: gci_mis2
--

ALTER SEQUENCE public.courses_selectedcourses_id_seq OWNED BY public.courses_selectedcourses.id;


--
-- Name: courses_studentgrades; Type: TABLE; Schema: public; Owner: gci_mis2
--

CREATE TABLE public.courses_studentgrades (
    id bigint NOT NULL,
    marks integer NOT NULL,
    passed boolean NOT NULL,
    exam_type boolean NOT NULL,
    rank integer,
    created_at timestamp with time zone NOT NULL,
    updated_at timestamp with time zone NOT NULL,
    application_id_id character varying(30) NOT NULL,
    exam_id_id character varying(100) NOT NULL
);


ALTER TABLE public.courses_studentgrades OWNER TO gci_mis2;

--
-- Name: courses_studentgrades_id_seq; Type: SEQUENCE; Schema: public; Owner: gci_mis2
--

CREATE SEQUENCE public.courses_studentgrades_id_seq
    START WITH 1
    INCREMENT BY 1
    NO MINVALUE
    NO MAXVALUE
    CACHE 1;


ALTER TABLE public.courses_studentgrades_id_seq OWNER TO gci_mis2;

--
-- Name: courses_studentgrades_id_seq; Type: SEQUENCE OWNED BY; Schema: public; Owner: gci_mis2
--

ALTER SEQUENCE public.courses_studentgrades_id_seq OWNED BY public.courses_studentgrades.id;


--
-- Name: courses_term; Type: TABLE; Schema: public; Owner: gci_mis2
--

CREATE TABLE public.courses_term (
    term_id character varying(30) NOT NULL,
    year integer NOT NULL,
    term_name character varying(25) NOT NULL,
    start_date date NOT NULL,
    end_date date NOT NULL,
    exam_centre character varying(30) NOT NULL,
    created_at timestamp with time zone NOT NULL,
    updated_at timestamp with time zone NOT NULL
);


ALTER TABLE public.courses_term OWNER TO gci_mis2;

--
-- Name: django_admin_log; Type: TABLE; Schema: public; Owner: gci_mis2
--

CREATE TABLE public.django_admin_log (
    id integer NOT NULL,
    action_time timestamp with time zone NOT NULL,
    object_id text,
    object_repr character varying(200) NOT NULL,
    action_flag smallint NOT NULL,
    change_message text NOT NULL,
    content_type_id integer,
    user_id bigint NOT NULL,
    CONSTRAINT django_admin_log_action_flag_check CHECK ((action_flag >= 0))
);


ALTER TABLE public.django_admin_log OWNER TO gci_mis2;

--
-- Name: django_admin_log_id_seq; Type: SEQUENCE; Schema: public; Owner: gci_mis2
--

CREATE SEQUENCE public.django_admin_log_id_seq
    AS integer
    START WITH 1
    INCREMENT BY 1
    NO MINVALUE
    NO MAXVALUE
    CACHE 1;


ALTER TABLE public.django_admin_log_id_seq OWNER TO gci_mis2;

--
-- Name: django_admin_log_id_seq; Type: SEQUENCE OWNED BY; Schema: public; Owner: gci_mis2
--

ALTER SEQUENCE public.django_admin_log_id_seq OWNED BY public.django_admin_log.id;


--
-- Name: django_content_type; Type: TABLE; Schema: public; Owner: gci_mis2
--

CREATE TABLE public.django_content_type (
    id integer NOT NULL,
    app_label character varying(100) NOT NULL,
    model character varying(100) NOT NULL
);


ALTER TABLE public.django_content_type OWNER TO gci_mis2;

--
-- Name: django_content_type_id_seq; Type: SEQUENCE; Schema: public; Owner: gci_mis2
--

CREATE SEQUENCE public.django_content_type_id_seq
    AS integer
    START WITH 1
    INCREMENT BY 1
    NO MINVALUE
    NO MAXVALUE
    CACHE 1;


ALTER TABLE public.django_content_type_id_seq OWNER TO gci_mis2;

--
-- Name: django_content_type_id_seq; Type: SEQUENCE OWNED BY; Schema: public; Owner: gci_mis2
--

ALTER SEQUENCE public.django_content_type_id_seq OWNED BY public.django_content_type.id;


--
-- Name: django_migrations; Type: TABLE; Schema: public; Owner: gci_mis2
--

CREATE TABLE public.django_migrations (
    id bigint NOT NULL,
    app character varying(255) NOT NULL,
    name character varying(255) NOT NULL,
    applied timestamp with time zone NOT NULL
);


ALTER TABLE public.django_migrations OWNER TO gci_mis2;

--
-- Name: django_migrations_id_seq; Type: SEQUENCE; Schema: public; Owner: gci_mis2
--

CREATE SEQUENCE public.django_migrations_id_seq
    START WITH 1
    INCREMENT BY 1
    NO MINVALUE
    NO MAXVALUE
    CACHE 1;


ALTER TABLE public.django_migrations_id_seq OWNER TO gci_mis2;

--
-- Name: django_migrations_id_seq; Type: SEQUENCE OWNED BY; Schema: public; Owner: gci_mis2
--

ALTER SEQUENCE public.django_migrations_id_seq OWNED BY public.django_migrations.id;


--
-- Name: django_session; Type: TABLE; Schema: public; Owner: gci_mis2
--

CREATE TABLE public.django_session (
    session_key character varying(40) NOT NULL,
    session_data text NOT NULL,
    expire_date timestamp with time zone NOT NULL
);


ALTER TABLE public.django_session OWNER TO gci_mis2;

--
-- Name: notifications_notification; Type: TABLE; Schema: public; Owner: gci_mis2
--

CREATE TABLE public.notifications_notification (
    id bigint NOT NULL,
    post character varying(200),
    notification_type integer NOT NULL,
    is_seen boolean NOT NULL,
    type character varying(20) NOT NULL,
    created_at timestamp with time zone NOT NULL,
    created_by_id bigint
);


ALTER TABLE public.notifications_notification OWNER TO gci_mis2;

--
-- Name: notifications_notification_id_seq; Type: SEQUENCE; Schema: public; Owner: gci_mis2
--

CREATE SEQUENCE public.notifications_notification_id_seq
    START WITH 1
    INCREMENT BY 1
    NO MINVALUE
    NO MAXVALUE
    CACHE 1;


ALTER TABLE public.notifications_notification_id_seq OWNER TO gci_mis2;

--
-- Name: notifications_notification_id_seq; Type: SEQUENCE OWNED BY; Schema: public; Owner: gci_mis2
--

ALTER SEQUENCE public.notifications_notification_id_seq OWNED BY public.notifications_notification.id;


--
-- Name: routine; Type: TABLE; Schema: public; Owner: gci_mis2
--

CREATE TABLE public.routine (
    id bigint NOT NULL,
    routine_file character varying(100) NOT NULL,
    college_year character varying(50),
    day character varying(100),
    starting_time time without time zone,
    ending_time time without time zone,
    room character varying(100),
    course_id bigint,
    section_id bigint NOT NULL,
    semester_id bigint NOT NULL
);


ALTER TABLE public.routine OWNER TO gci_mis2;

--
-- Name: routine_id_seq; Type: SEQUENCE; Schema: public; Owner: gci_mis2
--

CREATE SEQUENCE public.routine_id_seq
    START WITH 1
    INCREMENT BY 1
    NO MINVALUE
    NO MAXVALUE
    CACHE 1;


ALTER TABLE public.routine_id_seq OWNER TO gci_mis2;

--
-- Name: routine_id_seq; Type: SEQUENCE OWNED BY; Schema: public; Owner: gci_mis2
--

ALTER SEQUENCE public.routine_id_seq OWNED BY public.routine.id;


--
-- Name: schedule_calendar; Type: TABLE; Schema: public; Owner: gci_mis2
--

CREATE TABLE public.schedule_calendar (
    id bigint NOT NULL,
    name character varying(200) NOT NULL,
    slug character varying(200) NOT NULL
);


ALTER TABLE public.schedule_calendar OWNER TO gci_mis2;

--
-- Name: schedule_calendar_id_seq; Type: SEQUENCE; Schema: public; Owner: gci_mis2
--

CREATE SEQUENCE public.schedule_calendar_id_seq
    START WITH 1
    INCREMENT BY 1
    NO MINVALUE
    NO MAXVALUE
    CACHE 1;


ALTER TABLE public.schedule_calendar_id_seq OWNER TO gci_mis2;

--
-- Name: schedule_calendar_id_seq; Type: SEQUENCE OWNED BY; Schema: public; Owner: gci_mis2
--

ALTER SEQUENCE public.schedule_calendar_id_seq OWNED BY public.schedule_calendar.id;


--
-- Name: schedule_calendarrelation; Type: TABLE; Schema: public; Owner: gci_mis2
--

CREATE TABLE public.schedule_calendarrelation (
    id bigint NOT NULL,
    object_id integer NOT NULL,
    distinction character varying(20) NOT NULL,
    inheritable boolean NOT NULL,
    calendar_id bigint NOT NULL,
    content_type_id integer NOT NULL
);


ALTER TABLE public.schedule_calendarrelation OWNER TO gci_mis2;

--
-- Name: schedule_calendarrelation_id_seq; Type: SEQUENCE; Schema: public; Owner: gci_mis2
--

CREATE SEQUENCE public.schedule_calendarrelation_id_seq
    START WITH 1
    INCREMENT BY 1
    NO MINVALUE
    NO MAXVALUE
    CACHE 1;


ALTER TABLE public.schedule_calendarrelation_id_seq OWNER TO gci_mis2;

--
-- Name: schedule_calendarrelation_id_seq; Type: SEQUENCE OWNED BY; Schema: public; Owner: gci_mis2
--

ALTER SEQUENCE public.schedule_calendarrelation_id_seq OWNED BY public.schedule_calendarrelation.id;


--
-- Name: schedule_event; Type: TABLE; Schema: public; Owner: gci_mis2
--

CREATE TABLE public.schedule_event (
    id bigint NOT NULL,
    start timestamp with time zone NOT NULL,
    "end" timestamp with time zone NOT NULL,
    title character varying(255) NOT NULL,
    description text NOT NULL,
    created_on timestamp with time zone NOT NULL,
    updated_on timestamp with time zone NOT NULL,
    end_recurring_period timestamp with time zone,
    color_event character varying(10) NOT NULL,
    calendar_id bigint NOT NULL,
    creator_id bigint,
    rule_id bigint
);


ALTER TABLE public.schedule_event OWNER TO gci_mis2;

--
-- Name: schedule_event_id_seq; Type: SEQUENCE; Schema: public; Owner: gci_mis2
--

CREATE SEQUENCE public.schedule_event_id_seq
    START WITH 1
    INCREMENT BY 1
    NO MINVALUE
    NO MAXVALUE
    CACHE 1;


ALTER TABLE public.schedule_event_id_seq OWNER TO gci_mis2;

--
-- Name: schedule_event_id_seq; Type: SEQUENCE OWNED BY; Schema: public; Owner: gci_mis2
--

ALTER SEQUENCE public.schedule_event_id_seq OWNED BY public.schedule_event.id;


--
-- Name: schedule_eventrelation; Type: TABLE; Schema: public; Owner: gci_mis2
--

CREATE TABLE public.schedule_eventrelation (
    id bigint NOT NULL,
    object_id integer NOT NULL,
    distinction character varying(20) NOT NULL,
    content_type_id integer NOT NULL,
    event_id bigint NOT NULL
);


ALTER TABLE public.schedule_eventrelation OWNER TO gci_mis2;

--
-- Name: schedule_eventrelation_id_seq; Type: SEQUENCE; Schema: public; Owner: gci_mis2
--

CREATE SEQUENCE public.schedule_eventrelation_id_seq
    START WITH 1
    INCREMENT BY 1
    NO MINVALUE
    NO MAXVALUE
    CACHE 1;


ALTER TABLE public.schedule_eventrelation_id_seq OWNER TO gci_mis2;

--
-- Name: schedule_eventrelation_id_seq; Type: SEQUENCE OWNED BY; Schema: public; Owner: gci_mis2
--

ALTER SEQUENCE public.schedule_eventrelation_id_seq OWNED BY public.schedule_eventrelation.id;


--
-- Name: schedule_historicalevent; Type: TABLE; Schema: public; Owner: gci_mis2
--

CREATE TABLE public.schedule_historicalevent (
    id bigint NOT NULL,
    start timestamp with time zone NOT NULL,
    "end" timestamp with time zone NOT NULL,
    title character varying(255) NOT NULL,
    description text NOT NULL,
    created_on timestamp with time zone NOT NULL,
    updated_on timestamp with time zone NOT NULL,
    end_recurring_period timestamp with time zone,
    color_event character varying(10) NOT NULL,
    history_id integer NOT NULL,
    history_date timestamp with time zone NOT NULL,
    history_change_reason character varying(100),
    history_type character varying(1) NOT NULL,
    calendar_id bigint,
    creator_id bigint,
    history_user_id bigint,
    rule_id bigint
);


ALTER TABLE public.schedule_historicalevent OWNER TO gci_mis2;

--
-- Name: schedule_historicalevent_history_id_seq; Type: SEQUENCE; Schema: public; Owner: gci_mis2
--

CREATE SEQUENCE public.schedule_historicalevent_history_id_seq
    AS integer
    START WITH 1
    INCREMENT BY 1
    NO MINVALUE
    NO MAXVALUE
    CACHE 1;


ALTER TABLE public.schedule_historicalevent_history_id_seq OWNER TO gci_mis2;

--
-- Name: schedule_historicalevent_history_id_seq; Type: SEQUENCE OWNED BY; Schema: public; Owner: gci_mis2
--

ALTER SEQUENCE public.schedule_historicalevent_history_id_seq OWNED BY public.schedule_historicalevent.history_id;


--
-- Name: schedule_occurrence; Type: TABLE; Schema: public; Owner: gci_mis2
--

CREATE TABLE public.schedule_occurrence (
    id bigint NOT NULL,
    title character varying(255) NOT NULL,
    description text NOT NULL,
    start timestamp with time zone NOT NULL,
    "end" timestamp with time zone NOT NULL,
    cancelled boolean NOT NULL,
    original_start timestamp with time zone NOT NULL,
    original_end timestamp with time zone NOT NULL,
    created_on timestamp with time zone NOT NULL,
    updated_on timestamp with time zone NOT NULL,
    event_id bigint NOT NULL
);


ALTER TABLE public.schedule_occurrence OWNER TO gci_mis2;

--
-- Name: schedule_occurrence_id_seq; Type: SEQUENCE; Schema: public; Owner: gci_mis2
--

CREATE SEQUENCE public.schedule_occurrence_id_seq
    START WITH 1
    INCREMENT BY 1
    NO MINVALUE
    NO MAXVALUE
    CACHE 1;


ALTER TABLE public.schedule_occurrence_id_seq OWNER TO gci_mis2;

--
-- Name: schedule_occurrence_id_seq; Type: SEQUENCE OWNED BY; Schema: public; Owner: gci_mis2
--

ALTER SEQUENCE public.schedule_occurrence_id_seq OWNED BY public.schedule_occurrence.id;


--
-- Name: schedule_rule; Type: TABLE; Schema: public; Owner: gci_mis2
--

CREATE TABLE public.schedule_rule (
    id bigint NOT NULL,
    name character varying(32) NOT NULL,
    description text NOT NULL,
    frequency character varying(10) NOT NULL,
    params text NOT NULL
);


ALTER TABLE public.schedule_rule OWNER TO gci_mis2;

--
-- Name: schedule_rule_id_seq; Type: SEQUENCE; Schema: public; Owner: gci_mis2
--

CREATE SEQUENCE public.schedule_rule_id_seq
    START WITH 1
    INCREMENT BY 1
    NO MINVALUE
    NO MAXVALUE
    CACHE 1;


ALTER TABLE public.schedule_rule_id_seq OWNER TO gci_mis2;

--
-- Name: schedule_rule_id_seq; Type: SEQUENCE OWNED BY; Schema: public; Owner: gci_mis2
--

ALTER SEQUENCE public.schedule_rule_id_seq OWNED BY public.schedule_rule.id;


--
-- Name: student_management_app_department; Type: TABLE; Schema: public; Owner: gci_mis2
--

CREATE TABLE public.student_management_app_department (
    id bigint NOT NULL,
    name character varying(50) NOT NULL
);


ALTER TABLE public.student_management_app_department OWNER TO gci_mis2;

--
-- Name: student_management_app_department_id_seq; Type: SEQUENCE; Schema: public; Owner: gci_mis2
--

CREATE SEQUENCE public.student_management_app_department_id_seq
    START WITH 1
    INCREMENT BY 1
    NO MINVALUE
    NO MAXVALUE
    CACHE 1;


ALTER TABLE public.student_management_app_department_id_seq OWNER TO gci_mis2;

--
-- Name: student_management_app_department_id_seq; Type: SEQUENCE OWNED BY; Schema: public; Owner: gci_mis2
--

ALTER SEQUENCE public.student_management_app_department_id_seq OWNED BY public.student_management_app_department.id;


--
-- Name: student_management_app_historicaladminuser; Type: TABLE; Schema: public; Owner: gci_mis2
--

CREATE TABLE public.student_management_app_historicaladminuser (
    id bigint NOT NULL,
    dob date,
    gender character varying(20) NOT NULL,
    religion character varying(100) NOT NULL,
    contact character varying(30) NOT NULL,
    address character varying(255) NOT NULL,
    join_date date,
    image text,
    status boolean NOT NULL,
    created_at timestamp with time zone NOT NULL,
    updated_at timestamp with time zone NOT NULL,
    history_id integer NOT NULL,
    history_date timestamp with time zone NOT NULL,
    history_change_reason character varying(100),
    history_type character varying(1) NOT NULL,
    admin_user_id bigint,
    history_user_id bigint
);


ALTER TABLE public.student_management_app_historicaladminuser OWNER TO gci_mis2;

--
-- Name: student_management_app_historicaladminuser_history_id_seq; Type: SEQUENCE; Schema: public; Owner: gci_mis2
--

CREATE SEQUENCE public.student_management_app_historicaladminuser_history_id_seq
    AS integer
    START WITH 1
    INCREMENT BY 1
    NO MINVALUE
    NO MAXVALUE
    CACHE 1;


ALTER TABLE public.student_management_app_historicaladminuser_history_id_seq OWNER TO gci_mis2;

--
-- Name: student_management_app_historicaladminuser_history_id_seq; Type: SEQUENCE OWNED BY; Schema: public; Owner: gci_mis2
--

ALTER SEQUENCE public.student_management_app_historicaladminuser_history_id_seq OWNED BY public.student_management_app_historicaladminuser.history_id;


--
-- Name: student_management_app_historicalcertificatetemplate; Type: TABLE; Schema: public; Owner: gci_mis2
--

CREATE TABLE public.student_management_app_historicalcertificatetemplate (
    id bigint NOT NULL,
    certificate_number character varying(50) NOT NULL,
    date_of_issue date NOT NULL,
    salutations character varying(50),
    passed_year integer NOT NULL,
    photo text,
    created_at date NOT NULL,
    updated_at date NOT NULL,
    certificate_name character varying(250) NOT NULL,
    theme character varying(50) NOT NULL,
    main_middle_text text NOT NULL,
    top_heading_title text NOT NULL,
    top_heading_left text NOT NULL,
    top_heading_middle text NOT NULL,
    top_heading_right text NOT NULL,
    footer_left_text text NOT NULL,
    footer_middle_text text NOT NULL,
    footer_right_text text NOT NULL,
    background_image text NOT NULL,
    history_id integer NOT NULL,
    history_date timestamp with time zone NOT NULL,
    history_change_reason character varying(100),
    history_type character varying(1) NOT NULL,
    history_user_id bigint,
    student_id bigint
);


ALTER TABLE public.student_management_app_historicalcertificatetemplate OWNER TO gci_mis2;

--
-- Name: student_management_app_historicalcertificatetemp_history_id_seq; Type: SEQUENCE; Schema: public; Owner: gci_mis2
--

CREATE SEQUENCE public.student_management_app_historicalcertificatetemp_history_id_seq
    AS integer
    START WITH 1
    INCREMENT BY 1
    NO MINVALUE
    NO MAXVALUE
    CACHE 1;


ALTER TABLE public.student_management_app_historicalcertificatetemp_history_id_seq OWNER TO gci_mis2;

--
-- Name: student_management_app_historicalcertificatetemp_history_id_seq; Type: SEQUENCE OWNED BY; Schema: public; Owner: gci_mis2
--

ALTER SEQUENCE public.student_management_app_historicalcertificatetemp_history_id_seq OWNED BY public.student_management_app_historicalcertificatetemplate.history_id;


--
-- Name: student_management_app_historicalcomplain; Type: TABLE; Schema: public; Owner: gci_mis2
--

CREATE TABLE public.student_management_app_historicalcomplain (
    id bigint NOT NULL,
    title character varying(100) NOT NULL,
    role character varying(100) NOT NULL,
    description text NOT NULL,
    attachment text NOT NULL,
    created_at date NOT NULL,
    updated_at date NOT NULL,
    history_id integer NOT NULL,
    history_date timestamp with time zone NOT NULL,
    history_change_reason character varying(100),
    history_type character varying(1) NOT NULL,
    history_user_id bigint,
    user_id bigint
);


ALTER TABLE public.student_management_app_historicalcomplain OWNER TO gci_mis2;

--
-- Name: student_management_app_historicalcomplain_history_id_seq; Type: SEQUENCE; Schema: public; Owner: gci_mis2
--

CREATE SEQUENCE public.student_management_app_historicalcomplain_history_id_seq
    AS integer
    START WITH 1
    INCREMENT BY 1
    NO MINVALUE
    NO MAXVALUE
    CACHE 1;


ALTER TABLE public.student_management_app_historicalcomplain_history_id_seq OWNER TO gci_mis2;

--
-- Name: student_management_app_historicalcomplain_history_id_seq; Type: SEQUENCE OWNED BY; Schema: public; Owner: gci_mis2
--

ALTER SEQUENCE public.student_management_app_historicalcomplain_history_id_seq OWNED BY public.student_management_app_historicalcomplain.history_id;


--
-- Name: student_management_app_historicalcourse; Type: TABLE; Schema: public; Owner: gci_mis2
--

CREATE TABLE public.student_management_app_historicalcourse (
    id bigint NOT NULL,
    course_name character varying(255) NOT NULL,
    course_code character varying(50) NOT NULL,
    course_description text NOT NULL,
    created_at timestamp with time zone NOT NULL,
    updated_at timestamp with time zone NOT NULL,
    history_id integer NOT NULL,
    history_date timestamp with time zone NOT NULL,
    history_change_reason character varying(100),
    history_type character varying(1) NOT NULL,
    history_user_id bigint
);


ALTER TABLE public.student_management_app_historicalcourse OWNER TO gci_mis2;

--
-- Name: student_management_app_historicalcourse_history_id_seq; Type: SEQUENCE; Schema: public; Owner: gci_mis2
--

CREATE SEQUENCE public.student_management_app_historicalcourse_history_id_seq
    AS integer
    START WITH 1
    INCREMENT BY 1
    NO MINVALUE
    NO MAXVALUE
    CACHE 1;


ALTER TABLE public.student_management_app_historicalcourse_history_id_seq OWNER TO gci_mis2;

--
-- Name: student_management_app_historicalcourse_history_id_seq; Type: SEQUENCE OWNED BY; Schema: public; Owner: gci_mis2
--

ALTER SEQUENCE public.student_management_app_historicalcourse_history_id_seq OWNED BY public.student_management_app_historicalcourse.history_id;


--
-- Name: student_management_app_historicaldocumentfile; Type: TABLE; Schema: public; Owner: gci_mis2
--

CREATE TABLE public.student_management_app_historicaldocumentfile (
    id bigint NOT NULL,
    title character varying(100) NOT NULL,
    file text NOT NULL,
    created_at date NOT NULL,
    updated_at date NOT NULL,
    history_id integer NOT NULL,
    history_date timestamp with time zone NOT NULL,
    history_change_reason character varying(100),
    history_type character varying(1) NOT NULL,
    extra_user_id bigint,
    history_user_id bigint,
    parent_id bigint,
    staff_id bigint,
    student_id bigint
);


ALTER TABLE public.student_management_app_historicaldocumentfile OWNER TO gci_mis2;

--
-- Name: student_management_app_historicaldocumentfile_history_id_seq; Type: SEQUENCE; Schema: public; Owner: gci_mis2
--

CREATE SEQUENCE public.student_management_app_historicaldocumentfile_history_id_seq
    AS integer
    START WITH 1
    INCREMENT BY 1
    NO MINVALUE
    NO MAXVALUE
    CACHE 1;


ALTER TABLE public.student_management_app_historicaldocumentfile_history_id_seq OWNER TO gci_mis2;

--
-- Name: student_management_app_historicaldocumentfile_history_id_seq; Type: SEQUENCE OWNED BY; Schema: public; Owner: gci_mis2
--

ALTER SEQUENCE public.student_management_app_historicaldocumentfile_history_id_seq OWNED BY public.student_management_app_historicaldocumentfile.history_id;


--
-- Name: student_management_app_historicalextrauser; Type: TABLE; Schema: public; Owner: gci_mis2
--

CREATE TABLE public.student_management_app_historicalextrauser (
    id bigint NOT NULL,
    dob date,
    gender character varying(20) NOT NULL,
    religion character varying(100) NOT NULL,
    contact character varying(30) NOT NULL,
    address character varying(255) NOT NULL,
    join_date date,
    image text,
    status boolean NOT NULL,
    created_at timestamp with time zone NOT NULL,
    updated_at timestamp with time zone NOT NULL,
    history_id integer NOT NULL,
    history_date timestamp with time zone NOT NULL,
    history_change_reason character varying(100),
    history_type character varying(1) NOT NULL,
    extra_user_id bigint,
    history_user_id bigint,
    role_id integer
);


ALTER TABLE public.student_management_app_historicalextrauser OWNER TO gci_mis2;

--
-- Name: student_management_app_historicalextrauser_history_id_seq; Type: SEQUENCE; Schema: public; Owner: gci_mis2
--

CREATE SEQUENCE public.student_management_app_historicalextrauser_history_id_seq
    AS integer
    START WITH 1
    INCREMENT BY 1
    NO MINVALUE
    NO MAXVALUE
    CACHE 1;


ALTER TABLE public.student_management_app_historicalextrauser_history_id_seq OWNER TO gci_mis2;

--
-- Name: student_management_app_historicalextrauser_history_id_seq; Type: SEQUENCE OWNED BY; Schema: public; Owner: gci_mis2
--

ALTER SEQUENCE public.student_management_app_historicalextrauser_history_id_seq OWNED BY public.student_management_app_historicalextrauser.history_id;


--
-- Name: student_management_app_historicalsection; Type: TABLE; Schema: public; Owner: gci_mis2
--

CREATE TABLE public.student_management_app_historicalsection (
    id bigint NOT NULL,
    section_name character varying(100) NOT NULL,
    capacity integer,
    category character varying(200) NOT NULL,
    description text NOT NULL,
    created_at timestamp with time zone NOT NULL,
    updated_at timestamp with time zone NOT NULL,
    history_id integer NOT NULL,
    history_date timestamp with time zone NOT NULL,
    history_change_reason character varying(100),
    history_type character varying(1) NOT NULL,
    history_user_id bigint,
    semester_id bigint,
    staff_id bigint
);


ALTER TABLE public.student_management_app_historicalsection OWNER TO gci_mis2;

--
-- Name: student_management_app_historicalsection_history_id_seq; Type: SEQUENCE; Schema: public; Owner: gci_mis2
--

CREATE SEQUENCE public.student_management_app_historicalsection_history_id_seq
    AS integer
    START WITH 1
    INCREMENT BY 1
    NO MINVALUE
    NO MAXVALUE
    CACHE 1;


ALTER TABLE public.student_management_app_historicalsection_history_id_seq OWNER TO gci_mis2;

--
-- Name: student_management_app_historicalsection_history_id_seq; Type: SEQUENCE OWNED BY; Schema: public; Owner: gci_mis2
--

ALTER SEQUENCE public.student_management_app_historicalsection_history_id_seq OWNED BY public.student_management_app_historicalsection.history_id;


--
-- Name: student_management_app_historicalsemester; Type: TABLE; Schema: public; Owner: gci_mis2
--

CREATE TABLE public.student_management_app_historicalsemester (
    id bigint NOT NULL,
    name character varying(100) NOT NULL,
    semester_value integer,
    description text NOT NULL,
    status boolean NOT NULL,
    history_id integer NOT NULL,
    history_date timestamp with time zone NOT NULL,
    history_change_reason character varying(100),
    history_type character varying(1) NOT NULL,
    history_user_id bigint
);


ALTER TABLE public.student_management_app_historicalsemester OWNER TO gci_mis2;

--
-- Name: student_management_app_historicalsemester_history_id_seq; Type: SEQUENCE; Schema: public; Owner: gci_mis2
--

CREATE SEQUENCE public.student_management_app_historicalsemester_history_id_seq
    AS integer
    START WITH 1
    INCREMENT BY 1
    NO MINVALUE
    NO MAXVALUE
    CACHE 1;


ALTER TABLE public.student_management_app_historicalsemester_history_id_seq OWNER TO gci_mis2;

--
-- Name: student_management_app_historicalsemester_history_id_seq; Type: SEQUENCE OWNED BY; Schema: public; Owner: gci_mis2
--

ALTER SEQUENCE public.student_management_app_historicalsemester_history_id_seq OWNED BY public.student_management_app_historicalsemester.history_id;


--
-- Name: student_management_app_historicalsociallink; Type: TABLE; Schema: public; Owner: gci_mis2
--

CREATE TABLE public.student_management_app_historicalsociallink (
    id bigint NOT NULL,
    role character varying(100) NOT NULL,
    facebook character varying(200) NOT NULL,
    twitter character varying(200) NOT NULL,
    linkedin character varying(200) NOT NULL,
    google_plus character varying(200) NOT NULL,
    created_at date NOT NULL,
    updated_at date NOT NULL,
    history_id integer NOT NULL,
    history_date timestamp with time zone NOT NULL,
    history_change_reason character varying(100),
    history_type character varying(1) NOT NULL,
    history_user_id bigint,
    user_id bigint
);


ALTER TABLE public.student_management_app_historicalsociallink OWNER TO gci_mis2;

--
-- Name: student_management_app_historicalsociallink_history_id_seq; Type: SEQUENCE; Schema: public; Owner: gci_mis2
--

CREATE SEQUENCE public.student_management_app_historicalsociallink_history_id_seq
    AS integer
    START WITH 1
    INCREMENT BY 1
    NO MINVALUE
    NO MAXVALUE
    CACHE 1;


ALTER TABLE public.student_management_app_historicalsociallink_history_id_seq OWNER TO gci_mis2;

--
-- Name: student_management_app_historicalsociallink_history_id_seq; Type: SEQUENCE OWNED BY; Schema: public; Owner: gci_mis2
--

ALTER SEQUENCE public.student_management_app_historicalsociallink_history_id_seq OWNED BY public.student_management_app_historicalsociallink.history_id;


--
-- Name: student_management_app_historicalstaff; Type: TABLE; Schema: public; Owner: gci_mis2
--

CREATE TABLE public.student_management_app_historicalstaff (
    id bigint NOT NULL,
    dob date,
    gender character varying(20) NOT NULL,
    religion character varying(100) NOT NULL,
    address character varying(255) NOT NULL,
    contact character varying(30) NOT NULL,
    join_date date,
    created_at timestamp with time zone NOT NULL,
    updated_at timestamp with time zone NOT NULL,
    image text,
    status boolean NOT NULL,
    history_id integer NOT NULL,
    history_date timestamp with time zone NOT NULL,
    history_change_reason character varying(100),
    history_type character varying(1) NOT NULL,
    history_user_id bigint,
    staff_user_id bigint
);


ALTER TABLE public.student_management_app_historicalstaff OWNER TO gci_mis2;

--
-- Name: student_management_app_historicalstaff_history_id_seq; Type: SEQUENCE; Schema: public; Owner: gci_mis2
--

CREATE SEQUENCE public.student_management_app_historicalstaff_history_id_seq
    AS integer
    START WITH 1
    INCREMENT BY 1
    NO MINVALUE
    NO MAXVALUE
    CACHE 1;


ALTER TABLE public.student_management_app_historicalstaff_history_id_seq OWNER TO gci_mis2;

--
-- Name: student_management_app_historicalstaff_history_id_seq; Type: SEQUENCE OWNED BY; Schema: public; Owner: gci_mis2
--

ALTER SEQUENCE public.student_management_app_historicalstaff_history_id_seq OWNED BY public.student_management_app_historicalstaff.history_id;


--
-- Name: student_management_app_historicalstudent; Type: TABLE; Schema: public; Owner: gci_mis2
--

CREATE TABLE public.student_management_app_historicalstudent (
    id bigint NOT NULL,
    join_year character varying(50),
    stu_id character varying(50) NOT NULL,
    roll_no character varying(10),
    full_name character varying(50),
    gender character varying(20),
    shift character varying(20),
    course character varying(250),
    faculty character varying(50) NOT NULL,
    program character varying(250),
    status character varying(50) NOT NULL,
    contact character varying(30) NOT NULL,
    permanent_address character varying(255) NOT NULL,
    temporary_address character varying(255) NOT NULL,
    dob date,
    blood_group character varying(25) NOT NULL,
    see_gpa character varying(50),
    previous_school_name character varying(100),
    image text,
    barcode text NOT NULL,
    qr_code text NOT NULL,
    register_no character varying(250),
    religion character varying(100),
    remarks character varying(255),
    extra_curricular_activities character varying(255) NOT NULL,
    state character varying(255),
    country character varying(2),
    created_at timestamp with time zone NOT NULL,
    updated_at timestamp with time zone NOT NULL,
    history_id integer NOT NULL,
    history_date timestamp with time zone NOT NULL,
    history_change_reason character varying(100),
    history_type character varying(1) NOT NULL,
    group_id bigint,
    guardian_id bigint,
    history_user_id bigint,
    optional_subject_id character varying(50),
    section_id bigint,
    semester_id bigint,
    session_year_id bigint,
    student_user_id bigint,
    subject_id character varying(50),
    transport_id bigint
);


ALTER TABLE public.student_management_app_historicalstudent OWNER TO gci_mis2;

--
-- Name: student_management_app_historicalstudent_history_id_seq; Type: SEQUENCE; Schema: public; Owner: gci_mis2
--

CREATE SEQUENCE public.student_management_app_historicalstudent_history_id_seq
    AS integer
    START WITH 1
    INCREMENT BY 1
    NO MINVALUE
    NO MAXVALUE
    CACHE 1;


ALTER TABLE public.student_management_app_historicalstudent_history_id_seq OWNER TO gci_mis2;

--
-- Name: student_management_app_historicalstudent_history_id_seq; Type: SEQUENCE OWNED BY; Schema: public; Owner: gci_mis2
--

ALTER SEQUENCE public.student_management_app_historicalstudent_history_id_seq OWNED BY public.student_management_app_historicalstudent.history_id;


--
-- Name: student_management_app_historicalsubject; Type: TABLE; Schema: public; Owner: gci_mis2
--

CREATE TABLE public.student_management_app_historicalsubject (
    subject_code character varying(50) NOT NULL,
    subject_name character varying(255) NOT NULL,
    created_at timestamp with time zone NOT NULL,
    updated_at timestamp with time zone NOT NULL,
    history_id integer NOT NULL,
    history_date timestamp with time zone NOT NULL,
    history_change_reason character varying(100),
    history_type character varying(1) NOT NULL,
    course_id bigint,
    history_user_id bigint
);


ALTER TABLE public.student_management_app_historicalsubject OWNER TO gci_mis2;

--
-- Name: student_management_app_historicalsubject_history_id_seq; Type: SEQUENCE; Schema: public; Owner: gci_mis2
--

CREATE SEQUENCE public.student_management_app_historicalsubject_history_id_seq
    AS integer
    START WITH 1
    INCREMENT BY 1
    NO MINVALUE
    NO MAXVALUE
    CACHE 1;


ALTER TABLE public.student_management_app_historicalsubject_history_id_seq OWNER TO gci_mis2;

--
-- Name: student_management_app_historicalsubject_history_id_seq; Type: SEQUENCE OWNED BY; Schema: public; Owner: gci_mis2
--

ALTER SEQUENCE public.student_management_app_historicalsubject_history_id_seq OWNED BY public.student_management_app_historicalsubject.history_id;


--
-- Name: student_management_app_subjectteacher; Type: TABLE; Schema: public; Owner: gci_mis2
--

CREATE TABLE public.student_management_app_subjectteacher (
    id bigint NOT NULL,
    section_id bigint,
    subject_id character varying(50) NOT NULL,
    teacher_id bigint NOT NULL
);


ALTER TABLE public.student_management_app_subjectteacher OWNER TO gci_mis2;

--
-- Name: student_management_app_subjectteacher_id_seq; Type: SEQUENCE; Schema: public; Owner: gci_mis2
--

CREATE SEQUENCE public.student_management_app_subjectteacher_id_seq
    START WITH 1
    INCREMENT BY 1
    NO MINVALUE
    NO MAXVALUE
    CACHE 1;


ALTER TABLE public.student_management_app_subjectteacher_id_seq OWNER TO gci_mis2;

--
-- Name: student_management_app_subjectteacher_id_seq; Type: SEQUENCE OWNED BY; Schema: public; Owner: gci_mis2
--

ALTER SEQUENCE public.student_management_app_subjectteacher_id_seq OWNED BY public.student_management_app_subjectteacher.id;


--
-- Name: syllabus; Type: TABLE; Schema: public; Owner: gci_mis2
--

CREATE TABLE public.syllabus (
    id bigint NOT NULL,
    title character varying(100) NOT NULL,
    file character varying(100) NOT NULL,
    description text NOT NULL,
    semester_id bigint NOT NULL
);


ALTER TABLE public.syllabus OWNER TO gci_mis2;

--
-- Name: syllabus_id_seq; Type: SEQUENCE; Schema: public; Owner: gci_mis2
--

CREATE SEQUENCE public.syllabus_id_seq
    START WITH 1
    INCREMENT BY 1
    NO MINVALUE
    NO MAXVALUE
    CACHE 1;


ALTER TABLE public.syllabus_id_seq OWNER TO gci_mis2;

--
-- Name: syllabus_id_seq; Type: SEQUENCE OWNED BY; Schema: public; Owner: gci_mis2
--

ALTER SEQUENCE public.syllabus_id_seq OWNED BY public.syllabus.id;


--
-- Name: tbl_Adminuser; Type: TABLE; Schema: public; Owner: gci_mis2
--

CREATE TABLE public."tbl_Adminuser" (
    id bigint NOT NULL,
    dob date,
    gender character varying(20) NOT NULL,
    religion character varying(100) NOT NULL,
    contact character varying(30) NOT NULL,
    address character varying(255) NOT NULL,
    join_date date,
    image character varying(100),
    status boolean NOT NULL,
    created_at timestamp with time zone NOT NULL,
    updated_at timestamp with time zone NOT NULL,
    admin_user_id bigint NOT NULL
);


ALTER TABLE public."tbl_Adminuser" OWNER TO gci_mis2;

--
-- Name: tbl_Adminuser_id_seq; Type: SEQUENCE; Schema: public; Owner: gci_mis2
--

CREATE SEQUENCE public."tbl_Adminuser_id_seq"
    START WITH 1
    INCREMENT BY 1
    NO MINVALUE
    NO MAXVALUE
    CACHE 1;


ALTER TABLE public."tbl_Adminuser_id_seq" OWNER TO gci_mis2;

--
-- Name: tbl_Adminuser_id_seq; Type: SEQUENCE OWNED BY; Schema: public; Owner: gci_mis2
--

ALTER SEQUENCE public."tbl_Adminuser_id_seq" OWNED BY public."tbl_Adminuser".id;


--
-- Name: tbl_Certificatetemplate; Type: TABLE; Schema: public; Owner: gci_mis2
--

CREATE TABLE public."tbl_Certificatetemplate" (
    id bigint NOT NULL,
    certificate_number character varying(50) NOT NULL,
    date_of_issue date NOT NULL,
    salutations character varying(50),
    passed_year integer NOT NULL,
    photo character varying(100),
    created_at date NOT NULL,
    updated_at date NOT NULL,
    certificate_name character varying(250) NOT NULL,
    theme character varying(50) NOT NULL,
    main_middle_text text NOT NULL,
    top_heading_title text NOT NULL,
    top_heading_left text NOT NULL,
    top_heading_middle text NOT NULL,
    top_heading_right text NOT NULL,
    footer_left_text text NOT NULL,
    footer_middle_text text NOT NULL,
    footer_right_text text NOT NULL,
    background_image character varying(100) NOT NULL,
    student_id bigint
);


ALTER TABLE public."tbl_Certificatetemplate" OWNER TO gci_mis2;

--
-- Name: tbl_Certificatetemplate_id_seq; Type: SEQUENCE; Schema: public; Owner: gci_mis2
--

CREATE SEQUENCE public."tbl_Certificatetemplate_id_seq"
    START WITH 1
    INCREMENT BY 1
    NO MINVALUE
    NO MAXVALUE
    CACHE 1;


ALTER TABLE public."tbl_Certificatetemplate_id_seq" OWNER TO gci_mis2;

--
-- Name: tbl_Certificatetemplate_id_seq; Type: SEQUENCE OWNED BY; Schema: public; Owner: gci_mis2
--

ALTER SEQUENCE public."tbl_Certificatetemplate_id_seq" OWNED BY public."tbl_Certificatetemplate".id;


--
-- Name: tbl_Complain; Type: TABLE; Schema: public; Owner: gci_mis2
--

CREATE TABLE public."tbl_Complain" (
    id bigint NOT NULL,
    title character varying(100) NOT NULL,
    role character varying(100) NOT NULL,
    description text NOT NULL,
    attachment character varying(100) NOT NULL,
    created_at date NOT NULL,
    updated_at date NOT NULL,
    user_id bigint NOT NULL
);


ALTER TABLE public."tbl_Complain" OWNER TO gci_mis2;

--
-- Name: tbl_Complain_id_seq; Type: SEQUENCE; Schema: public; Owner: gci_mis2
--

CREATE SEQUENCE public."tbl_Complain_id_seq"
    START WITH 1
    INCREMENT BY 1
    NO MINVALUE
    NO MAXVALUE
    CACHE 1;


ALTER TABLE public."tbl_Complain_id_seq" OWNER TO gci_mis2;

--
-- Name: tbl_Complain_id_seq; Type: SEQUENCE OWNED BY; Schema: public; Owner: gci_mis2
--

ALTER SEQUENCE public."tbl_Complain_id_seq" OWNED BY public."tbl_Complain".id;


--
-- Name: tbl_Course; Type: TABLE; Schema: public; Owner: gci_mis2
--

CREATE TABLE public."tbl_Course" (
    id bigint NOT NULL,
    course_name character varying(255) NOT NULL,
    course_code character varying(50) NOT NULL,
    course_description text NOT NULL,
    created_at timestamp with time zone NOT NULL,
    updated_at timestamp with time zone NOT NULL
);


ALTER TABLE public."tbl_Course" OWNER TO gci_mis2;

--
-- Name: tbl_Course_id_seq; Type: SEQUENCE; Schema: public; Owner: gci_mis2
--

CREATE SEQUENCE public."tbl_Course_id_seq"
    START WITH 1
    INCREMENT BY 1
    NO MINVALUE
    NO MAXVALUE
    CACHE 1;


ALTER TABLE public."tbl_Course_id_seq" OWNER TO gci_mis2;

--
-- Name: tbl_Course_id_seq; Type: SEQUENCE OWNED BY; Schema: public; Owner: gci_mis2
--

ALTER SEQUENCE public."tbl_Course_id_seq" OWNED BY public."tbl_Course".id;


--
-- Name: tbl_Customuser; Type: TABLE; Schema: public; Owner: gci_mis2
--

CREATE TABLE public."tbl_Customuser" (
    id bigint NOT NULL,
    password character varying(128) NOT NULL,
    last_login timestamp with time zone,
    is_superuser boolean NOT NULL,
    username character varying(150) NOT NULL,
    first_name character varying(150) NOT NULL,
    last_name character varying(150) NOT NULL,
    is_staff boolean NOT NULL,
    is_active boolean NOT NULL,
    date_joined timestamp with time zone NOT NULL,
    full_name character varying(255) NOT NULL,
    email character varying(254),
    user_type_id integer
);


ALTER TABLE public."tbl_Customuser" OWNER TO gci_mis2;

--
-- Name: tbl_Customuser_groups; Type: TABLE; Schema: public; Owner: gci_mis2
--

CREATE TABLE public."tbl_Customuser_groups" (
    id bigint NOT NULL,
    customuser_id bigint NOT NULL,
    group_id integer NOT NULL
);


ALTER TABLE public."tbl_Customuser_groups" OWNER TO gci_mis2;

--
-- Name: tbl_Customuser_groups_id_seq; Type: SEQUENCE; Schema: public; Owner: gci_mis2
--

CREATE SEQUENCE public."tbl_Customuser_groups_id_seq"
    START WITH 1
    INCREMENT BY 1
    NO MINVALUE
    NO MAXVALUE
    CACHE 1;


ALTER TABLE public."tbl_Customuser_groups_id_seq" OWNER TO gci_mis2;

--
-- Name: tbl_Customuser_groups_id_seq; Type: SEQUENCE OWNED BY; Schema: public; Owner: gci_mis2
--

ALTER SEQUENCE public."tbl_Customuser_groups_id_seq" OWNED BY public."tbl_Customuser_groups".id;


--
-- Name: tbl_Customuser_id_seq; Type: SEQUENCE; Schema: public; Owner: gci_mis2
--

CREATE SEQUENCE public."tbl_Customuser_id_seq"
    START WITH 1
    INCREMENT BY 1
    NO MINVALUE
    NO MAXVALUE
    CACHE 1;


ALTER TABLE public."tbl_Customuser_id_seq" OWNER TO gci_mis2;

--
-- Name: tbl_Customuser_id_seq; Type: SEQUENCE OWNED BY; Schema: public; Owner: gci_mis2
--

ALTER SEQUENCE public."tbl_Customuser_id_seq" OWNED BY public."tbl_Customuser".id;


--
-- Name: tbl_Customuser_user_permissions; Type: TABLE; Schema: public; Owner: gci_mis2
--

CREATE TABLE public."tbl_Customuser_user_permissions" (
    id bigint NOT NULL,
    customuser_id bigint NOT NULL,
    permission_id integer NOT NULL
);


ALTER TABLE public."tbl_Customuser_user_permissions" OWNER TO gci_mis2;

--
-- Name: tbl_Customuser_user_permissions_id_seq; Type: SEQUENCE; Schema: public; Owner: gci_mis2
--

CREATE SEQUENCE public."tbl_Customuser_user_permissions_id_seq"
    START WITH 1
    INCREMENT BY 1
    NO MINVALUE
    NO MAXVALUE
    CACHE 1;


ALTER TABLE public."tbl_Customuser_user_permissions_id_seq" OWNER TO gci_mis2;

--
-- Name: tbl_Customuser_user_permissions_id_seq; Type: SEQUENCE OWNED BY; Schema: public; Owner: gci_mis2
--

ALTER SEQUENCE public."tbl_Customuser_user_permissions_id_seq" OWNED BY public."tbl_Customuser_user_permissions".id;


--
-- Name: tbl_Documentfile; Type: TABLE; Schema: public; Owner: gci_mis2
--

CREATE TABLE public."tbl_Documentfile" (
    id bigint NOT NULL,
    title character varying(100) NOT NULL,
    file character varying(100) NOT NULL,
    created_at date NOT NULL,
    updated_at date NOT NULL,
    extra_user_id bigint,
    parent_id bigint,
    staff_id bigint,
    student_id bigint
);


ALTER TABLE public."tbl_Documentfile" OWNER TO gci_mis2;

--
-- Name: tbl_Documentfile_id_seq; Type: SEQUENCE; Schema: public; Owner: gci_mis2
--

CREATE SEQUENCE public."tbl_Documentfile_id_seq"
    START WITH 1
    INCREMENT BY 1
    NO MINVALUE
    NO MAXVALUE
    CACHE 1;


ALTER TABLE public."tbl_Documentfile_id_seq" OWNER TO gci_mis2;

--
-- Name: tbl_Documentfile_id_seq; Type: SEQUENCE OWNED BY; Schema: public; Owner: gci_mis2
--

ALTER SEQUENCE public."tbl_Documentfile_id_seq" OWNED BY public."tbl_Documentfile".id;


--
-- Name: tbl_Extrauser; Type: TABLE; Schema: public; Owner: gci_mis2
--

CREATE TABLE public."tbl_Extrauser" (
    id bigint NOT NULL,
    dob date,
    gender character varying(20) NOT NULL,
    religion character varying(100) NOT NULL,
    contact character varying(30) NOT NULL,
    address character varying(255) NOT NULL,
    join_date date,
    image character varying(100),
    status boolean NOT NULL,
    created_at timestamp with time zone NOT NULL,
    updated_at timestamp with time zone NOT NULL,
    extra_user_id bigint,
    role_id integer
);


ALTER TABLE public."tbl_Extrauser" OWNER TO gci_mis2;

--
-- Name: tbl_Extrauser_id_seq; Type: SEQUENCE; Schema: public; Owner: gci_mis2
--

CREATE SEQUENCE public."tbl_Extrauser_id_seq"
    START WITH 1
    INCREMENT BY 1
    NO MINVALUE
    NO MAXVALUE
    CACHE 1;


ALTER TABLE public."tbl_Extrauser_id_seq" OWNER TO gci_mis2;

--
-- Name: tbl_Extrauser_id_seq; Type: SEQUENCE OWNED BY; Schema: public; Owner: gci_mis2
--

ALTER SEQUENCE public."tbl_Extrauser_id_seq" OWNED BY public."tbl_Extrauser".id;


--
-- Name: tbl_Holiday; Type: TABLE; Schema: public; Owner: gci_mis2
--

CREATE TABLE public."tbl_Holiday" (
    id bigint NOT NULL,
    title character varying(100) NOT NULL,
    from_date date NOT NULL,
    to_date date NOT NULL,
    image character varying(100),
    details text NOT NULL,
    created_at timestamp with time zone NOT NULL,
    updated_at timestamp with time zone NOT NULL
);


ALTER TABLE public."tbl_Holiday" OWNER TO gci_mis2;

--
-- Name: tbl_Holiday_id_seq; Type: SEQUENCE; Schema: public; Owner: gci_mis2
--

CREATE SEQUENCE public."tbl_Holiday_id_seq"
    START WITH 1
    INCREMENT BY 1
    NO MINVALUE
    NO MAXVALUE
    CACHE 1;


ALTER TABLE public."tbl_Holiday_id_seq" OWNER TO gci_mis2;

--
-- Name: tbl_Holiday_id_seq; Type: SEQUENCE OWNED BY; Schema: public; Owner: gci_mis2
--

ALTER SEQUENCE public."tbl_Holiday_id_seq" OWNED BY public."tbl_Holiday".id;


--
-- Name: tbl_Optionalsubject; Type: TABLE; Schema: public; Owner: gci_mis2
--

CREATE TABLE public."tbl_Optionalsubject" (
    id bigint NOT NULL,
    subject_name character varying(255) NOT NULL,
    subject_code character varying(50),
    created_at timestamp with time zone NOT NULL,
    updated_at timestamp with time zone NOT NULL,
    course_id bigint NOT NULL,
    semester_id bigint NOT NULL,
    staff_user_id bigint NOT NULL
);


ALTER TABLE public."tbl_Optionalsubject" OWNER TO gci_mis2;

--
-- Name: tbl_Optionalsubject_id_seq; Type: SEQUENCE; Schema: public; Owner: gci_mis2
--

CREATE SEQUENCE public."tbl_Optionalsubject_id_seq"
    START WITH 1
    INCREMENT BY 1
    NO MINVALUE
    NO MAXVALUE
    CACHE 1;


ALTER TABLE public."tbl_Optionalsubject_id_seq" OWNER TO gci_mis2;

--
-- Name: tbl_Optionalsubject_id_seq; Type: SEQUENCE OWNED BY; Schema: public; Owner: gci_mis2
--

ALTER SEQUENCE public."tbl_Optionalsubject_id_seq" OWNED BY public."tbl_Optionalsubject".id;


--
-- Name: tbl_Parent; Type: TABLE; Schema: public; Owner: gci_mis2
--

CREATE TABLE public."tbl_Parent" (
    id bigint NOT NULL,
    home_phone character varying(30),
    father_name character varying(100),
    father_phone character varying(30),
    mother_name character varying(100),
    mother_phone character varying(30),
    local_guardian_name character varying(100),
    local_guardian_phone character varying(30),
    mother_profession character varying(255),
    father_profession character varying(255),
    address character varying(255),
    image character varying(100),
    status boolean NOT NULL,
    created_at timestamp with time zone NOT NULL,
    updated_at timestamp with time zone NOT NULL,
    parent_user_id bigint
);


ALTER TABLE public."tbl_Parent" OWNER TO gci_mis2;

--
-- Name: tbl_Parent_id_seq; Type: SEQUENCE; Schema: public; Owner: gci_mis2
--

CREATE SEQUENCE public."tbl_Parent_id_seq"
    START WITH 1
    INCREMENT BY 1
    NO MINVALUE
    NO MAXVALUE
    CACHE 1;


ALTER TABLE public."tbl_Parent_id_seq" OWNER TO gci_mis2;

--
-- Name: tbl_Parent_id_seq; Type: SEQUENCE OWNED BY; Schema: public; Owner: gci_mis2
--

ALTER SEQUENCE public."tbl_Parent_id_seq" OWNED BY public."tbl_Parent".id;


--
-- Name: tbl_Section; Type: TABLE; Schema: public; Owner: gci_mis2
--

CREATE TABLE public."tbl_Section" (
    id bigint NOT NULL,
    section_name character varying(100) NOT NULL,
    capacity integer,
    category character varying(200) NOT NULL,
    description text NOT NULL,
    created_at timestamp with time zone NOT NULL,
    updated_at timestamp with time zone NOT NULL,
    semester_id bigint,
    staff_id bigint
);


ALTER TABLE public."tbl_Section" OWNER TO gci_mis2;

--
-- Name: tbl_Section_id_seq; Type: SEQUENCE; Schema: public; Owner: gci_mis2
--

CREATE SEQUENCE public."tbl_Section_id_seq"
    START WITH 1
    INCREMENT BY 1
    NO MINVALUE
    NO MAXVALUE
    CACHE 1;


ALTER TABLE public."tbl_Section_id_seq" OWNER TO gci_mis2;

--
-- Name: tbl_Section_id_seq; Type: SEQUENCE OWNED BY; Schema: public; Owner: gci_mis2
--

ALTER SEQUENCE public."tbl_Section_id_seq" OWNED BY public."tbl_Section".id;


--
-- Name: tbl_Section_subject; Type: TABLE; Schema: public; Owner: gci_mis2
--

CREATE TABLE public."tbl_Section_subject" (
    id bigint NOT NULL,
    section_id bigint NOT NULL,
    subject_id character varying(50) NOT NULL
);


ALTER TABLE public."tbl_Section_subject" OWNER TO gci_mis2;

--
-- Name: tbl_Section_subject_id_seq; Type: SEQUENCE; Schema: public; Owner: gci_mis2
--

CREATE SEQUENCE public."tbl_Section_subject_id_seq"
    START WITH 1
    INCREMENT BY 1
    NO MINVALUE
    NO MAXVALUE
    CACHE 1;


ALTER TABLE public."tbl_Section_subject_id_seq" OWNER TO gci_mis2;

--
-- Name: tbl_Section_subject_id_seq; Type: SEQUENCE OWNED BY; Schema: public; Owner: gci_mis2
--

ALTER SEQUENCE public."tbl_Section_subject_id_seq" OWNED BY public."tbl_Section_subject".id;


--
-- Name: tbl_Semester; Type: TABLE; Schema: public; Owner: gci_mis2
--

CREATE TABLE public."tbl_Semester" (
    id bigint NOT NULL,
    name character varying(100) NOT NULL,
    semester_value integer,
    description text NOT NULL,
    status boolean NOT NULL
);


ALTER TABLE public."tbl_Semester" OWNER TO gci_mis2;

--
-- Name: tbl_Semester_id_seq; Type: SEQUENCE; Schema: public; Owner: gci_mis2
--

CREATE SEQUENCE public."tbl_Semester_id_seq"
    START WITH 1
    INCREMENT BY 1
    NO MINVALUE
    NO MAXVALUE
    CACHE 1;


ALTER TABLE public."tbl_Semester_id_seq" OWNER TO gci_mis2;

--
-- Name: tbl_Semester_id_seq; Type: SEQUENCE OWNED BY; Schema: public; Owner: gci_mis2
--

ALTER SEQUENCE public."tbl_Semester_id_seq" OWNED BY public."tbl_Semester".id;


--
-- Name: tbl_Sessionyear; Type: TABLE; Schema: public; Owner: gci_mis2
--

CREATE TABLE public."tbl_Sessionyear" (
    id bigint NOT NULL,
    session_start_year date NOT NULL,
    session_end_year date NOT NULL
);


ALTER TABLE public."tbl_Sessionyear" OWNER TO gci_mis2;

--
-- Name: tbl_Sessionyear_id_seq; Type: SEQUENCE; Schema: public; Owner: gci_mis2
--

CREATE SEQUENCE public."tbl_Sessionyear_id_seq"
    START WITH 1
    INCREMENT BY 1
    NO MINVALUE
    NO MAXVALUE
    CACHE 1;


ALTER TABLE public."tbl_Sessionyear_id_seq" OWNER TO gci_mis2;

--
-- Name: tbl_Sessionyear_id_seq; Type: SEQUENCE OWNED BY; Schema: public; Owner: gci_mis2
--

ALTER SEQUENCE public."tbl_Sessionyear_id_seq" OWNED BY public."tbl_Sessionyear".id;


--
-- Name: tbl_Settings; Type: TABLE; Schema: public; Owner: gci_mis2
--

CREATE TABLE public."tbl_Settings" (
    id bigint NOT NULL,
    logo character varying(100),
    site_title character varying(100),
    phone_no character varying(20),
    system_email character varying(100),
    address character varying(100),
    academic_year integer,
    footer character varying(100),
    version character varying(50)
);


ALTER TABLE public."tbl_Settings" OWNER TO gci_mis2;

--
-- Name: tbl_Settings_id_seq; Type: SEQUENCE; Schema: public; Owner: gci_mis2
--

CREATE SEQUENCE public."tbl_Settings_id_seq"
    START WITH 1
    INCREMENT BY 1
    NO MINVALUE
    NO MAXVALUE
    CACHE 1;


ALTER TABLE public."tbl_Settings_id_seq" OWNER TO gci_mis2;

--
-- Name: tbl_Settings_id_seq; Type: SEQUENCE OWNED BY; Schema: public; Owner: gci_mis2
--

ALTER SEQUENCE public."tbl_Settings_id_seq" OWNED BY public."tbl_Settings".id;


--
-- Name: tbl_Sociallink; Type: TABLE; Schema: public; Owner: gci_mis2
--

CREATE TABLE public."tbl_Sociallink" (
    id bigint NOT NULL,
    role character varying(100) NOT NULL,
    facebook character varying(200) NOT NULL,
    twitter character varying(200) NOT NULL,
    linkedin character varying(200) NOT NULL,
    google_plus character varying(200) NOT NULL,
    created_at date NOT NULL,
    updated_at date NOT NULL,
    user_id bigint NOT NULL
);


ALTER TABLE public."tbl_Sociallink" OWNER TO gci_mis2;

--
-- Name: tbl_Sociallink_id_seq; Type: SEQUENCE; Schema: public; Owner: gci_mis2
--

CREATE SEQUENCE public."tbl_Sociallink_id_seq"
    START WITH 1
    INCREMENT BY 1
    NO MINVALUE
    NO MAXVALUE
    CACHE 1;


ALTER TABLE public."tbl_Sociallink_id_seq" OWNER TO gci_mis2;

--
-- Name: tbl_Sociallink_id_seq; Type: SEQUENCE OWNED BY; Schema: public; Owner: gci_mis2
--

ALTER SEQUENCE public."tbl_Sociallink_id_seq" OWNED BY public."tbl_Sociallink".id;


--
-- Name: tbl_Staff; Type: TABLE; Schema: public; Owner: gci_mis2
--

CREATE TABLE public."tbl_Staff" (
    id bigint NOT NULL,
    dob date,
    gender character varying(20) NOT NULL,
    religion character varying(100) NOT NULL,
    address character varying(255) NOT NULL,
    contact character varying(30) NOT NULL,
    join_date date,
    created_at timestamp with time zone NOT NULL,
    updated_at timestamp with time zone NOT NULL,
    image character varying(100),
    status boolean NOT NULL,
    staff_user_id bigint NOT NULL
);


ALTER TABLE public."tbl_Staff" OWNER TO gci_mis2;

--
-- Name: tbl_Staff_id_seq; Type: SEQUENCE; Schema: public; Owner: gci_mis2
--

CREATE SEQUENCE public."tbl_Staff_id_seq"
    START WITH 1
    INCREMENT BY 1
    NO MINVALUE
    NO MAXVALUE
    CACHE 1;


ALTER TABLE public."tbl_Staff_id_seq" OWNER TO gci_mis2;

--
-- Name: tbl_Staff_id_seq; Type: SEQUENCE OWNED BY; Schema: public; Owner: gci_mis2
--

ALTER SEQUENCE public."tbl_Staff_id_seq" OWNED BY public."tbl_Staff".id;


--
-- Name: tbl_Student; Type: TABLE; Schema: public; Owner: gci_mis2
--

CREATE TABLE public."tbl_Student" (
    id bigint NOT NULL,
    join_year character varying(50),
    stu_id character varying(50) NOT NULL,
    roll_no character varying(10),
    full_name character varying(50),
    gender character varying(20),
    shift character varying(20),
    course character varying(250),
    faculty character varying(50) NOT NULL,
    program character varying(250),
    status character varying(50) NOT NULL,
    contact character varying(30) NOT NULL,
    permanent_address character varying(255) NOT NULL,
    temporary_address character varying(255) NOT NULL,
    dob date,
    blood_group character varying(25) NOT NULL,
    see_gpa character varying(50),
    previous_school_name character varying(100),
    image character varying(100),
    barcode character varying(100) NOT NULL,
    qr_code character varying(100) NOT NULL,
    register_no character varying(250),
    religion character varying(100),
    remarks character varying(255),
    extra_curricular_activities character varying(255) NOT NULL,
    state character varying(255),
    country character varying(2),
    created_at timestamp with time zone NOT NULL,
    updated_at timestamp with time zone NOT NULL,
    group_id bigint,
    guardian_id bigint,
    optional_subject_id character varying(50),
    section_id bigint,
    semester_id bigint,
    session_year_id bigint,
    student_user_id bigint,
    subject_id character varying(50),
    transport_id bigint
);


ALTER TABLE public."tbl_Student" OWNER TO gci_mis2;

--
-- Name: tbl_Student_id_seq; Type: SEQUENCE; Schema: public; Owner: gci_mis2
--

CREATE SEQUENCE public."tbl_Student_id_seq"
    START WITH 1
    INCREMENT BY 1
    NO MINVALUE
    NO MAXVALUE
    CACHE 1;


ALTER TABLE public."tbl_Student_id_seq" OWNER TO gci_mis2;

--
-- Name: tbl_Student_id_seq; Type: SEQUENCE OWNED BY; Schema: public; Owner: gci_mis2
--

ALTER SEQUENCE public."tbl_Student_id_seq" OWNED BY public."tbl_Student".id;


--
-- Name: tbl_Studentgroup; Type: TABLE; Schema: public; Owner: gci_mis2
--

CREATE TABLE public."tbl_Studentgroup" (
    id bigint NOT NULL,
    name character varying(250) NOT NULL
);


ALTER TABLE public."tbl_Studentgroup" OWNER TO gci_mis2;

--
-- Name: tbl_Studentgroup_id_seq; Type: SEQUENCE; Schema: public; Owner: gci_mis2
--

CREATE SEQUENCE public."tbl_Studentgroup_id_seq"
    START WITH 1
    INCREMENT BY 1
    NO MINVALUE
    NO MAXVALUE
    CACHE 1;


ALTER TABLE public."tbl_Studentgroup_id_seq" OWNER TO gci_mis2;

--
-- Name: tbl_Studentgroup_id_seq; Type: SEQUENCE OWNED BY; Schema: public; Owner: gci_mis2
--

ALTER SEQUENCE public."tbl_Studentgroup_id_seq" OWNED BY public."tbl_Studentgroup".id;


--
-- Name: tbl_Subject; Type: TABLE; Schema: public; Owner: gci_mis2
--

CREATE TABLE public."tbl_Subject" (
    subject_code character varying(50) NOT NULL,
    subject_name character varying(255) NOT NULL,
    created_at timestamp with time zone NOT NULL,
    updated_at timestamp with time zone NOT NULL,
    course_id bigint
);


ALTER TABLE public."tbl_Subject" OWNER TO gci_mis2;

--
-- Name: tbl_Transport; Type: TABLE; Schema: public; Owner: gci_mis2
--

CREATE TABLE public."tbl_Transport" (
    id bigint NOT NULL,
    route_name character varying(100) NOT NULL,
    route_fare numeric(10,2) NOT NULL,
    no_of_vehicle integer NOT NULL,
    driver_name character varying(100) NOT NULL,
    description text NOT NULL,
    created_at timestamp with time zone NOT NULL,
    updated_at timestamp with time zone NOT NULL,
    CONSTRAINT "tbl_Transport_no_of_vehicle_check" CHECK ((no_of_vehicle >= 0))
);


ALTER TABLE public."tbl_Transport" OWNER TO gci_mis2;

--
-- Name: tbl_Transport_id_seq; Type: SEQUENCE; Schema: public; Owner: gci_mis2
--

CREATE SEQUENCE public."tbl_Transport_id_seq"
    START WITH 1
    INCREMENT BY 1
    NO MINVALUE
    NO MAXVALUE
    CACHE 1;


ALTER TABLE public."tbl_Transport_id_seq" OWNER TO gci_mis2;

--
-- Name: tbl_Transport_id_seq; Type: SEQUENCE OWNED BY; Schema: public; Owner: gci_mis2
--

ALTER SEQUENCE public."tbl_Transport_id_seq" OWNED BY public."tbl_Transport".id;


--
-- Name: tbl_Userrole; Type: TABLE; Schema: public; Owner: gci_mis2
--

CREATE TABLE public."tbl_Userrole" (
    id bigint NOT NULL,
    role character varying(100) NOT NULL,
    user_id bigint NOT NULL
);


ALTER TABLE public."tbl_Userrole" OWNER TO gci_mis2;

--
-- Name: tbl_Userrole_id_seq; Type: SEQUENCE; Schema: public; Owner: gci_mis2
--

CREATE SEQUENCE public."tbl_Userrole_id_seq"
    START WITH 1
    INCREMENT BY 1
    NO MINVALUE
    NO MAXVALUE
    CACHE 1;


ALTER TABLE public."tbl_Userrole_id_seq" OWNER TO gci_mis2;

--
-- Name: tbl_Userrole_id_seq; Type: SEQUENCE OWNED BY; Schema: public; Owner: gci_mis2
--

ALTER SEQUENCE public."tbl_Userrole_id_seq" OWNED BY public."tbl_Userrole".id;


--
-- Name: tbl_notice; Type: TABLE; Schema: public; Owner: gci_mis2
--

CREATE TABLE public.tbl_notice (
    id bigint NOT NULL,
    title character varying(100) NOT NULL,
    file character varying(100),
    notice text,
    status boolean NOT NULL,
    created_at timestamp with time zone NOT NULL,
    updated_at timestamp with time zone NOT NULL,
    created_by_id bigint
);


ALTER TABLE public.tbl_notice OWNER TO gci_mis2;

--
-- Name: tbl_notice_id_seq; Type: SEQUENCE; Schema: public; Owner: gci_mis2
--

CREATE SEQUENCE public.tbl_notice_id_seq
    START WITH 1
    INCREMENT BY 1
    NO MINVALUE
    NO MAXVALUE
    CACHE 1;


ALTER TABLE public.tbl_notice_id_seq OWNER TO gci_mis2;

--
-- Name: tbl_notice_id_seq; Type: SEQUENCE OWNED BY; Schema: public; Owner: gci_mis2
--

ALTER SEQUENCE public.tbl_notice_id_seq OWNED BY public.tbl_notice.id;


--
-- Name: academic_historicalassignment history_id; Type: DEFAULT; Schema: public; Owner: gci_mis2
--

ALTER TABLE ONLY public.academic_historicalassignment ALTER COLUMN history_id SET DEFAULT nextval('public.academic_historicalassignment_history_id_seq'::regclass);


--
-- Name: academic_historicalroutine history_id; Type: DEFAULT; Schema: public; Owner: gci_mis2
--

ALTER TABLE ONLY public.academic_historicalroutine ALTER COLUMN history_id SET DEFAULT nextval('public.academic_historicalroutine_history_id_seq'::regclass);


--
-- Name: academic_historicalsyllabus history_id; Type: DEFAULT; Schema: public; Owner: gci_mis2
--

ALTER TABLE ONLY public.academic_historicalsyllabus ALTER COLUMN history_id SET DEFAULT nextval('public.academic_historicalsyllabus_history_id_seq'::regclass);


--
-- Name: announcement_historicalholiday history_id; Type: DEFAULT; Schema: public; Owner: gci_mis2
--

ALTER TABLE ONLY public.announcement_historicalholiday ALTER COLUMN history_id SET DEFAULT nextval('public.announcement_historicalholiday_history_id_seq'::regclass);


--
-- Name: announcement_historicalnotice history_id; Type: DEFAULT; Schema: public; Owner: gci_mis2
--

ALTER TABLE ONLY public.announcement_historicalnotice ALTER COLUMN history_id SET DEFAULT nextval('public.announcement_historicalnotice_history_id_seq'::regclass);


--
-- Name: assignment id; Type: DEFAULT; Schema: public; Owner: gci_mis2
--

ALTER TABLE ONLY public.assignment ALTER COLUMN id SET DEFAULT nextval('public.assignment_id_seq'::regclass);


--
-- Name: attendance_attendance id; Type: DEFAULT; Schema: public; Owner: gci_mis2
--

ALTER TABLE ONLY public.attendance_attendance ALTER COLUMN id SET DEFAULT nextval('public.attendance_attendance_id_seq'::regclass);


--
-- Name: attendance_attendancereport id; Type: DEFAULT; Schema: public; Owner: gci_mis2
--

ALTER TABLE ONLY public.attendance_attendancereport ALTER COLUMN id SET DEFAULT nextval('public.attendance_attendancereport_id_seq'::regclass);


--
-- Name: auth_group id; Type: DEFAULT; Schema: public; Owner: gci_mis2
--

ALTER TABLE ONLY public.auth_group ALTER COLUMN id SET DEFAULT nextval('public.auth_group_id_seq'::regclass);


--
-- Name: auth_group_permissions id; Type: DEFAULT; Schema: public; Owner: gci_mis2
--

ALTER TABLE ONLY public.auth_group_permissions ALTER COLUMN id SET DEFAULT nextval('public.auth_group_permissions_id_seq'::regclass);


--
-- Name: auth_permission id; Type: DEFAULT; Schema: public; Owner: gci_mis2
--

ALTER TABLE ONLY public.auth_permission ALTER COLUMN id SET DEFAULT nextval('public.auth_permission_id_seq'::regclass);


--
-- Name: courses_historicalapplication_form history_id; Type: DEFAULT; Schema: public; Owner: gci_mis2
--

ALTER TABLE ONLY public.courses_historicalapplication_form ALTER COLUMN history_id SET DEFAULT nextval('public.courses_historicalapplication_form_history_id_seq'::regclass);


--
-- Name: courses_historicalexams history_id; Type: DEFAULT; Schema: public; Owner: gci_mis2
--

ALTER TABLE ONLY public.courses_historicalexams ALTER COLUMN history_id SET DEFAULT nextval('public.courses_historicalexams_history_id_seq'::regclass);


--
-- Name: courses_historicalroutine history_id; Type: DEFAULT; Schema: public; Owner: gci_mis2
--

ALTER TABLE ONLY public.courses_historicalroutine ALTER COLUMN history_id SET DEFAULT nextval('public.courses_historicalroutine_history_id_seq'::regclass);


--
-- Name: courses_historicalselectedcourses history_id; Type: DEFAULT; Schema: public; Owner: gci_mis2
--

ALTER TABLE ONLY public.courses_historicalselectedcourses ALTER COLUMN history_id SET DEFAULT nextval('public.courses_historicalselectedcourses_history_id_seq'::regclass);


--
-- Name: courses_historicalstudentgrades history_id; Type: DEFAULT; Schema: public; Owner: gci_mis2
--

ALTER TABLE ONLY public.courses_historicalstudentgrades ALTER COLUMN history_id SET DEFAULT nextval('public.courses_historicalstudentgrades_history_id_seq'::regclass);


--
-- Name: courses_historicalterm history_id; Type: DEFAULT; Schema: public; Owner: gci_mis2
--

ALTER TABLE ONLY public.courses_historicalterm ALTER COLUMN history_id SET DEFAULT nextval('public.courses_historicalterm_history_id_seq'::regclass);


--
-- Name: courses_routine id; Type: DEFAULT; Schema: public; Owner: gci_mis2
--

ALTER TABLE ONLY public.courses_routine ALTER COLUMN id SET DEFAULT nextval('public.courses_routine_id_seq'::regclass);


--
-- Name: courses_selectedcourses id; Type: DEFAULT; Schema: public; Owner: gci_mis2
--

ALTER TABLE ONLY public.courses_selectedcourses ALTER COLUMN id SET DEFAULT nextval('public.courses_selectedcourses_id_seq'::regclass);


--
-- Name: courses_studentgrades id; Type: DEFAULT; Schema: public; Owner: gci_mis2
--

ALTER TABLE ONLY public.courses_studentgrades ALTER COLUMN id SET DEFAULT nextval('public.courses_studentgrades_id_seq'::regclass);


--
-- Name: django_admin_log id; Type: DEFAULT; Schema: public; Owner: gci_mis2
--

ALTER TABLE ONLY public.django_admin_log ALTER COLUMN id SET DEFAULT nextval('public.django_admin_log_id_seq'::regclass);


--
-- Name: django_content_type id; Type: DEFAULT; Schema: public; Owner: gci_mis2
--

ALTER TABLE ONLY public.django_content_type ALTER COLUMN id SET DEFAULT nextval('public.django_content_type_id_seq'::regclass);


--
-- Name: django_migrations id; Type: DEFAULT; Schema: public; Owner: gci_mis2
--

ALTER TABLE ONLY public.django_migrations ALTER COLUMN id SET DEFAULT nextval('public.django_migrations_id_seq'::regclass);


--
-- Name: notifications_notification id; Type: DEFAULT; Schema: public; Owner: gci_mis2
--

ALTER TABLE ONLY public.notifications_notification ALTER COLUMN id SET DEFAULT nextval('public.notifications_notification_id_seq'::regclass);


--
-- Name: routine id; Type: DEFAULT; Schema: public; Owner: gci_mis2
--

ALTER TABLE ONLY public.routine ALTER COLUMN id SET DEFAULT nextval('public.routine_id_seq'::regclass);


--
-- Name: schedule_calendar id; Type: DEFAULT; Schema: public; Owner: gci_mis2
--

ALTER TABLE ONLY public.schedule_calendar ALTER COLUMN id SET DEFAULT nextval('public.schedule_calendar_id_seq'::regclass);


--
-- Name: schedule_calendarrelation id; Type: DEFAULT; Schema: public; Owner: gci_mis2
--

ALTER TABLE ONLY public.schedule_calendarrelation ALTER COLUMN id SET DEFAULT nextval('public.schedule_calendarrelation_id_seq'::regclass);


--
-- Name: schedule_event id; Type: DEFAULT; Schema: public; Owner: gci_mis2
--

ALTER TABLE ONLY public.schedule_event ALTER COLUMN id SET DEFAULT nextval('public.schedule_event_id_seq'::regclass);


--
-- Name: schedule_eventrelation id; Type: DEFAULT; Schema: public; Owner: gci_mis2
--

ALTER TABLE ONLY public.schedule_eventrelation ALTER COLUMN id SET DEFAULT nextval('public.schedule_eventrelation_id_seq'::regclass);


--
-- Name: schedule_historicalevent history_id; Type: DEFAULT; Schema: public; Owner: gci_mis2
--

ALTER TABLE ONLY public.schedule_historicalevent ALTER COLUMN history_id SET DEFAULT nextval('public.schedule_historicalevent_history_id_seq'::regclass);


--
-- Name: schedule_occurrence id; Type: DEFAULT; Schema: public; Owner: gci_mis2
--

ALTER TABLE ONLY public.schedule_occurrence ALTER COLUMN id SET DEFAULT nextval('public.schedule_occurrence_id_seq'::regclass);


--
-- Name: schedule_rule id; Type: DEFAULT; Schema: public; Owner: gci_mis2
--

ALTER TABLE ONLY public.schedule_rule ALTER COLUMN id SET DEFAULT nextval('public.schedule_rule_id_seq'::regclass);


--
-- Name: student_management_app_department id; Type: DEFAULT; Schema: public; Owner: gci_mis2
--

ALTER TABLE ONLY public.student_management_app_department ALTER COLUMN id SET DEFAULT nextval('public.student_management_app_department_id_seq'::regclass);


--
-- Name: student_management_app_historicaladminuser history_id; Type: DEFAULT; Schema: public; Owner: gci_mis2
--

ALTER TABLE ONLY public.student_management_app_historicaladminuser ALTER COLUMN history_id SET DEFAULT nextval('public.student_management_app_historicaladminuser_history_id_seq'::regclass);


--
-- Name: student_management_app_historicalcertificatetemplate history_id; Type: DEFAULT; Schema: public; Owner: gci_mis2
--

ALTER TABLE ONLY public.student_management_app_historicalcertificatetemplate ALTER COLUMN history_id SET DEFAULT nextval('public.student_management_app_historicalcertificatetemp_history_id_seq'::regclass);


--
-- Name: student_management_app_historicalcomplain history_id; Type: DEFAULT; Schema: public; Owner: gci_mis2
--

ALTER TABLE ONLY public.student_management_app_historicalcomplain ALTER COLUMN history_id SET DEFAULT nextval('public.student_management_app_historicalcomplain_history_id_seq'::regclass);


--
-- Name: student_management_app_historicalcourse history_id; Type: DEFAULT; Schema: public; Owner: gci_mis2
--

ALTER TABLE ONLY public.student_management_app_historicalcourse ALTER COLUMN history_id SET DEFAULT nextval('public.student_management_app_historicalcourse_history_id_seq'::regclass);


--
-- Name: student_management_app_historicaldocumentfile history_id; Type: DEFAULT; Schema: public; Owner: gci_mis2
--

ALTER TABLE ONLY public.student_management_app_historicaldocumentfile ALTER COLUMN history_id SET DEFAULT nextval('public.student_management_app_historicaldocumentfile_history_id_seq'::regclass);


--
-- Name: student_management_app_historicalextrauser history_id; Type: DEFAULT; Schema: public; Owner: gci_mis2
--

ALTER TABLE ONLY public.student_management_app_historicalextrauser ALTER COLUMN history_id SET DEFAULT nextval('public.student_management_app_historicalextrauser_history_id_seq'::regclass);


--
-- Name: student_management_app_historicalsection history_id; Type: DEFAULT; Schema: public; Owner: gci_mis2
--

ALTER TABLE ONLY public.student_management_app_historicalsection ALTER COLUMN history_id SET DEFAULT nextval('public.student_management_app_historicalsection_history_id_seq'::regclass);


--
-- Name: student_management_app_historicalsemester history_id; Type: DEFAULT; Schema: public; Owner: gci_mis2
--

ALTER TABLE ONLY public.student_management_app_historicalsemester ALTER COLUMN history_id SET DEFAULT nextval('public.student_management_app_historicalsemester_history_id_seq'::regclass);


--
-- Name: student_management_app_historicalsociallink history_id; Type: DEFAULT; Schema: public; Owner: gci_mis2
--

ALTER TABLE ONLY public.student_management_app_historicalsociallink ALTER COLUMN history_id SET DEFAULT nextval('public.student_management_app_historicalsociallink_history_id_seq'::regclass);


--
-- Name: student_management_app_historicalstaff history_id; Type: DEFAULT; Schema: public; Owner: gci_mis2
--

ALTER TABLE ONLY public.student_management_app_historicalstaff ALTER COLUMN history_id SET DEFAULT nextval('public.student_management_app_historicalstaff_history_id_seq'::regclass);


--
-- Name: student_management_app_historicalstudent history_id; Type: DEFAULT; Schema: public; Owner: gci_mis2
--

ALTER TABLE ONLY public.student_management_app_historicalstudent ALTER COLUMN history_id SET DEFAULT nextval('public.student_management_app_historicalstudent_history_id_seq'::regclass);


--
-- Name: student_management_app_historicalsubject history_id; Type: DEFAULT; Schema: public; Owner: gci_mis2
--

ALTER TABLE ONLY public.student_management_app_historicalsubject ALTER COLUMN history_id SET DEFAULT nextval('public.student_management_app_historicalsubject_history_id_seq'::regclass);


--
-- Name: student_management_app_subjectteacher id; Type: DEFAULT; Schema: public; Owner: gci_mis2
--

ALTER TABLE ONLY public.student_management_app_subjectteacher ALTER COLUMN id SET DEFAULT nextval('public.student_management_app_subjectteacher_id_seq'::regclass);


--
-- Name: syllabus id; Type: DEFAULT; Schema: public; Owner: gci_mis2
--

ALTER TABLE ONLY public.syllabus ALTER COLUMN id SET DEFAULT nextval('public.syllabus_id_seq'::regclass);


--
-- Name: tbl_Adminuser id; Type: DEFAULT; Schema: public; Owner: gci_mis2
--

ALTER TABLE ONLY public."tbl_Adminuser" ALTER COLUMN id SET DEFAULT nextval('public."tbl_Adminuser_id_seq"'::regclass);


--
-- Name: tbl_Certificatetemplate id; Type: DEFAULT; Schema: public; Owner: gci_mis2
--

ALTER TABLE ONLY public."tbl_Certificatetemplate" ALTER COLUMN id SET DEFAULT nextval('public."tbl_Certificatetemplate_id_seq"'::regclass);


--
-- Name: tbl_Complain id; Type: DEFAULT; Schema: public; Owner: gci_mis2
--

ALTER TABLE ONLY public."tbl_Complain" ALTER COLUMN id SET DEFAULT nextval('public."tbl_Complain_id_seq"'::regclass);


--
-- Name: tbl_Course id; Type: DEFAULT; Schema: public; Owner: gci_mis2
--

ALTER TABLE ONLY public."tbl_Course" ALTER COLUMN id SET DEFAULT nextval('public."tbl_Course_id_seq"'::regclass);


--
-- Name: tbl_Customuser id; Type: DEFAULT; Schema: public; Owner: gci_mis2
--

ALTER TABLE ONLY public."tbl_Customuser" ALTER COLUMN id SET DEFAULT nextval('public."tbl_Customuser_id_seq"'::regclass);


--
-- Name: tbl_Customuser_groups id; Type: DEFAULT; Schema: public; Owner: gci_mis2
--

ALTER TABLE ONLY public."tbl_Customuser_groups" ALTER COLUMN id SET DEFAULT nextval('public."tbl_Customuser_groups_id_seq"'::regclass);


--
-- Name: tbl_Customuser_user_permissions id; Type: DEFAULT; Schema: public; Owner: gci_mis2
--

ALTER TABLE ONLY public."tbl_Customuser_user_permissions" ALTER COLUMN id SET DEFAULT nextval('public."tbl_Customuser_user_permissions_id_seq"'::regclass);


--
-- Name: tbl_Documentfile id; Type: DEFAULT; Schema: public; Owner: gci_mis2
--

ALTER TABLE ONLY public."tbl_Documentfile" ALTER COLUMN id SET DEFAULT nextval('public."tbl_Documentfile_id_seq"'::regclass);


--
-- Name: tbl_Extrauser id; Type: DEFAULT; Schema: public; Owner: gci_mis2
--

ALTER TABLE ONLY public."tbl_Extrauser" ALTER COLUMN id SET DEFAULT nextval('public."tbl_Extrauser_id_seq"'::regclass);


--
-- Name: tbl_Holiday id; Type: DEFAULT; Schema: public; Owner: gci_mis2
--

ALTER TABLE ONLY public."tbl_Holiday" ALTER COLUMN id SET DEFAULT nextval('public."tbl_Holiday_id_seq"'::regclass);


--
-- Name: tbl_Optionalsubject id; Type: DEFAULT; Schema: public; Owner: gci_mis2
--

ALTER TABLE ONLY public."tbl_Optionalsubject" ALTER COLUMN id SET DEFAULT nextval('public."tbl_Optionalsubject_id_seq"'::regclass);


--
-- Name: tbl_Parent id; Type: DEFAULT; Schema: public; Owner: gci_mis2
--

ALTER TABLE ONLY public."tbl_Parent" ALTER COLUMN id SET DEFAULT nextval('public."tbl_Parent_id_seq"'::regclass);


--
-- Name: tbl_Section id; Type: DEFAULT; Schema: public; Owner: gci_mis2
--

ALTER TABLE ONLY public."tbl_Section" ALTER COLUMN id SET DEFAULT nextval('public."tbl_Section_id_seq"'::regclass);


--
-- Name: tbl_Section_subject id; Type: DEFAULT; Schema: public; Owner: gci_mis2
--

ALTER TABLE ONLY public."tbl_Section_subject" ALTER COLUMN id SET DEFAULT nextval('public."tbl_Section_subject_id_seq"'::regclass);


--
-- Name: tbl_Semester id; Type: DEFAULT; Schema: public; Owner: gci_mis2
--

ALTER TABLE ONLY public."tbl_Semester" ALTER COLUMN id SET DEFAULT nextval('public."tbl_Semester_id_seq"'::regclass);


--
-- Name: tbl_Sessionyear id; Type: DEFAULT; Schema: public; Owner: gci_mis2
--

ALTER TABLE ONLY public."tbl_Sessionyear" ALTER COLUMN id SET DEFAULT nextval('public."tbl_Sessionyear_id_seq"'::regclass);


--
-- Name: tbl_Settings id; Type: DEFAULT; Schema: public; Owner: gci_mis2
--

ALTER TABLE ONLY public."tbl_Settings" ALTER COLUMN id SET DEFAULT nextval('public."tbl_Settings_id_seq"'::regclass);


--
-- Name: tbl_Sociallink id; Type: DEFAULT; Schema: public; Owner: gci_mis2
--

ALTER TABLE ONLY public."tbl_Sociallink" ALTER COLUMN id SET DEFAULT nextval('public."tbl_Sociallink_id_seq"'::regclass);


--
-- Name: tbl_Staff id; Type: DEFAULT; Schema: public; Owner: gci_mis2
--

ALTER TABLE ONLY public."tbl_Staff" ALTER COLUMN id SET DEFAULT nextval('public."tbl_Staff_id_seq"'::regclass);


--
-- Name: tbl_Student id; Type: DEFAULT; Schema: public; Owner: gci_mis2
--

ALTER TABLE ONLY public."tbl_Student" ALTER COLUMN id SET DEFAULT nextval('public."tbl_Student_id_seq"'::regclass);


--
-- Name: tbl_Studentgroup id; Type: DEFAULT; Schema: public; Owner: gci_mis2
--

ALTER TABLE ONLY public."tbl_Studentgroup" ALTER COLUMN id SET DEFAULT nextval('public."tbl_Studentgroup_id_seq"'::regclass);


--
-- Name: tbl_Transport id; Type: DEFAULT; Schema: public; Owner: gci_mis2
--

ALTER TABLE ONLY public."tbl_Transport" ALTER COLUMN id SET DEFAULT nextval('public."tbl_Transport_id_seq"'::regclass);


--
-- Name: tbl_Userrole id; Type: DEFAULT; Schema: public; Owner: gci_mis2
--

ALTER TABLE ONLY public."tbl_Userrole" ALTER COLUMN id SET DEFAULT nextval('public."tbl_Userrole_id_seq"'::regclass);


--
-- Name: tbl_notice id; Type: DEFAULT; Schema: public; Owner: gci_mis2
--

ALTER TABLE ONLY public.tbl_notice ALTER COLUMN id SET DEFAULT nextval('public.tbl_notice_id_seq'::regclass);


--
-- Data for Name: academic_historicalassignment; Type: TABLE DATA; Schema: public; Owner: gci_mis2
--

COPY public.academic_historicalassignment (id, title, description, deadline, file, created_at, updated_at, history_id, history_date, history_change_reason, history_type, "Subject_id", created_by_id, history_user_id, section_id, semester_id) FROM stdin;
\.


--
-- Data for Name: academic_historicalroutine; Type: TABLE DATA; Schema: public; Owner: gci_mis2
--

COPY public.academic_historicalroutine (id, routine_file, college_year, day, starting_time, ending_time, room, history_id, history_date, history_change_reason, history_type, course_id, history_user_id, section_id, semester_id) FROM stdin;
1	College Routine/Screenshot_from_2021-05-18_18-00-28.png	\N	\N	\N	\N	\N	1	2021-05-23 10:05:57.612812+05:45	\N	+	\N	2	1	1
1	College Routine/Screenshot_from_2021-05-18_18-00-28.png	\N	\N	\N	\N	\N	2	2021-05-23 10:06:33.574373+05:45	\N	~	\N	2	1	1
1	College Routine/Screenshot_from_2021-05-11_10-12-22.png	\N	\N	\N	\N	\N	3	2021-05-23 10:10:57.897465+05:45	\N	~	\N	2	1	1
\.


--
-- Data for Name: academic_historicalsyllabus; Type: TABLE DATA; Schema: public; Owner: gci_mis2
--

COPY public.academic_historicalsyllabus (id, title, file, description, history_id, history_date, history_change_reason, history_type, history_user_id, semester_id) FROM stdin;
\.


--
-- Data for Name: announcement_historicalholiday; Type: TABLE DATA; Schema: public; Owner: gci_mis2
--

COPY public.announcement_historicalholiday (id, title, from_date, to_date, image, details, created_at, updated_at, history_id, history_date, history_change_reason, history_type, history_user_id) FROM stdin;
\.


--
-- Data for Name: announcement_historicalnotice; Type: TABLE DATA; Schema: public; Owner: gci_mis2
--

COPY public.announcement_historicalnotice (id, title, file, notice, status, created_at, updated_at, history_id, history_date, history_change_reason, history_type, created_by_id, history_user_id) FROM stdin;
1	Notice1	Notices/notice_nzv3s5E.png	\N	t	2021-05-23 10:02:09.860718+05:45	2021-05-23 10:02:09.860736+05:45	1	2021-05-23 10:02:09.862101+05:45	\N	+	\N	2
1	Notice1	Notices/notice_nzv3s5E.png	\N	t	2021-05-23 10:02:09.860718+05:45	2021-05-23 10:02:09.864037+05:45	2	2021-05-23 10:02:09.865115+05:45	\N	~	\N	2
1	Notice1	Notices/notice_nzv3s5E.png	\N	f	2021-05-23 10:02:09.860718+05:45	2021-05-23 10:02:26.546555+05:45	3	2021-05-23 10:02:26.547988+05:45	\N	~	\N	2
2	Notice2	Notices/report-writing-class-8_rFQmDWJ.jpg	\N	t	2021-05-23 10:02:26.550797+05:45	2021-05-23 10:02:26.550814+05:45	4	2021-05-23 10:02:26.551735+05:45	\N	+	\N	2
\.


--
-- Data for Name: assignment; Type: TABLE DATA; Schema: public; Owner: gci_mis2
--

COPY public.assignment (id, title, description, deadline, file, created_at, updated_at, "Subject_id", created_by_id, section_id, semester_id) FROM stdin;
\.


--
-- Data for Name: attendance_attendance; Type: TABLE DATA; Schema: public; Owner: gci_mis2
--

COPY public.attendance_attendance (id, attendance_date, created_at, updated_at, section_id, semester_id, session_year_id, subject_id) FROM stdin;
\.


--
-- Data for Name: attendance_attendancereport; Type: TABLE DATA; Schema: public; Owner: gci_mis2
--

COPY public.attendance_attendancereport (id, status, remarks, created_at, updated_at, attendance_id, extra_user_id, staff_id, student_id) FROM stdin;
\.


--
-- Data for Name: auth_group; Type: TABLE DATA; Schema: public; Owner: gci_mis2
--

COPY public.auth_group (id, name) FROM stdin;
1	Admin
4	Parent
2	Teacher
3	Student
\.


--
-- Data for Name: auth_group_permissions; Type: TABLE DATA; Schema: public; Owner: gci_mis2
--

COPY public.auth_group_permissions (id, group_id, permission_id) FROM stdin;
1	2	203
2	2	204
3	2	205
4	2	206
5	2	222
6	3	226
7	3	222
\.


--
-- Data for Name: auth_permission; Type: TABLE DATA; Schema: public; Owner: gci_mis2
--

COPY public.auth_permission (id, name, content_type_id, codename) FROM stdin;
1	Can add log entry	1	add_logentry
2	Can change log entry	1	change_logentry
3	Can delete log entry	1	delete_logentry
4	Can view log entry	1	view_logentry
5	Can add permission	2	add_permission
6	Can change permission	2	change_permission
7	Can delete permission	2	delete_permission
8	Can view permission	2	view_permission
9	Can add group	3	add_group
10	Can change group	3	change_group
11	Can delete group	3	delete_group
12	Can view group	3	view_group
13	Can add content type	4	add_contenttype
14	Can change content type	4	change_contenttype
15	Can delete content type	4	delete_contenttype
16	Can view content type	4	view_contenttype
17	Can add session	5	add_session
18	Can change session	5	change_session
19	Can delete session	5	delete_session
20	Can view session	5	view_session
21	Can add customuser	6	add_customuser
22	Can change customuser	6	change_customuser
23	Can delete customuser	6	delete_customuser
24	Can view customuser	6	view_customuser
25	Can add course	7	add_course
26	Can change course	7	change_course
27	Can delete course	7	delete_course
28	Can view course	7	view_course
29	Can add department	8	add_department
30	Can change department	8	change_department
31	Can delete department	8	delete_department
32	Can view department	8	view_department
33	Can add extrauser	9	add_extrauser
34	Can change extrauser	9	change_extrauser
35	Can delete extrauser	9	delete_extrauser
36	Can view extrauser	9	view_extrauser
37	Can View Profile	9	view_extrauser_profile
38	Can Add Document	9	add_extrauser_document
39	Can Edit Document	9	edit_extrauser_document
40	Can Delete Document	9	delete_extrauser_document
41	Can add parent	10	add_parent
42	Can change parent	10	change_parent
43	Can delete parent	10	delete_parent
44	Can view parent	10	view_parent
45	Can View  Profile	10	view_parent_profile
46	Can Add Document	10	add_parent_document
47	Can Edit Document	10	edit_parent_document
48	Can Delete Document	10	delete_parent_document
49	Can add section	11	add_section
50	Can change section	11	change_section
51	Can delete section	11	delete_section
52	Can view section	11	view_section
53	Can add semester	12	add_semester
54	Can change semester	12	change_semester
55	Can delete semester	12	delete_semester
56	Can view semester	12	view_semester
57	Can add session year	13	add_sessionyear
58	Can change session year	13	change_sessionyear
59	Can delete session year	13	delete_sessionyear
60	Can view session year	13	view_sessionyear
61	Can add studentgroup	14	add_studentgroup
62	Can change studentgroup	14	change_studentgroup
63	Can delete studentgroup	14	delete_studentgroup
64	Can view studentgroup	14	view_studentgroup
65	Can add subject	15	add_subject
66	Can change subject	15	change_subject
67	Can delete subject	15	delete_subject
68	Can view subject	15	view_subject
69	Can add userrole	16	add_userrole
70	Can change userrole	16	change_userrole
71	Can delete userrole	16	delete_userrole
72	Can view userrole	16	view_userrole
73	Can add subject teacher	17	add_subjectteacher
74	Can change subject teacher	17	change_subjectteacher
75	Can delete subject teacher	17	delete_subjectteacher
76	Can view subject teacher	17	view_subjectteacher
77	Can add student	18	add_student
78	Can change student	18	change_student
79	Can delete student	18	delete_student
80	Can view student	18	view_student
81	Can View Profile	18	view_student_profile
82	Can Add Document	18	add_student_document
83	Can Edit Document	18	edit_student_document
84	Can Delete Document	18	delete_student_document
85	Can Print Id Card	18	print_student_id_card
86	Can Upload Bulk Student Data	18	student_bulk_upload
87	Can add staff	19	add_staff
88	Can change staff	19	change_staff
89	Can delete staff	19	delete_staff
90	Can view staff	19	view_staff
91	Can View Profile	19	view_teacher_profile
92	Can Add Document	19	add_teacher_document
93	Can Edit Document	19	edit_teacher_document
94	Can Delete Document	19	delete_teacher_document
95	Can add sociallink	20	add_sociallink
96	Can change sociallink	20	change_sociallink
97	Can delete sociallink	20	delete_sociallink
98	Can view sociallink	20	view_sociallink
99	Can add optionalsubject	21	add_optionalsubject
100	Can change optionalsubject	21	change_optionalsubject
101	Can delete optionalsubject	21	delete_optionalsubject
102	Can view optionalsubject	21	view_optionalsubject
103	Can add historical subject	22	add_historicalsubject
104	Can change historical subject	22	change_historicalsubject
105	Can delete historical subject	22	delete_historicalsubject
106	Can view historical subject	22	view_historicalsubject
107	Can add historical student	23	add_historicalstudent
108	Can change historical student	23	change_historicalstudent
109	Can delete historical student	23	delete_historicalstudent
110	Can view historical student	23	view_historicalstudent
111	Can add historical staff	24	add_historicalstaff
112	Can change historical staff	24	change_historicalstaff
113	Can delete historical staff	24	delete_historicalstaff
114	Can view historical staff	24	view_historicalstaff
115	Can add historical sociallink	25	add_historicalsociallink
116	Can change historical sociallink	25	change_historicalsociallink
117	Can delete historical sociallink	25	delete_historicalsociallink
118	Can view historical sociallink	25	view_historicalsociallink
119	Can add historical semester	26	add_historicalsemester
120	Can change historical semester	26	change_historicalsemester
121	Can delete historical semester	26	delete_historicalsemester
122	Can view historical semester	26	view_historicalsemester
123	Can add historical section	27	add_historicalsection
124	Can change historical section	27	change_historicalsection
125	Can delete historical section	27	delete_historicalsection
126	Can view historical section	27	view_historicalsection
127	Can add historical extrauser	28	add_historicalextrauser
128	Can change historical extrauser	28	change_historicalextrauser
129	Can delete historical extrauser	28	delete_historicalextrauser
130	Can view historical extrauser	28	view_historicalextrauser
131	Can add historical documentfile	29	add_historicaldocumentfile
132	Can change historical documentfile	29	change_historicaldocumentfile
133	Can delete historical documentfile	29	delete_historicaldocumentfile
134	Can view historical documentfile	29	view_historicaldocumentfile
135	Can add historical course	30	add_historicalcourse
136	Can change historical course	30	change_historicalcourse
137	Can delete historical course	30	delete_historicalcourse
138	Can view historical course	30	view_historicalcourse
139	Can add historical complain	31	add_historicalcomplain
140	Can change historical complain	31	change_historicalcomplain
141	Can delete historical complain	31	delete_historicalcomplain
142	Can view historical complain	31	view_historicalcomplain
143	Can add historical certificatetemplate	32	add_historicalcertificatetemplate
144	Can change historical certificatetemplate	32	change_historicalcertificatetemplate
145	Can delete historical certificatetemplate	32	delete_historicalcertificatetemplate
146	Can view historical certificatetemplate	32	view_historicalcertificatetemplate
147	Can add historical adminuser	33	add_historicaladminuser
148	Can change historical adminuser	33	change_historicaladminuser
149	Can delete historical adminuser	33	delete_historicaladminuser
150	Can view historical adminuser	33	view_historicaladminuser
151	Can add documentfile	34	add_documentfile
152	Can change documentfile	34	change_documentfile
153	Can delete documentfile	34	delete_documentfile
154	Can view documentfile	34	view_documentfile
155	Can add complain	35	add_complain
156	Can change complain	35	change_complain
157	Can delete complain	35	delete_complain
158	Can view complain	35	view_complain
159	Can add certificatetemplate	36	add_certificatetemplate
160	Can change certificatetemplate	36	change_certificatetemplate
161	Can delete certificatetemplate	36	delete_certificatetemplate
162	Can view certificatetemplate	36	view_certificatetemplate
163	Can add adminuser	37	add_adminuser
164	Can change adminuser	37	change_adminuser
165	Can delete adminuser	37	delete_adminuser
166	Can view adminuser	37	view_adminuser
167	Can View Profile	37	view_admin_profile
168	Can Add Document	37	add_admin_document
169	Can Edit Document	37	edit_admin_document
170	Can Delete Document	37	delete_admin_document
171	Can add attendance report	39	add_attendancereport
172	Can change attendance report	39	change_attendancereport
173	Can delete attendance report	39	delete_attendancereport
174	Can view attendance report	39	view_attendancereport
175	Can add school setting	40	add_schoolsetting
176	Can change school setting	40	change_schoolsetting
177	Can delete school setting	40	delete_schoolsetting
178	Can view school setting	40	view_schoolsetting
179	Can add custom permission	41	add_custompermission
180	Can change custom permission	41	change_custompermission
181	Can delete custom permission	41	delete_custompermission
182	Can view custom permission	41	view_custompermission
183	Can add transport	42	add_transport
184	Can change transport	42	change_transport
185	Can delete transport	42	delete_transport
186	Can view transport	42	view_transport
187	Can add historical holiday	43	add_historicalholiday
188	Can change historical holiday	43	change_historicalholiday
189	Can delete historical holiday	43	delete_historicalholiday
190	Can view historical holiday	43	view_historicalholiday
191	Can add historical notice	44	add_historicalnotice
192	Can change historical notice	44	change_historicalnotice
193	Can delete historical notice	44	delete_historicalnotice
194	Can view historical notice	44	view_historicalnotice
195	Can add holiday	45	add_holiday
196	Can change holiday	45	change_holiday
197	Can delete holiday	45	delete_holiday
198	Can view holiday	45	view_holiday
199	Can add notice	46	add_notice
200	Can change notice	46	change_notice
201	Can delete notice	46	delete_notice
202	Can view notice	46	view_notice
203	Can add assignment	47	add_assignment
204	Can change assignment	47	change_assignment
205	Can delete assignment	47	delete_assignment
206	Can view assignment	47	view_assignment
207	Can add historical assignment	48	add_historicalassignment
208	Can change historical assignment	48	change_historicalassignment
209	Can delete historical assignment	48	delete_historicalassignment
210	Can view historical assignment	48	view_historicalassignment
211	Can add historical routine	49	add_historicalroutine
212	Can change historical routine	49	change_historicalroutine
213	Can delete historical routine	49	delete_historicalroutine
214	Can view historical routine	49	view_historicalroutine
215	Can add historical syllabus	50	add_historicalsyllabus
216	Can change historical syllabus	50	change_historicalsyllabus
217	Can delete historical syllabus	50	delete_historicalsyllabus
218	Can view historical syllabus	50	view_historicalsyllabus
219	Can add routine	51	add_routine
220	Can change routine	51	change_routine
221	Can delete routine	51	delete_routine
222	Can view routine	51	view_routine
223	Can add syllabus	52	add_syllabus
224	Can change syllabus	52	change_syllabus
225	Can delete syllabus	52	delete_syllabus
226	Can view syllabus	52	view_syllabus
227	Can add application_form	53	add_application_form
228	Can change application_form	53	change_application_form
229	Can delete application_form	53	delete_application_form
230	Can view application_form	53	view_application_form
231	Can add exams	54	add_exams
232	Can change exams	54	change_exams
233	Can delete exams	54	delete_exams
234	Can view exams	54	view_exams
235	Can add historical application_form	55	add_historicalapplication_form
236	Can change historical application_form	55	change_historicalapplication_form
237	Can delete historical application_form	55	delete_historicalapplication_form
238	Can view historical application_form	55	view_historicalapplication_form
239	Can add historical exams	56	add_historicalexams
240	Can change historical exams	56	change_historicalexams
241	Can delete historical exams	56	delete_historicalexams
242	Can view historical exams	56	view_historicalexams
243	Can add historical routine	57	add_historicalroutine
244	Can change historical routine	57	change_historicalroutine
245	Can delete historical routine	57	delete_historicalroutine
246	Can view historical routine	57	view_historicalroutine
247	Can add historical selectedcourses	58	add_historicalselectedcourses
248	Can change historical selectedcourses	58	change_historicalselectedcourses
249	Can delete historical selectedcourses	58	delete_historicalselectedcourses
250	Can view historical selectedcourses	58	view_historicalselectedcourses
251	Can add historical studentgrades	59	add_historicalstudentgrades
252	Can change historical studentgrades	59	change_historicalstudentgrades
253	Can delete historical studentgrades	59	delete_historicalstudentgrades
254	Can view historical studentgrades	59	view_historicalstudentgrades
255	Can add historical term	60	add_historicalterm
256	Can change historical term	60	change_historicalterm
257	Can delete historical term	60	delete_historicalterm
258	Can view historical term	60	view_historicalterm
259	Can add routine	61	add_routine
260	Can change routine	61	change_routine
261	Can delete routine	61	delete_routine
262	Can view routine	61	view_routine
263	Can add selectedcourses	62	add_selectedcourses
264	Can change selectedcourses	62	change_selectedcourses
265	Can delete selectedcourses	62	delete_selectedcourses
266	Can view selectedcourses	62	view_selectedcourses
267	Can add term	63	add_term
268	Can change term	63	change_term
269	Can delete term	63	delete_term
270	Can view term	63	view_term
271	Can add studentgrades	64	add_studentgrades
272	Can change studentgrades	64	change_studentgrades
273	Can delete studentgrades	64	delete_studentgrades
274	Can view studentgrades	64	view_studentgrades
275	Can add notification	65	add_notification
276	Can change notification	65	change_notification
277	Can delete notification	65	delete_notification
278	Can view notification	65	view_notification
279	Can add calendar	66	add_calendar
280	Can change calendar	66	change_calendar
281	Can delete calendar	66	delete_calendar
282	Can view calendar	66	view_calendar
283	Can add calendar relation	67	add_calendarrelation
284	Can change calendar relation	67	change_calendarrelation
285	Can delete calendar relation	67	delete_calendarrelation
286	Can view calendar relation	67	view_calendarrelation
287	Can add event	68	add_event
288	Can change event	68	change_event
289	Can delete event	68	delete_event
290	Can view event	68	view_event
291	Can add event relation	69	add_eventrelation
292	Can change event relation	69	change_eventrelation
293	Can delete event relation	69	delete_eventrelation
294	Can view event relation	69	view_eventrelation
295	Can add rule	70	add_rule
296	Can change rule	70	change_rule
297	Can delete rule	70	delete_rule
298	Can view rule	70	view_rule
299	Can add occurrence	71	add_occurrence
300	Can change occurrence	71	change_occurrence
301	Can delete occurrence	71	delete_occurrence
302	Can view occurrence	71	view_occurrence
303	Can add historical event	72	add_historicalevent
304	Can change historical event	72	change_historicalevent
305	Can delete historical event	72	delete_historicalevent
306	Can view historical event	72	view_historicalevent
\.


--
-- Data for Name: courses_application_form; Type: TABLE DATA; Schema: public; Owner: gci_mis2
--

COPY public.courses_application_form (application_id, status, application_date, created_at, updated_at, semester_id, student_id, term_id) FROM stdin;
\.


--
-- Data for Name: courses_exams; Type: TABLE DATA; Schema: public; Owner: gci_mis2
--

COPY public.courses_exams (exam_id, exam_title, exam_format, date, "time", full_marks, pass_marks, created_at, updated_at, subject_id_id, term_id) FROM stdin;
\.


--
-- Data for Name: courses_historicalapplication_form; Type: TABLE DATA; Schema: public; Owner: gci_mis2
--

COPY public.courses_historicalapplication_form (application_id, status, application_date, created_at, updated_at, history_id, history_date, history_change_reason, history_type, history_user_id, semester_id, student_id, term_id) FROM stdin;
\.


--
-- Data for Name: courses_historicalexams; Type: TABLE DATA; Schema: public; Owner: gci_mis2
--

COPY public.courses_historicalexams (exam_id, exam_title, exam_format, date, "time", full_marks, pass_marks, created_at, updated_at, history_id, history_date, history_change_reason, history_type, history_user_id, subject_id_id, term_id) FROM stdin;
\.


--
-- Data for Name: courses_historicalroutine; Type: TABLE DATA; Schema: public; Owner: gci_mis2
--

COPY public.courses_historicalroutine (id, day, period, created_at, updated_at, history_id, history_date, history_change_reason, history_type, history_user_id, semester_id, subject_id) FROM stdin;
\.


--
-- Data for Name: courses_historicalselectedcourses; Type: TABLE DATA; Schema: public; Owner: gci_mis2
--

COPY public.courses_historicalselectedcourses (id, year, created_at, updated_at, history_id, history_date, history_change_reason, history_type, history_user_id, semester_id, student_id_id, subject_id_id) FROM stdin;
1	2021	2021-05-23 09:53:16.296578+05:45	2021-05-23 09:53:16.296592+05:45	1	2021-05-23 09:53:16.29813+05:45	\N	+	2	2	1	Acct001
2	2021	2021-05-23 09:53:16.710975+05:45	2021-05-23 09:53:16.710989+05:45	2	2021-05-23 09:53:16.712021+05:45	\N	+	2	2	2	Acct001
3	2021	2021-05-23 09:53:17.075003+05:45	2021-05-23 09:53:17.075018+05:45	3	2021-05-23 09:53:17.075985+05:45	\N	+	2	2	3	Acct001
4	2021	2021-05-23 09:53:17.448895+05:45	2021-05-23 09:53:17.44891+05:45	4	2021-05-23 09:53:17.449848+05:45	\N	+	2	2	4	Acct001
5	2021	2021-05-23 09:53:17.806572+05:45	2021-05-23 09:53:17.806587+05:45	5	2021-05-23 09:53:17.807589+05:45	\N	+	2	2	5	Acct001
6	2021	2021-05-23 09:53:18.175324+05:45	2021-05-23 09:53:18.175341+05:45	6	2021-05-23 09:53:18.176334+05:45	\N	+	2	2	6	Acct001
7	2021	2021-05-23 09:53:18.542118+05:45	2021-05-23 09:53:18.542132+05:45	7	2021-05-23 09:53:18.542935+05:45	\N	+	2	2	7	Acct001
8	2021	2021-05-23 09:53:18.905184+05:45	2021-05-23 09:53:18.905197+05:45	8	2021-05-23 09:53:18.905955+05:45	\N	+	2	2	8	Acct001
9	2021	2021-05-23 09:53:19.279813+05:45	2021-05-23 09:53:19.279826+05:45	9	2021-05-23 09:53:19.280581+05:45	\N	+	2	2	9	Acct001
10	2021	2021-05-23 09:53:19.635606+05:45	2021-05-23 09:53:19.635619+05:45	10	2021-05-23 09:53:19.636441+05:45	\N	+	2	2	10	Acct001
11	2021	2021-05-23 09:53:20.01367+05:45	2021-05-23 09:53:20.013683+05:45	11	2021-05-23 09:53:20.014575+05:45	\N	+	2	2	11	Acct001
12	2021	2021-05-23 09:53:20.383409+05:45	2021-05-23 09:53:20.383424+05:45	12	2021-05-23 09:53:20.384241+05:45	\N	+	2	2	12	Acct001
13	2021	2021-05-23 09:53:20.746767+05:45	2021-05-23 09:53:20.746781+05:45	13	2021-05-23 09:53:20.747544+05:45	\N	+	2	2	13	Acct001
14	2021	2021-05-23 09:53:21.109234+05:45	2021-05-23 09:53:21.109248+05:45	14	2021-05-23 09:53:21.11006+05:45	\N	+	2	2	14	Acct001
15	2021	2021-05-23 09:53:21.47162+05:45	2021-05-23 09:53:21.471635+05:45	15	2021-05-23 09:53:21.472497+05:45	\N	+	2	2	15	Busi001
16	2021	2021-05-23 09:53:21.831194+05:45	2021-05-23 09:53:21.831208+05:45	16	2021-05-23 09:53:21.832025+05:45	\N	+	2	2	16	Comp001
17	2021	2021-05-23 09:53:22.197712+05:45	2021-05-23 09:53:22.197727+05:45	17	2021-05-23 09:53:22.198541+05:45	\N	+	2	2	17	Acct001
18	2021	2021-05-23 09:53:22.564209+05:45	2021-05-23 09:53:22.564225+05:45	18	2021-05-23 09:53:22.565054+05:45	\N	+	2	2	18	Acct001
19	2021	2021-05-23 09:53:22.929754+05:45	2021-05-23 09:53:22.929773+05:45	19	2021-05-23 09:53:22.930579+05:45	\N	+	2	2	19	Acct001
20	2021	2021-05-23 09:53:23.344016+05:45	2021-05-23 09:53:23.344035+05:45	20	2021-05-23 09:53:23.345016+05:45	\N	+	2	2	20	Acct001
21	2021	2021-05-23 09:53:23.713537+05:45	2021-05-23 09:53:23.713552+05:45	21	2021-05-23 09:53:23.71433+05:45	\N	+	2	2	21	Acct001
22	2021	2021-05-23 09:53:24.084687+05:45	2021-05-23 09:53:24.084707+05:45	22	2021-05-23 09:53:24.085708+05:45	\N	+	2	2	22	Busi001
23	2021	2021-05-23 09:53:24.48113+05:45	2021-05-23 09:53:24.481144+05:45	23	2021-05-23 09:53:24.48188+05:45	\N	+	2	2	23	Acct001
24	2021	2021-05-23 09:53:24.838666+05:45	2021-05-23 09:53:24.838685+05:45	24	2021-05-23 09:53:24.839551+05:45	\N	+	2	2	24	Art001
25	2021	2021-05-23 09:53:25.24216+05:45	2021-05-23 09:53:25.24218+05:45	25	2021-05-23 09:53:25.243808+05:45	\N	+	2	2	25	Busi001
26	2021	2021-05-23 09:53:25.624151+05:45	2021-05-23 09:53:25.624165+05:45	26	2021-05-23 09:53:25.624963+05:45	\N	+	2	2	26	Busi001
27	2021	2021-05-23 09:53:25.980662+05:45	2021-05-23 09:53:25.980675+05:45	27	2021-05-23 09:53:25.981529+05:45	\N	+	2	2	27	Acct001
28	2021	2021-05-23 09:53:26.437478+05:45	2021-05-23 09:53:26.437492+05:45	28	2021-05-23 09:53:26.438268+05:45	\N	+	2	2	28	Acct001
29	2021	2021-05-23 09:53:26.796863+05:45	2021-05-23 09:53:26.796877+05:45	29	2021-05-23 09:53:26.797623+05:45	\N	+	2	2	29	Art001
30	2021	2021-05-23 09:53:27.157268+05:45	2021-05-23 09:53:27.157282+05:45	30	2021-05-23 09:53:27.15804+05:45	\N	+	2	2	30	Acct001
31	2021	2021-05-23 09:53:27.527427+05:45	2021-05-23 09:53:27.52744+05:45	31	2021-05-23 09:53:27.528196+05:45	\N	+	2	2	31	Art001
32	2021	2021-05-23 09:53:27.886066+05:45	2021-05-23 09:53:27.886079+05:45	32	2021-05-23 09:53:27.886815+05:45	\N	+	2	2	32	Acct001
33	2021	2021-05-23 09:53:28.253192+05:45	2021-05-23 09:53:28.253205+05:45	33	2021-05-23 09:53:28.253989+05:45	\N	+	2	2	33	Acct001
34	2021	2021-05-23 09:53:28.610873+05:45	2021-05-23 09:53:28.610886+05:45	34	2021-05-23 09:53:28.611716+05:45	\N	+	2	2	34	Acct001
35	2021	2021-05-23 09:53:28.97513+05:45	2021-05-23 09:53:28.975144+05:45	35	2021-05-23 09:53:28.975872+05:45	\N	+	2	2	35	Acct001
36	2021	2021-05-23 09:53:29.334498+05:45	2021-05-23 09:53:29.334514+05:45	36	2021-05-23 09:53:29.335248+05:45	\N	+	2	2	36	Acct001
37	2021	2021-05-23 09:53:29.721015+05:45	2021-05-23 09:53:29.721029+05:45	37	2021-05-23 09:53:29.721854+05:45	\N	+	2	2	37	Acct001
38	2021	2021-05-23 09:54:01.316267+05:45	2021-05-23 09:54:01.316281+05:45	38	2021-05-23 09:54:01.317568+05:45	\N	+	2	2	38	Chem001
39	2021	2021-05-23 09:54:01.696361+05:45	2021-05-23 09:54:01.696375+05:45	39	2021-05-23 09:54:01.697429+05:45	\N	+	2	2	39	Chem001
40	2021	2021-05-23 09:54:02.059827+05:45	2021-05-23 09:54:02.059841+05:45	40	2021-05-23 09:54:02.06077+05:45	\N	+	2	2	40	Bio001
41	2021	2021-05-23 09:54:02.424128+05:45	2021-05-23 09:54:02.424141+05:45	41	2021-05-23 09:54:02.425045+05:45	\N	+	2	2	41	Chem001
42	2021	2021-05-23 09:54:02.779761+05:45	2021-05-23 09:54:02.779774+05:45	42	2021-05-23 09:54:02.780682+05:45	\N	+	2	2	42	Art001
43	2021	2021-05-23 09:54:03.139078+05:45	2021-05-23 09:54:03.139091+05:45	43	2021-05-23 09:54:03.139986+05:45	\N	+	2	2	43	Bio001
44	2021	2021-05-23 09:54:03.504324+05:45	2021-05-23 09:54:03.504338+05:45	44	2021-05-23 09:54:03.505116+05:45	\N	+	2	2	44	Bio001
45	2021	2021-05-23 09:54:03.864306+05:45	2021-05-23 09:54:03.86432+05:45	45	2021-05-23 09:54:03.865095+05:45	\N	+	2	2	45	Bio001
46	2021	2021-05-23 09:54:04.241779+05:45	2021-05-23 09:54:04.241793+05:45	46	2021-05-23 09:54:04.242681+05:45	\N	+	2	2	46	Bio001
47	2021	2021-05-23 09:54:04.602437+05:45	2021-05-23 09:54:04.602451+05:45	47	2021-05-23 09:54:04.603159+05:45	\N	+	2	2	47	Chem001
48	2021	2021-05-23 09:54:04.95947+05:45	2021-05-23 09:54:04.959483+05:45	48	2021-05-23 09:54:04.960191+05:45	\N	+	2	2	48	Acct001
49	2021	2021-05-23 09:54:05.323522+05:45	2021-05-23 09:54:05.323536+05:45	49	2021-05-23 09:54:05.324256+05:45	\N	+	2	2	49	Bio001
50	2021	2021-05-23 09:54:05.714286+05:45	2021-05-23 09:54:05.7143+05:45	50	2021-05-23 09:54:05.71504+05:45	\N	+	2	2	50	Bio001
51	2021	2021-05-23 09:54:06.073739+05:45	2021-05-23 09:54:06.073752+05:45	51	2021-05-23 09:54:06.074513+05:45	\N	+	2	2	51	Comp001
52	2021	2021-05-23 09:54:06.436743+05:45	2021-05-23 09:54:06.436756+05:45	52	2021-05-23 09:54:06.437513+05:45	\N	+	2	2	52	Chem001
53	2021	2021-05-23 09:54:06.79085+05:45	2021-05-23 09:54:06.790863+05:45	53	2021-05-23 09:54:06.791848+05:45	\N	+	2	2	53	Chem001
54	2021	2021-05-23 09:54:07.146386+05:45	2021-05-23 09:54:07.146399+05:45	54	2021-05-23 09:54:07.147097+05:45	\N	+	2	2	54	Chem001
55	2021	2021-05-23 09:54:07.51278+05:45	2021-05-23 09:54:07.512794+05:45	55	2021-05-23 09:54:07.513549+05:45	\N	+	2	2	55	Chem001
56	2021	2021-05-23 09:54:07.868881+05:45	2021-05-23 09:54:07.868895+05:45	56	2021-05-23 09:54:07.869684+05:45	\N	+	2	2	56	Bio001
57	2021	2021-05-23 09:54:08.253338+05:45	2021-05-23 09:54:08.253352+05:45	57	2021-05-23 09:54:08.254131+05:45	\N	+	2	2	57	Chem001
58	2021	2021-05-23 09:54:08.61545+05:45	2021-05-23 09:54:08.615464+05:45	58	2021-05-23 09:54:08.616217+05:45	\N	+	2	2	58	Chem001
59	2021	2021-05-23 09:54:08.975597+05:45	2021-05-23 09:54:08.975611+05:45	59	2021-05-23 09:54:08.976406+05:45	\N	+	2	2	59	Chem001
60	2021	2021-05-23 09:54:09.370884+05:45	2021-05-23 09:54:09.370898+05:45	60	2021-05-23 09:54:09.371717+05:45	\N	+	2	2	60	Comp001
61	2021	2021-05-23 09:54:09.764342+05:45	2021-05-23 09:54:09.764357+05:45	61	2021-05-23 09:54:09.765068+05:45	\N	+	2	2	61	Bio001
62	2021	2021-05-23 09:54:10.128838+05:45	2021-05-23 09:54:10.128852+05:45	62	2021-05-23 09:54:10.129548+05:45	\N	+	2	2	62	Comp001
63	2021	2021-05-23 09:54:10.489177+05:45	2021-05-23 09:54:10.489191+05:45	63	2021-05-23 09:54:10.490039+05:45	\N	+	2	2	63	Chem001
64	2021	2021-05-23 09:54:10.842245+05:45	2021-05-23 09:54:10.842259+05:45	64	2021-05-23 09:54:10.842997+05:45	\N	+	2	2	64	Art001
65	2021	2021-05-23 09:54:11.198378+05:45	2021-05-23 09:54:11.198391+05:45	65	2021-05-23 09:54:11.19908+05:45	\N	+	2	2	65	Art001
66	2021	2021-05-23 09:54:11.564642+05:45	2021-05-23 09:54:11.564656+05:45	66	2021-05-23 09:54:11.565376+05:45	\N	+	2	2	66	Bio001
67	2021	2021-05-23 09:54:11.921233+05:45	2021-05-23 09:54:11.921247+05:45	67	2021-05-23 09:54:11.921966+05:45	\N	+	2	2	67	Chem001
68	2021	2021-05-23 09:54:12.295428+05:45	2021-05-23 09:54:12.295442+05:45	68	2021-05-23 09:54:12.296227+05:45	\N	+	2	2	68	Comp001
69	2021	2021-05-23 09:54:12.65293+05:45	2021-05-23 09:54:12.652944+05:45	69	2021-05-23 09:54:12.653678+05:45	\N	+	2	2	69	Chem001
70	2021	2021-05-23 09:54:13.015195+05:45	2021-05-23 09:54:13.015208+05:45	70	2021-05-23 09:54:13.016106+05:45	\N	+	2	2	70	Bio001
71	2021	2021-05-23 09:54:13.391647+05:45	2021-05-23 09:54:13.391661+05:45	71	2021-05-23 09:54:13.392409+05:45	\N	+	2	2	71	Chem001
72	2021	2021-05-23 09:54:13.748545+05:45	2021-05-23 09:54:13.748558+05:45	72	2021-05-23 09:54:13.74927+05:45	\N	+	2	2	72	Chem001
73	2021	2021-05-23 09:54:14.120548+05:45	2021-05-23 09:54:14.120567+05:45	73	2021-05-23 09:54:14.121548+05:45	\N	+	2	2	73	Comp001
74	2021	2021-05-23 09:54:14.535483+05:45	2021-05-23 09:54:14.535497+05:45	74	2021-05-23 09:54:14.536242+05:45	\N	+	2	2	74	Busi001
75	2021	2021-05-23 09:54:14.896454+05:45	2021-05-23 09:54:14.896467+05:45	75	2021-05-23 09:54:14.897228+05:45	\N	+	2	2	75	Chem001
76	2021	2021-05-23 09:54:15.27022+05:45	2021-05-23 09:54:15.270234+05:45	76	2021-05-23 09:54:15.271031+05:45	\N	+	2	2	76	Chem001
77	2021	2021-05-23 09:54:15.624647+05:45	2021-05-23 09:54:15.62466+05:45	77	2021-05-23 09:54:15.625422+05:45	\N	+	2	2	77	Chem001
78	2021	2021-05-23 09:54:16.01552+05:45	2021-05-23 09:54:16.015534+05:45	78	2021-05-23 09:54:16.016327+05:45	\N	+	2	2	78	Chem001
79	2021	2021-05-23 09:54:16.396935+05:45	2021-05-23 09:54:16.396949+05:45	79	2021-05-23 09:54:16.397641+05:45	\N	+	2	2	79	Bio001
80	2021	2021-05-23 09:54:16.751688+05:45	2021-05-23 09:54:16.751703+05:45	80	2021-05-23 09:54:16.752339+05:45	\N	+	2	2	80	Chem001
81	2021	2021-05-23 09:54:17.112512+05:45	2021-05-23 09:54:17.112526+05:45	81	2021-05-23 09:54:17.113317+05:45	\N	+	2	2	81	Art001
82	2021	2021-05-23 09:54:17.490008+05:45	2021-05-23 09:54:17.490021+05:45	82	2021-05-23 09:54:17.490721+05:45	\N	+	2	2	82	Busi001
83	2021	2021-05-23 09:54:17.86981+05:45	2021-05-23 09:54:17.869824+05:45	83	2021-05-23 09:54:17.870551+05:45	\N	+	2	2	83	Chem001
84	2021	2021-05-23 09:54:18.240819+05:45	2021-05-23 09:54:18.240833+05:45	84	2021-05-23 09:54:18.242494+05:45	\N	+	2	2	84	Bio001
85	2021	2021-05-23 09:54:18.606716+05:45	2021-05-23 09:54:18.60673+05:45	85	2021-05-23 09:54:18.607513+05:45	\N	+	2	2	85	Bio001
86	2021	2021-05-23 09:54:18.963078+05:45	2021-05-23 09:54:18.963109+05:45	86	2021-05-23 09:54:18.963859+05:45	\N	+	2	2	86	Art001
87	2021	2021-05-23 09:54:19.330998+05:45	2021-05-23 09:54:19.331012+05:45	87	2021-05-23 09:54:19.332224+05:45	\N	+	2	2	87	Bio001
88	2021	2021-05-23 09:54:19.686443+05:45	2021-05-23 09:54:19.686457+05:45	88	2021-05-23 09:54:19.687347+05:45	\N	+	2	2	88	Bio001
89	2021	2021-05-23 09:54:20.043265+05:45	2021-05-23 09:54:20.043279+05:45	89	2021-05-23 09:54:20.044002+05:45	\N	+	2	2	89	Chem001
90	2021	2021-05-23 09:54:20.40929+05:45	2021-05-23 09:54:20.409304+05:45	90	2021-05-23 09:54:20.410229+05:45	\N	+	2	2	90	Chem001
91	2021	2021-05-23 09:54:20.774746+05:45	2021-05-23 09:54:20.77476+05:45	91	2021-05-23 09:54:20.775629+05:45	\N	+	2	2	91	Acct001
92	2021	2021-05-23 09:54:21.13523+05:45	2021-05-23 09:54:21.135243+05:45	92	2021-05-23 09:54:21.136232+05:45	\N	+	2	2	92	Chem001
93	2021	2021-05-23 09:54:21.556265+05:45	2021-05-23 09:54:21.556279+05:45	93	2021-05-23 09:54:21.557136+05:45	\N	+	2	2	93	Comp001
94	2021	2021-05-23 09:54:21.912318+05:45	2021-05-23 09:54:21.912332+05:45	94	2021-05-23 09:54:21.913148+05:45	\N	+	2	2	94	Chem001
95	2021	2021-05-23 09:54:22.280251+05:45	2021-05-23 09:54:22.280265+05:45	95	2021-05-23 09:54:22.281085+05:45	\N	+	2	2	95	Bio001
96	2021	2021-05-23 09:54:22.643095+05:45	2021-05-23 09:54:22.643109+05:45	96	2021-05-23 09:54:22.64387+05:45	\N	+	2	2	96	Bio001
97	2021	2021-05-23 09:54:23.000952+05:45	2021-05-23 09:54:23.000965+05:45	97	2021-05-23 09:54:23.001738+05:45	\N	+	2	2	97	Chem001
98	2021	2021-05-23 09:54:43.073345+05:45	2021-05-23 09:54:43.073358+05:45	98	2021-05-23 09:54:43.074832+05:45	\N	+	2	1	98	Econ001
99	2021	2021-05-23 09:54:43.43386+05:45	2021-05-23 09:54:43.433874+05:45	99	2021-05-23 09:54:43.43481+05:45	\N	+	2	1	99	Acct001
100	2021	2021-05-23 09:54:43.794385+05:45	2021-05-23 09:54:43.794409+05:45	100	2021-05-23 09:54:43.795988+05:45	\N	+	2	1	100	Acct001
101	2021	2021-05-23 09:54:44.156335+05:45	2021-05-23 09:54:44.156352+05:45	101	2021-05-23 09:54:44.157367+05:45	\N	+	2	1	101	Busi001
102	2021	2021-05-23 09:54:44.586905+05:45	2021-05-23 09:54:44.586941+05:45	102	2021-05-23 09:54:44.58826+05:45	\N	+	2	1	102	Acct001
103	2021	2021-05-23 09:54:44.970826+05:45	2021-05-23 09:54:44.970842+05:45	103	2021-05-23 09:54:44.971955+05:45	\N	+	2	1	103	Busi001
104	2021	2021-05-23 09:54:45.356337+05:45	2021-05-23 09:54:45.356352+05:45	104	2021-05-23 09:54:45.357185+05:45	\N	+	2	1	104	Busi001
105	2021	2021-05-23 09:54:45.721787+05:45	2021-05-23 09:54:45.7218+05:45	105	2021-05-23 09:54:45.722604+05:45	\N	+	2	1	105	Acct001
106	2021	2021-05-23 09:54:46.079641+05:45	2021-05-23 09:54:46.079655+05:45	106	2021-05-23 09:54:46.080478+05:45	\N	+	2	1	106	Comp001
107	2021	2021-05-23 09:54:46.451799+05:45	2021-05-23 09:54:46.451813+05:45	107	2021-05-23 09:54:46.452751+05:45	\N	+	2	1	107	Acct001
108	2021	2021-05-23 09:54:46.818347+05:45	2021-05-23 09:54:46.818361+05:45	108	2021-05-23 09:54:46.819135+05:45	\N	+	2	1	108	Acct001
109	2021	2021-05-23 09:54:47.175824+05:45	2021-05-23 09:54:47.175838+05:45	109	2021-05-23 09:54:47.176611+05:45	\N	+	2	1	109	Acct001
110	2021	2021-05-23 09:54:47.54042+05:45	2021-05-23 09:54:47.540433+05:45	110	2021-05-23 09:54:47.541176+05:45	\N	+	2	1	110	Lit001
111	2021	2021-05-23 09:54:47.896764+05:45	2021-05-23 09:54:47.896777+05:45	111	2021-05-23 09:54:47.897621+05:45	\N	+	2	1	111	Acct001
112	2021	2021-05-23 09:54:48.262622+05:45	2021-05-23 09:54:48.262642+05:45	112	2021-05-23 09:54:48.263623+05:45	\N	+	2	1	112	Acct001
113	2021	2021-05-23 09:54:48.632291+05:45	2021-05-23 09:54:48.632306+05:45	113	2021-05-23 09:54:48.633105+05:45	\N	+	2	1	113	Busi001
114	2021	2021-05-23 09:54:48.994265+05:45	2021-05-23 09:54:48.994284+05:45	114	2021-05-23 09:54:48.995096+05:45	\N	+	2	1	114	Acct001
115	2021	2021-05-23 09:54:49.370411+05:45	2021-05-23 09:54:49.370425+05:45	115	2021-05-23 09:54:49.371564+05:45	\N	+	2	1	115	Acct001
116	2021	2021-05-23 09:54:49.735128+05:45	2021-05-23 09:54:49.735142+05:45	116	2021-05-23 09:54:49.735894+05:45	\N	+	2	1	116	Busi001
117	2021	2021-05-23 09:54:50.091018+05:45	2021-05-23 09:54:50.091032+05:45	117	2021-05-23 09:54:50.091868+05:45	\N	+	2	1	117	Busi001
118	2021	2021-05-23 09:54:50.466678+05:45	2021-05-23 09:54:50.466692+05:45	118	2021-05-23 09:54:50.467492+05:45	\N	+	2	1	118	Acct001
119	2021	2021-05-23 09:54:50.827025+05:45	2021-05-23 09:54:50.827039+05:45	119	2021-05-23 09:54:50.827818+05:45	\N	+	2	1	119	Busi001
120	2021	2021-05-23 09:54:51.182312+05:45	2021-05-23 09:54:51.182326+05:45	120	2021-05-23 09:54:51.183089+05:45	\N	+	2	1	120	Busi001
121	2021	2021-05-23 09:54:51.542693+05:45	2021-05-23 09:54:51.542707+05:45	121	2021-05-23 09:54:51.54357+05:45	\N	+	2	1	121	Acct001
122	2021	2021-05-23 09:54:51.901906+05:45	2021-05-23 09:54:51.901931+05:45	122	2021-05-23 09:54:51.902691+05:45	\N	+	2	1	122	Acct001
123	2021	2021-05-23 09:54:52.2644+05:45	2021-05-23 09:54:52.264414+05:45	123	2021-05-23 09:54:52.265445+05:45	\N	+	2	1	123	Acct001
124	2021	2021-05-23 09:54:52.631608+05:45	2021-05-23 09:54:52.631621+05:45	124	2021-05-23 09:54:52.632418+05:45	\N	+	2	1	124	Acct001
125	2021	2021-05-23 09:54:53.060085+05:45	2021-05-23 09:54:53.060099+05:45	125	2021-05-23 09:54:53.060981+05:45	\N	+	2	1	125	Acct001
126	2021	2021-05-23 09:54:53.429247+05:45	2021-05-23 09:54:53.42926+05:45	126	2021-05-23 09:54:53.430114+05:45	\N	+	2	1	126	Lit001
127	2021	2021-05-23 09:54:53.811834+05:45	2021-05-23 09:54:53.811849+05:45	127	2021-05-23 09:54:53.812687+05:45	\N	+	2	1	127	Acct001
128	2021	2021-05-23 09:54:54.188148+05:45	2021-05-23 09:54:54.188162+05:45	128	2021-05-23 09:54:54.189005+05:45	\N	+	2	1	128	Acct001
129	2021	2021-05-23 09:54:54.556767+05:45	2021-05-23 09:54:54.556781+05:45	129	2021-05-23 09:54:54.557551+05:45	\N	+	2	1	129	Acct001
130	2021	2021-05-23 09:54:54.944131+05:45	2021-05-23 09:54:54.944145+05:45	130	2021-05-23 09:54:54.94504+05:45	\N	+	2	1	130	Acct001
131	2021	2021-05-23 09:54:55.313647+05:45	2021-05-23 09:54:55.313663+05:45	131	2021-05-23 09:54:55.314444+05:45	\N	+	2	1	131	Busi001
132	2021	2021-05-23 09:54:55.670878+05:45	2021-05-23 09:54:55.670893+05:45	132	2021-05-23 09:54:55.671746+05:45	\N	+	2	1	132	Acct001
133	2021	2021-05-23 09:54:56.035891+05:45	2021-05-23 09:54:56.035905+05:45	133	2021-05-23 09:54:56.036711+05:45	\N	+	2	1	133	Acct001
134	2021	2021-05-23 09:55:05.516195+05:45	2021-05-23 09:55:05.516208+05:45	134	2021-05-23 09:55:05.517612+05:45	\N	+	2	1	134	Bio001
135	2021	2021-05-23 09:55:05.879571+05:45	2021-05-23 09:55:05.879585+05:45	135	2021-05-23 09:55:05.880552+05:45	\N	+	2	1	135	Bio001
136	2021	2021-05-23 09:55:06.240988+05:45	2021-05-23 09:55:06.241003+05:45	136	2021-05-23 09:55:06.242001+05:45	\N	+	2	1	136	Chem001
137	2021	2021-05-23 09:55:06.613577+05:45	2021-05-23 09:55:06.613591+05:45	137	2021-05-23 09:55:06.614441+05:45	\N	+	2	1	137	Bio001
138	2021	2021-05-23 09:55:06.969543+05:45	2021-05-23 09:55:06.969557+05:45	138	2021-05-23 09:55:06.970506+05:45	\N	+	2	1	138	Comp001
139	2021	2021-05-23 09:55:07.346569+05:45	2021-05-23 09:55:07.346583+05:45	139	2021-05-23 09:55:07.347694+05:45	\N	+	2	1	139	Chem001
140	2021	2021-05-23 09:55:07.718894+05:45	2021-05-23 09:55:07.718909+05:45	140	2021-05-23 09:55:07.719746+05:45	\N	+	2	1	140	Bio001
141	2021	2021-05-23 09:55:08.083969+05:45	2021-05-23 09:55:08.083985+05:45	141	2021-05-23 09:55:08.084804+05:45	\N	+	2	1	141	Comp001
142	2021	2021-05-23 09:55:08.461361+05:45	2021-05-23 09:55:08.461379+05:45	142	2021-05-23 09:55:08.462081+05:45	\N	+	2	1	142	Chem001
143	2021	2021-05-23 09:55:08.824021+05:45	2021-05-23 09:55:08.824036+05:45	143	2021-05-23 09:55:08.824784+05:45	\N	+	2	1	143	Chem001
144	2021	2021-05-23 09:55:09.182063+05:45	2021-05-23 09:55:09.182078+05:45	144	2021-05-23 09:55:09.182827+05:45	\N	+	2	1	144	Chem001
145	2021	2021-05-23 09:55:09.566368+05:45	2021-05-23 09:55:09.566382+05:45	145	2021-05-23 09:55:09.567237+05:45	\N	+	2	1	145	Chem001
146	2021	2021-05-23 09:55:09.919499+05:45	2021-05-23 09:55:09.919512+05:45	146	2021-05-23 09:55:09.920443+05:45	\N	+	2	1	146	Comp001
147	2021	2021-05-23 09:55:10.27633+05:45	2021-05-23 09:55:10.276344+05:45	147	2021-05-23 09:55:10.277184+05:45	\N	+	2	1	147	Comp001
148	2021	2021-05-23 09:55:10.638038+05:45	2021-05-23 09:55:10.638052+05:45	148	2021-05-23 09:55:10.638875+05:45	\N	+	2	1	148	Bio001
149	2021	2021-05-23 09:55:10.992992+05:45	2021-05-23 09:55:10.993006+05:45	149	2021-05-23 09:55:10.993801+05:45	\N	+	2	1	149	Comp001
150	2021	2021-05-23 09:55:11.366054+05:45	2021-05-23 09:55:11.366068+05:45	150	2021-05-23 09:55:11.366933+05:45	\N	+	2	1	150	Comp001
151	2021	2021-05-23 09:55:11.733325+05:45	2021-05-23 09:55:11.733339+05:45	151	2021-05-23 09:55:11.734081+05:45	\N	+	2	1	151	Bio001
152	2021	2021-05-23 09:55:12.086244+05:45	2021-05-23 09:55:12.086258+05:45	152	2021-05-23 09:55:12.086994+05:45	\N	+	2	1	152	Comp001
153	2021	2021-05-23 09:55:12.463251+05:45	2021-05-23 09:55:12.463264+05:45	153	2021-05-23 09:55:12.464049+05:45	\N	+	2	1	153	Chem001
154	2021	2021-05-23 09:55:12.817375+05:45	2021-05-23 09:55:12.817389+05:45	154	2021-05-23 09:55:12.818079+05:45	\N	+	2	1	154	Bio001
155	2021	2021-05-23 09:55:13.171043+05:45	2021-05-23 09:55:13.171057+05:45	155	2021-05-23 09:55:13.171821+05:45	\N	+	2	1	155	Comp001
156	2021	2021-05-23 09:55:13.547004+05:45	2021-05-23 09:55:13.54702+05:45	156	2021-05-23 09:55:13.547826+05:45	\N	+	2	1	156	Bio001
\.


--
-- Data for Name: courses_historicalstudentgrades; Type: TABLE DATA; Schema: public; Owner: gci_mis2
--

COPY public.courses_historicalstudentgrades (id, marks, passed, exam_type, rank, created_at, updated_at, history_id, history_date, history_change_reason, history_type, application_id_id, exam_id_id, history_user_id) FROM stdin;
\.


--
-- Data for Name: courses_historicalterm; Type: TABLE DATA; Schema: public; Owner: gci_mis2
--

COPY public.courses_historicalterm (term_id, year, term_name, start_date, end_date, exam_centre, created_at, updated_at, history_id, history_date, history_change_reason, history_type, history_user_id) FROM stdin;
termid1	2021	first term	2021-05-09	2021-05-29	Thapathali	2021-05-23 10:22:39.356956+05:45	2021-05-23 10:22:39.356972+05:45	1	2021-05-23 10:22:39.358484+05:45	\N	+	2
\.


--
-- Data for Name: courses_routine; Type: TABLE DATA; Schema: public; Owner: gci_mis2
--

COPY public.courses_routine (id, day, period, created_at, updated_at, semester_id, subject_id) FROM stdin;
\.


--
-- Data for Name: courses_selectedcourses; Type: TABLE DATA; Schema: public; Owner: gci_mis2
--

COPY public.courses_selectedcourses (id, year, created_at, updated_at, semester_id, student_id_id, subject_id_id) FROM stdin;
1	2021	2021-05-23 09:53:16.296578+05:45	2021-05-23 09:53:16.296592+05:45	2	1	Acct001
2	2021	2021-05-23 09:53:16.710975+05:45	2021-05-23 09:53:16.710989+05:45	2	2	Acct001
3	2021	2021-05-23 09:53:17.075003+05:45	2021-05-23 09:53:17.075018+05:45	2	3	Acct001
4	2021	2021-05-23 09:53:17.448895+05:45	2021-05-23 09:53:17.44891+05:45	2	4	Acct001
5	2021	2021-05-23 09:53:17.806572+05:45	2021-05-23 09:53:17.806587+05:45	2	5	Acct001
6	2021	2021-05-23 09:53:18.175324+05:45	2021-05-23 09:53:18.175341+05:45	2	6	Acct001
7	2021	2021-05-23 09:53:18.542118+05:45	2021-05-23 09:53:18.542132+05:45	2	7	Acct001
8	2021	2021-05-23 09:53:18.905184+05:45	2021-05-23 09:53:18.905197+05:45	2	8	Acct001
9	2021	2021-05-23 09:53:19.279813+05:45	2021-05-23 09:53:19.279826+05:45	2	9	Acct001
10	2021	2021-05-23 09:53:19.635606+05:45	2021-05-23 09:53:19.635619+05:45	2	10	Acct001
11	2021	2021-05-23 09:53:20.01367+05:45	2021-05-23 09:53:20.013683+05:45	2	11	Acct001
12	2021	2021-05-23 09:53:20.383409+05:45	2021-05-23 09:53:20.383424+05:45	2	12	Acct001
13	2021	2021-05-23 09:53:20.746767+05:45	2021-05-23 09:53:20.746781+05:45	2	13	Acct001
14	2021	2021-05-23 09:53:21.109234+05:45	2021-05-23 09:53:21.109248+05:45	2	14	Acct001
15	2021	2021-05-23 09:53:21.47162+05:45	2021-05-23 09:53:21.471635+05:45	2	15	Busi001
16	2021	2021-05-23 09:53:21.831194+05:45	2021-05-23 09:53:21.831208+05:45	2	16	Comp001
17	2021	2021-05-23 09:53:22.197712+05:45	2021-05-23 09:53:22.197727+05:45	2	17	Acct001
18	2021	2021-05-23 09:53:22.564209+05:45	2021-05-23 09:53:22.564225+05:45	2	18	Acct001
19	2021	2021-05-23 09:53:22.929754+05:45	2021-05-23 09:53:22.929773+05:45	2	19	Acct001
20	2021	2021-05-23 09:53:23.344016+05:45	2021-05-23 09:53:23.344035+05:45	2	20	Acct001
21	2021	2021-05-23 09:53:23.713537+05:45	2021-05-23 09:53:23.713552+05:45	2	21	Acct001
22	2021	2021-05-23 09:53:24.084687+05:45	2021-05-23 09:53:24.084707+05:45	2	22	Busi001
23	2021	2021-05-23 09:53:24.48113+05:45	2021-05-23 09:53:24.481144+05:45	2	23	Acct001
24	2021	2021-05-23 09:53:24.838666+05:45	2021-05-23 09:53:24.838685+05:45	2	24	Art001
25	2021	2021-05-23 09:53:25.24216+05:45	2021-05-23 09:53:25.24218+05:45	2	25	Busi001
26	2021	2021-05-23 09:53:25.624151+05:45	2021-05-23 09:53:25.624165+05:45	2	26	Busi001
27	2021	2021-05-23 09:53:25.980662+05:45	2021-05-23 09:53:25.980675+05:45	2	27	Acct001
28	2021	2021-05-23 09:53:26.437478+05:45	2021-05-23 09:53:26.437492+05:45	2	28	Acct001
29	2021	2021-05-23 09:53:26.796863+05:45	2021-05-23 09:53:26.796877+05:45	2	29	Art001
30	2021	2021-05-23 09:53:27.157268+05:45	2021-05-23 09:53:27.157282+05:45	2	30	Acct001
31	2021	2021-05-23 09:53:27.527427+05:45	2021-05-23 09:53:27.52744+05:45	2	31	Art001
32	2021	2021-05-23 09:53:27.886066+05:45	2021-05-23 09:53:27.886079+05:45	2	32	Acct001
33	2021	2021-05-23 09:53:28.253192+05:45	2021-05-23 09:53:28.253205+05:45	2	33	Acct001
34	2021	2021-05-23 09:53:28.610873+05:45	2021-05-23 09:53:28.610886+05:45	2	34	Acct001
35	2021	2021-05-23 09:53:28.97513+05:45	2021-05-23 09:53:28.975144+05:45	2	35	Acct001
36	2021	2021-05-23 09:53:29.334498+05:45	2021-05-23 09:53:29.334514+05:45	2	36	Acct001
37	2021	2021-05-23 09:53:29.721015+05:45	2021-05-23 09:53:29.721029+05:45	2	37	Acct001
38	2021	2021-05-23 09:54:01.316267+05:45	2021-05-23 09:54:01.316281+05:45	2	38	Chem001
39	2021	2021-05-23 09:54:01.696361+05:45	2021-05-23 09:54:01.696375+05:45	2	39	Chem001
40	2021	2021-05-23 09:54:02.059827+05:45	2021-05-23 09:54:02.059841+05:45	2	40	Bio001
41	2021	2021-05-23 09:54:02.424128+05:45	2021-05-23 09:54:02.424141+05:45	2	41	Chem001
42	2021	2021-05-23 09:54:02.779761+05:45	2021-05-23 09:54:02.779774+05:45	2	42	Art001
43	2021	2021-05-23 09:54:03.139078+05:45	2021-05-23 09:54:03.139091+05:45	2	43	Bio001
44	2021	2021-05-23 09:54:03.504324+05:45	2021-05-23 09:54:03.504338+05:45	2	44	Bio001
45	2021	2021-05-23 09:54:03.864306+05:45	2021-05-23 09:54:03.86432+05:45	2	45	Bio001
46	2021	2021-05-23 09:54:04.241779+05:45	2021-05-23 09:54:04.241793+05:45	2	46	Bio001
47	2021	2021-05-23 09:54:04.602437+05:45	2021-05-23 09:54:04.602451+05:45	2	47	Chem001
48	2021	2021-05-23 09:54:04.95947+05:45	2021-05-23 09:54:04.959483+05:45	2	48	Acct001
49	2021	2021-05-23 09:54:05.323522+05:45	2021-05-23 09:54:05.323536+05:45	2	49	Bio001
50	2021	2021-05-23 09:54:05.714286+05:45	2021-05-23 09:54:05.7143+05:45	2	50	Bio001
51	2021	2021-05-23 09:54:06.073739+05:45	2021-05-23 09:54:06.073752+05:45	2	51	Comp001
52	2021	2021-05-23 09:54:06.436743+05:45	2021-05-23 09:54:06.436756+05:45	2	52	Chem001
53	2021	2021-05-23 09:54:06.79085+05:45	2021-05-23 09:54:06.790863+05:45	2	53	Chem001
54	2021	2021-05-23 09:54:07.146386+05:45	2021-05-23 09:54:07.146399+05:45	2	54	Chem001
55	2021	2021-05-23 09:54:07.51278+05:45	2021-05-23 09:54:07.512794+05:45	2	55	Chem001
56	2021	2021-05-23 09:54:07.868881+05:45	2021-05-23 09:54:07.868895+05:45	2	56	Bio001
57	2021	2021-05-23 09:54:08.253338+05:45	2021-05-23 09:54:08.253352+05:45	2	57	Chem001
58	2021	2021-05-23 09:54:08.61545+05:45	2021-05-23 09:54:08.615464+05:45	2	58	Chem001
59	2021	2021-05-23 09:54:08.975597+05:45	2021-05-23 09:54:08.975611+05:45	2	59	Chem001
60	2021	2021-05-23 09:54:09.370884+05:45	2021-05-23 09:54:09.370898+05:45	2	60	Comp001
61	2021	2021-05-23 09:54:09.764342+05:45	2021-05-23 09:54:09.764357+05:45	2	61	Bio001
62	2021	2021-05-23 09:54:10.128838+05:45	2021-05-23 09:54:10.128852+05:45	2	62	Comp001
63	2021	2021-05-23 09:54:10.489177+05:45	2021-05-23 09:54:10.489191+05:45	2	63	Chem001
64	2021	2021-05-23 09:54:10.842245+05:45	2021-05-23 09:54:10.842259+05:45	2	64	Art001
65	2021	2021-05-23 09:54:11.198378+05:45	2021-05-23 09:54:11.198391+05:45	2	65	Art001
66	2021	2021-05-23 09:54:11.564642+05:45	2021-05-23 09:54:11.564656+05:45	2	66	Bio001
67	2021	2021-05-23 09:54:11.921233+05:45	2021-05-23 09:54:11.921247+05:45	2	67	Chem001
68	2021	2021-05-23 09:54:12.295428+05:45	2021-05-23 09:54:12.295442+05:45	2	68	Comp001
69	2021	2021-05-23 09:54:12.65293+05:45	2021-05-23 09:54:12.652944+05:45	2	69	Chem001
70	2021	2021-05-23 09:54:13.015195+05:45	2021-05-23 09:54:13.015208+05:45	2	70	Bio001
71	2021	2021-05-23 09:54:13.391647+05:45	2021-05-23 09:54:13.391661+05:45	2	71	Chem001
72	2021	2021-05-23 09:54:13.748545+05:45	2021-05-23 09:54:13.748558+05:45	2	72	Chem001
73	2021	2021-05-23 09:54:14.120548+05:45	2021-05-23 09:54:14.120567+05:45	2	73	Comp001
74	2021	2021-05-23 09:54:14.535483+05:45	2021-05-23 09:54:14.535497+05:45	2	74	Busi001
75	2021	2021-05-23 09:54:14.896454+05:45	2021-05-23 09:54:14.896467+05:45	2	75	Chem001
76	2021	2021-05-23 09:54:15.27022+05:45	2021-05-23 09:54:15.270234+05:45	2	76	Chem001
77	2021	2021-05-23 09:54:15.624647+05:45	2021-05-23 09:54:15.62466+05:45	2	77	Chem001
78	2021	2021-05-23 09:54:16.01552+05:45	2021-05-23 09:54:16.015534+05:45	2	78	Chem001
79	2021	2021-05-23 09:54:16.396935+05:45	2021-05-23 09:54:16.396949+05:45	2	79	Bio001
80	2021	2021-05-23 09:54:16.751688+05:45	2021-05-23 09:54:16.751703+05:45	2	80	Chem001
81	2021	2021-05-23 09:54:17.112512+05:45	2021-05-23 09:54:17.112526+05:45	2	81	Art001
82	2021	2021-05-23 09:54:17.490008+05:45	2021-05-23 09:54:17.490021+05:45	2	82	Busi001
83	2021	2021-05-23 09:54:17.86981+05:45	2021-05-23 09:54:17.869824+05:45	2	83	Chem001
84	2021	2021-05-23 09:54:18.240819+05:45	2021-05-23 09:54:18.240833+05:45	2	84	Bio001
85	2021	2021-05-23 09:54:18.606716+05:45	2021-05-23 09:54:18.60673+05:45	2	85	Bio001
86	2021	2021-05-23 09:54:18.963078+05:45	2021-05-23 09:54:18.963109+05:45	2	86	Art001
87	2021	2021-05-23 09:54:19.330998+05:45	2021-05-23 09:54:19.331012+05:45	2	87	Bio001
88	2021	2021-05-23 09:54:19.686443+05:45	2021-05-23 09:54:19.686457+05:45	2	88	Bio001
89	2021	2021-05-23 09:54:20.043265+05:45	2021-05-23 09:54:20.043279+05:45	2	89	Chem001
90	2021	2021-05-23 09:54:20.40929+05:45	2021-05-23 09:54:20.409304+05:45	2	90	Chem001
91	2021	2021-05-23 09:54:20.774746+05:45	2021-05-23 09:54:20.77476+05:45	2	91	Acct001
92	2021	2021-05-23 09:54:21.13523+05:45	2021-05-23 09:54:21.135243+05:45	2	92	Chem001
93	2021	2021-05-23 09:54:21.556265+05:45	2021-05-23 09:54:21.556279+05:45	2	93	Comp001
94	2021	2021-05-23 09:54:21.912318+05:45	2021-05-23 09:54:21.912332+05:45	2	94	Chem001
95	2021	2021-05-23 09:54:22.280251+05:45	2021-05-23 09:54:22.280265+05:45	2	95	Bio001
96	2021	2021-05-23 09:54:22.643095+05:45	2021-05-23 09:54:22.643109+05:45	2	96	Bio001
97	2021	2021-05-23 09:54:23.000952+05:45	2021-05-23 09:54:23.000965+05:45	2	97	Chem001
98	2021	2021-05-23 09:54:43.073345+05:45	2021-05-23 09:54:43.073358+05:45	1	98	Econ001
99	2021	2021-05-23 09:54:43.43386+05:45	2021-05-23 09:54:43.433874+05:45	1	99	Acct001
100	2021	2021-05-23 09:54:43.794385+05:45	2021-05-23 09:54:43.794409+05:45	1	100	Acct001
101	2021	2021-05-23 09:54:44.156335+05:45	2021-05-23 09:54:44.156352+05:45	1	101	Busi001
102	2021	2021-05-23 09:54:44.586905+05:45	2021-05-23 09:54:44.586941+05:45	1	102	Acct001
103	2021	2021-05-23 09:54:44.970826+05:45	2021-05-23 09:54:44.970842+05:45	1	103	Busi001
104	2021	2021-05-23 09:54:45.356337+05:45	2021-05-23 09:54:45.356352+05:45	1	104	Busi001
105	2021	2021-05-23 09:54:45.721787+05:45	2021-05-23 09:54:45.7218+05:45	1	105	Acct001
106	2021	2021-05-23 09:54:46.079641+05:45	2021-05-23 09:54:46.079655+05:45	1	106	Comp001
107	2021	2021-05-23 09:54:46.451799+05:45	2021-05-23 09:54:46.451813+05:45	1	107	Acct001
108	2021	2021-05-23 09:54:46.818347+05:45	2021-05-23 09:54:46.818361+05:45	1	108	Acct001
109	2021	2021-05-23 09:54:47.175824+05:45	2021-05-23 09:54:47.175838+05:45	1	109	Acct001
110	2021	2021-05-23 09:54:47.54042+05:45	2021-05-23 09:54:47.540433+05:45	1	110	Lit001
111	2021	2021-05-23 09:54:47.896764+05:45	2021-05-23 09:54:47.896777+05:45	1	111	Acct001
112	2021	2021-05-23 09:54:48.262622+05:45	2021-05-23 09:54:48.262642+05:45	1	112	Acct001
113	2021	2021-05-23 09:54:48.632291+05:45	2021-05-23 09:54:48.632306+05:45	1	113	Busi001
114	2021	2021-05-23 09:54:48.994265+05:45	2021-05-23 09:54:48.994284+05:45	1	114	Acct001
115	2021	2021-05-23 09:54:49.370411+05:45	2021-05-23 09:54:49.370425+05:45	1	115	Acct001
116	2021	2021-05-23 09:54:49.735128+05:45	2021-05-23 09:54:49.735142+05:45	1	116	Busi001
117	2021	2021-05-23 09:54:50.091018+05:45	2021-05-23 09:54:50.091032+05:45	1	117	Busi001
118	2021	2021-05-23 09:54:50.466678+05:45	2021-05-23 09:54:50.466692+05:45	1	118	Acct001
119	2021	2021-05-23 09:54:50.827025+05:45	2021-05-23 09:54:50.827039+05:45	1	119	Busi001
120	2021	2021-05-23 09:54:51.182312+05:45	2021-05-23 09:54:51.182326+05:45	1	120	Busi001
121	2021	2021-05-23 09:54:51.542693+05:45	2021-05-23 09:54:51.542707+05:45	1	121	Acct001
122	2021	2021-05-23 09:54:51.901906+05:45	2021-05-23 09:54:51.901931+05:45	1	122	Acct001
123	2021	2021-05-23 09:54:52.2644+05:45	2021-05-23 09:54:52.264414+05:45	1	123	Acct001
124	2021	2021-05-23 09:54:52.631608+05:45	2021-05-23 09:54:52.631621+05:45	1	124	Acct001
125	2021	2021-05-23 09:54:53.060085+05:45	2021-05-23 09:54:53.060099+05:45	1	125	Acct001
126	2021	2021-05-23 09:54:53.429247+05:45	2021-05-23 09:54:53.42926+05:45	1	126	Lit001
127	2021	2021-05-23 09:54:53.811834+05:45	2021-05-23 09:54:53.811849+05:45	1	127	Acct001
128	2021	2021-05-23 09:54:54.188148+05:45	2021-05-23 09:54:54.188162+05:45	1	128	Acct001
129	2021	2021-05-23 09:54:54.556767+05:45	2021-05-23 09:54:54.556781+05:45	1	129	Acct001
130	2021	2021-05-23 09:54:54.944131+05:45	2021-05-23 09:54:54.944145+05:45	1	130	Acct001
131	2021	2021-05-23 09:54:55.313647+05:45	2021-05-23 09:54:55.313663+05:45	1	131	Busi001
132	2021	2021-05-23 09:54:55.670878+05:45	2021-05-23 09:54:55.670893+05:45	1	132	Acct001
133	2021	2021-05-23 09:54:56.035891+05:45	2021-05-23 09:54:56.035905+05:45	1	133	Acct001
134	2021	2021-05-23 09:55:05.516195+05:45	2021-05-23 09:55:05.516208+05:45	1	134	Bio001
135	2021	2021-05-23 09:55:05.879571+05:45	2021-05-23 09:55:05.879585+05:45	1	135	Bio001
136	2021	2021-05-23 09:55:06.240988+05:45	2021-05-23 09:55:06.241003+05:45	1	136	Chem001
137	2021	2021-05-23 09:55:06.613577+05:45	2021-05-23 09:55:06.613591+05:45	1	137	Bio001
138	2021	2021-05-23 09:55:06.969543+05:45	2021-05-23 09:55:06.969557+05:45	1	138	Comp001
139	2021	2021-05-23 09:55:07.346569+05:45	2021-05-23 09:55:07.346583+05:45	1	139	Chem001
140	2021	2021-05-23 09:55:07.718894+05:45	2021-05-23 09:55:07.718909+05:45	1	140	Bio001
141	2021	2021-05-23 09:55:08.083969+05:45	2021-05-23 09:55:08.083985+05:45	1	141	Comp001
142	2021	2021-05-23 09:55:08.461361+05:45	2021-05-23 09:55:08.461379+05:45	1	142	Chem001
143	2021	2021-05-23 09:55:08.824021+05:45	2021-05-23 09:55:08.824036+05:45	1	143	Chem001
144	2021	2021-05-23 09:55:09.182063+05:45	2021-05-23 09:55:09.182078+05:45	1	144	Chem001
145	2021	2021-05-23 09:55:09.566368+05:45	2021-05-23 09:55:09.566382+05:45	1	145	Chem001
146	2021	2021-05-23 09:55:09.919499+05:45	2021-05-23 09:55:09.919512+05:45	1	146	Comp001
147	2021	2021-05-23 09:55:10.27633+05:45	2021-05-23 09:55:10.276344+05:45	1	147	Comp001
148	2021	2021-05-23 09:55:10.638038+05:45	2021-05-23 09:55:10.638052+05:45	1	148	Bio001
149	2021	2021-05-23 09:55:10.992992+05:45	2021-05-23 09:55:10.993006+05:45	1	149	Comp001
150	2021	2021-05-23 09:55:11.366054+05:45	2021-05-23 09:55:11.366068+05:45	1	150	Comp001
151	2021	2021-05-23 09:55:11.733325+05:45	2021-05-23 09:55:11.733339+05:45	1	151	Bio001
152	2021	2021-05-23 09:55:12.086244+05:45	2021-05-23 09:55:12.086258+05:45	1	152	Comp001
153	2021	2021-05-23 09:55:12.463251+05:45	2021-05-23 09:55:12.463264+05:45	1	153	Chem001
154	2021	2021-05-23 09:55:12.817375+05:45	2021-05-23 09:55:12.817389+05:45	1	154	Bio001
155	2021	2021-05-23 09:55:13.171043+05:45	2021-05-23 09:55:13.171057+05:45	1	155	Comp001
156	2021	2021-05-23 09:55:13.547004+05:45	2021-05-23 09:55:13.54702+05:45	1	156	Bio001
\.


--
-- Data for Name: courses_studentgrades; Type: TABLE DATA; Schema: public; Owner: gci_mis2
--

COPY public.courses_studentgrades (id, marks, passed, exam_type, rank, created_at, updated_at, application_id_id, exam_id_id) FROM stdin;
\.


--
-- Data for Name: courses_term; Type: TABLE DATA; Schema: public; Owner: gci_mis2
--

COPY public.courses_term (term_id, year, term_name, start_date, end_date, exam_centre, created_at, updated_at) FROM stdin;
termid1	2021	first term	2021-05-09	2021-05-29	Thapathali	2021-05-23 10:22:39.356956+05:45	2021-05-23 10:22:39.356972+05:45
\.


--
-- Data for Name: django_admin_log; Type: TABLE DATA; Schema: public; Owner: gci_mis2
--

COPY public.django_admin_log (id, action_time, object_id, object_repr, action_flag, change_message, content_type_id, user_id) FROM stdin;
\.


--
-- Data for Name: django_content_type; Type: TABLE DATA; Schema: public; Owner: gci_mis2
--

COPY public.django_content_type (id, app_label, model) FROM stdin;
1	admin	logentry
2	auth	permission
3	auth	group
4	contenttypes	contenttype
5	sessions	session
6	student_management_app	customuser
7	student_management_app	course
8	student_management_app	department
9	student_management_app	extrauser
10	student_management_app	parent
11	student_management_app	section
12	student_management_app	semester
13	student_management_app	sessionyear
14	student_management_app	studentgroup
15	student_management_app	subject
16	student_management_app	userrole
17	student_management_app	subjectteacher
18	student_management_app	student
19	student_management_app	staff
20	student_management_app	sociallink
21	student_management_app	optionalsubject
22	student_management_app	historicalsubject
23	student_management_app	historicalstudent
24	student_management_app	historicalstaff
25	student_management_app	historicalsociallink
26	student_management_app	historicalsemester
27	student_management_app	historicalsection
28	student_management_app	historicalextrauser
29	student_management_app	historicaldocumentfile
30	student_management_app	historicalcourse
31	student_management_app	historicalcomplain
32	student_management_app	historicalcertificatetemplate
33	student_management_app	historicaladminuser
34	student_management_app	documentfile
35	student_management_app	complain
36	student_management_app	certificatetemplate
37	student_management_app	adminuser
38	attendance	attendance
39	attendance	attendancereport
40	school_settings	schoolsetting
41	role_permission	custompermission
42	transports	transport
43	announcement	historicalholiday
44	announcement	historicalnotice
45	announcement	holiday
46	announcement	notice
47	academic	assignment
48	academic	historicalassignment
49	academic	historicalroutine
50	academic	historicalsyllabus
51	academic	routine
52	academic	syllabus
53	courses	application_form
54	courses	exams
55	courses	historicalapplication_form
56	courses	historicalexams
57	courses	historicalroutine
58	courses	historicalselectedcourses
59	courses	historicalstudentgrades
60	courses	historicalterm
61	courses	routine
62	courses	selectedcourses
63	courses	term
64	courses	studentgrades
65	notifications	notification
66	schedule	calendar
67	schedule	calendarrelation
68	schedule	event
69	schedule	eventrelation
70	schedule	rule
71	schedule	occurrence
72	schedule	historicalevent
\.


--
-- Data for Name: django_migrations; Type: TABLE DATA; Schema: public; Owner: gci_mis2
--

COPY public.django_migrations (id, app, name, applied) FROM stdin;
1	transports	0001_initial	2021-05-23 09:39:43.621622+05:45
2	contenttypes	0001_initial	2021-05-23 09:39:43.630847+05:45
3	contenttypes	0002_remove_content_type_name	2021-05-23 09:39:43.640966+05:45
4	auth	0001_initial	2021-05-23 09:39:43.670005+05:45
5	auth	0002_alter_permission_name_max_length	2021-05-23 09:39:43.675791+05:45
6	auth	0003_alter_user_email_max_length	2021-05-23 09:39:43.688111+05:45
7	auth	0004_alter_user_username_opts	2021-05-23 09:39:43.695074+05:45
8	auth	0005_alter_user_last_login_null	2021-05-23 09:39:43.701636+05:45
9	auth	0006_require_contenttypes_0002	2021-05-23 09:39:43.70349+05:45
10	auth	0007_alter_validators_add_error_messages	2021-05-23 09:39:43.710395+05:45
11	auth	0008_alter_user_username_max_length	2021-05-23 09:39:43.716907+05:45
12	auth	0009_alter_user_last_name_max_length	2021-05-23 09:39:43.723611+05:45
13	auth	0010_alter_group_name_max_length	2021-05-23 09:39:43.732417+05:45
14	auth	0011_update_proxy_permissions	2021-05-23 09:39:43.739718+05:45
15	auth	0012_alter_user_first_name_max_length	2021-05-23 09:39:43.7462+05:45
16	student_management_app	0001_initial	2021-05-23 09:39:45.134016+05:45
17	academic	0001_initial	2021-05-23 09:39:45.175735+05:45
18	academic	0002_initial	2021-05-23 09:39:46.469133+05:45
19	admin	0001_initial	2021-05-23 09:39:46.552499+05:45
20	admin	0002_logentry_remove_auto_add	2021-05-23 09:39:46.611997+05:45
21	admin	0003_logentry_add_action_flag_choices	2021-05-23 09:39:46.669435+05:45
22	announcement	0001_initial	2021-05-23 09:39:46.700905+05:45
23	announcement	0002_initial	2021-05-23 09:39:46.974201+05:45
24	attendance	0001_initial	2021-05-23 09:39:46.989859+05:45
25	attendance	0002_initial	2021-05-23 09:39:47.571022+05:45
26	courses	0001_initial	2021-05-23 09:39:47.65213+05:45
27	courses	0002_initial	2021-05-23 09:39:50.069381+05:45
28	notifications	0001_initial	2021-05-23 09:39:50.080446+05:45
29	notifications	0002_notification_created_by	2021-05-23 09:39:50.161849+05:45
30	role_permission	0001_initial	2021-05-23 09:39:50.166807+05:45
31	schedule	0001_initial	2021-05-23 09:39:50.228774+05:45
32	schedule	0002_initial	2021-05-23 09:39:51.35989+05:45
33	school_settings	0001_initial	2021-05-23 09:39:51.369395+05:45
34	sessions	0001_initial	2021-05-23 09:39:51.382076+05:45
\.


--
-- Data for Name: django_session; Type: TABLE DATA; Schema: public; Owner: gci_mis2
--

COPY public.django_session (session_key, session_data, expire_date) FROM stdin;
e50qsrrt8ieibjieb7k1a1z64nwaff4c	e30:1lkfHA:N_oOV2cpl8h1tK94W_LWCzoR4m7JnKlCJoefVj3RBq0	2021-06-06 09:44:40.120459+05:45
rk5y1qjlm8rt6aj6murzxn2yc2i197cp	e30:1lkfHr:7yB54O8ET-hY91Gv5r342uG7YrqwN8w1MXOzfBTRcUw	2021-06-06 09:45:23.076022+05:45
u8a3c623ckit8b5fkgzc3ovrdxd48zo8	e30:1lkfKB:iIBOumuKnRaXGSkC_lsY1F_kyR9LoJpuRc_DhfG2lE0	2021-06-06 09:47:47.209884+05:45
8o2h0er6uaksnif3su2n2fcppuy42x2g	e30:1lkfMH:NjPmnHhQe2lNvnUCpmrVJQH5QINyoFv06i1Anuu4YwE	2021-06-06 09:49:57.605144+05:45
blmpgrg0emh8hyrbp6nkypouusc4vhoq	e30:1lkfMO:g30m1x5PX9JlTnl3FpyoQmV1KlATsil7pQD-3qLBhvs	2021-06-06 09:50:04.626949+05:45
64fkkmn2z2fcwut8v8vqv5kmalq9agku	.eJxVjEEOgjAUBe_StWloaWlx6d4zkPf7PxY1kFBYGe-uTVjodmYyLzVg3_KwF1mHidVZmT6o0y8lpIfMVfEd823RaZm3dSJdE33Yoq8Ly_NytH-DjJLruBmTRzQgJwaRWm9cM5K1PdB3DOOCgwG7RuA5RQnWMYUgqfv21Kr3B0LXOQs:1lkfdN:UFm6folTlPgiD_T5oNDCGKtNMrtuoeAUpZMksGw8M4w	2021-06-06 10:07:37.341202+05:45
7imdkzj10b01uzoy2is4y254lj2bkwfw	e30:1lkfng:mDcgFozoEnkxpwWaQDIvXLLBjTH0CsgdaB6VoNvpKmM	2021-06-06 10:18:16.540883+05:45
ra9dd7gqusaeqpkd61bk4hp5qai0mnnj	e30:1lkfny:xeQwltcNJ7JoxOmCc7KLopDX0s_-R2vv7Q-_otom7s8	2021-06-06 10:18:34.229679+05:45
4gutfe9ylfub98a6w3unceejf42x9fzx	.eJxVjMsOwiAQRf-FtSHQhzO4dN9vIAMzSNVAUtqV8d-1SRe6veec-1KetjX7rcniZ1YXNajT7xYoPqTsgO9UblXHWtZlDnpX9EGbnirL83q4fweZWv7WKfXEaNgEEAsRHSIKIDE7SxY6ECLuGWlkkF74bFJ0EmNw0oEZRvX-AA58OQw:1lkfp1:Cj2ZXesJuizi7OS_k5GwZDAIvo5CKfFyPyWBH7lFxbI	2021-06-06 10:19:39.701316+05:45
md1j1mv6yv4nfcmcxovlc7cyxa20znxw	e30:1lkfwW:-lYjJt0NU8A46-RovUFnyP_gcrTWFC4uFNMnIfrxI0Q	2021-06-06 10:27:24.214673+05:45
roguutzrpqseew3wkt8dan9tj5r2o7nu	.eJxVjMEOwiAQRP-FsyELpVA8evcbyLILUjU0Ke3J-O9K0oPeJvPezEsE3LcS9pbWMLM4i0FZcfptI9Ij1Y74jvW2SFrqts5RdkUetMnrwul5Ody_g4KtfNcTm4HRARrKjACWrUrgJpuGPAKOrMCRiZgpekWatEfrHHnW0LMR7w9CYTi0:1lkg0E:UecmKiqjDFU11fczP4rG6LScugtwTNz2vthB3Irrap4	2021-06-06 10:31:14.199226+05:45
\.


--
-- Data for Name: notifications_notification; Type: TABLE DATA; Schema: public; Owner: gci_mis2
--

COPY public.notifications_notification (id, post, notification_type, is_seen, type, created_at, created_by_id) FROM stdin;
4	Music Competition	1	t	event	2021-05-23 10:18:29.86077+05:45	2
3	Sports Week	1	t	event	2021-05-23 10:03:13.170877+05:45	2
2	Notice2	1	t	notice	2021-05-23 10:02:26.554073+05:45	2
1	Notice1	1	t	notice	2021-05-23 10:02:09.86726+05:45	2
\.


--
-- Data for Name: routine; Type: TABLE DATA; Schema: public; Owner: gci_mis2
--

COPY public.routine (id, routine_file, college_year, day, starting_time, ending_time, room, course_id, section_id, semester_id) FROM stdin;
1	College Routine/Screenshot_from_2021-05-11_10-12-22.png	\N	\N	\N	\N	\N	\N	1	1
\.


--
-- Data for Name: schedule_calendar; Type: TABLE DATA; Schema: public; Owner: gci_mis2
--

COPY public.schedule_calendar (id, name, slug) FROM stdin;
1	gci	gci
\.


--
-- Data for Name: schedule_calendarrelation; Type: TABLE DATA; Schema: public; Owner: gci_mis2
--

COPY public.schedule_calendarrelation (id, object_id, distinction, inheritable, calendar_id, content_type_id) FROM stdin;
\.


--
-- Data for Name: schedule_event; Type: TABLE DATA; Schema: public; Owner: gci_mis2
--

COPY public.schedule_event (id, start, "end", title, description, created_on, updated_on, end_recurring_period, color_event, calendar_id, creator_id, rule_id) FROM stdin;
1	2021-05-23 10:03:03+05:45	2021-05-31 10:03:10+05:45	Sports Week	<p>Sports Week for the year 2021</p>	2021-05-23 10:03:13.16508+05:45	2021-05-23 10:03:13.165096+05:45	\N	#04716f	1	2	\N
2	2021-05-23 10:18:40+05:45	2021-05-25 10:18:43+05:45	Music Competition		2021-05-23 10:18:29.855679+05:45	2021-05-23 10:18:29.855693+05:45	\N	#2826ab	1	2	\N
\.


--
-- Data for Name: schedule_eventrelation; Type: TABLE DATA; Schema: public; Owner: gci_mis2
--

COPY public.schedule_eventrelation (id, object_id, distinction, content_type_id, event_id) FROM stdin;
\.


--
-- Data for Name: schedule_historicalevent; Type: TABLE DATA; Schema: public; Owner: gci_mis2
--

COPY public.schedule_historicalevent (id, start, "end", title, description, created_on, updated_on, end_recurring_period, color_event, history_id, history_date, history_change_reason, history_type, calendar_id, creator_id, history_user_id, rule_id) FROM stdin;
1	2021-05-23 10:03:03+05:45	2021-05-31 10:03:10+05:45	Sports Week	<p>Sports Week for the year 2021</p>	2021-05-23 10:03:13.16508+05:45	2021-05-23 10:03:13.165096+05:45	\N	#04716f	1	2021-05-23 10:03:13.167337+05:45	\N	+	1	2	2	\N
2	2021-05-23 10:18:40+05:45	2021-05-25 10:18:43+05:45	Music Competition		2021-05-23 10:18:29.855679+05:45	2021-05-23 10:18:29.855693+05:45	\N	#2826ab	2	2021-05-23 10:18:29.857567+05:45	\N	+	1	2	2	\N
\.


--
-- Data for Name: schedule_occurrence; Type: TABLE DATA; Schema: public; Owner: gci_mis2
--

COPY public.schedule_occurrence (id, title, description, start, "end", cancelled, original_start, original_end, created_on, updated_on, event_id) FROM stdin;
\.


--
-- Data for Name: schedule_rule; Type: TABLE DATA; Schema: public; Owner: gci_mis2
--

COPY public.schedule_rule (id, name, description, frequency, params) FROM stdin;
\.


--
-- Data for Name: student_management_app_department; Type: TABLE DATA; Schema: public; Owner: gci_mis2
--

COPY public.student_management_app_department (id, name) FROM stdin;
\.


--
-- Data for Name: student_management_app_historicaladminuser; Type: TABLE DATA; Schema: public; Owner: gci_mis2
--

COPY public.student_management_app_historicaladminuser (id, dob, gender, religion, contact, address, join_date, image, status, created_at, updated_at, history_id, history_date, history_change_reason, history_type, admin_user_id, history_user_id) FROM stdin;
\.


--
-- Data for Name: student_management_app_historicalcertificatetemplate; Type: TABLE DATA; Schema: public; Owner: gci_mis2
--

COPY public.student_management_app_historicalcertificatetemplate (id, certificate_number, date_of_issue, salutations, passed_year, photo, created_at, updated_at, certificate_name, theme, main_middle_text, top_heading_title, top_heading_left, top_heading_middle, top_heading_right, footer_left_text, footer_middle_text, footer_right_text, background_image, history_id, history_date, history_change_reason, history_type, history_user_id, student_id) FROM stdin;
\.


--
-- Data for Name: student_management_app_historicalcomplain; Type: TABLE DATA; Schema: public; Owner: gci_mis2
--

COPY public.student_management_app_historicalcomplain (id, title, role, description, attachment, created_at, updated_at, history_id, history_date, history_change_reason, history_type, history_user_id, user_id) FROM stdin;
\.


--
-- Data for Name: student_management_app_historicalcourse; Type: TABLE DATA; Schema: public; Owner: gci_mis2
--

COPY public.student_management_app_historicalcourse (id, course_name, course_code, course_description, created_at, updated_at, history_id, history_date, history_change_reason, history_type, history_user_id) FROM stdin;
\.


--
-- Data for Name: student_management_app_historicaldocumentfile; Type: TABLE DATA; Schema: public; Owner: gci_mis2
--

COPY public.student_management_app_historicaldocumentfile (id, title, file, created_at, updated_at, history_id, history_date, history_change_reason, history_type, extra_user_id, history_user_id, parent_id, staff_id, student_id) FROM stdin;
\.


--
-- Data for Name: student_management_app_historicalextrauser; Type: TABLE DATA; Schema: public; Owner: gci_mis2
--

COPY public.student_management_app_historicalextrauser (id, dob, gender, religion, contact, address, join_date, image, status, created_at, updated_at, history_id, history_date, history_change_reason, history_type, extra_user_id, history_user_id, role_id) FROM stdin;
1	\N	Male				\N		t	2021-05-23 09:49:06.481703+05:45	2021-05-23 09:49:06.481722+05:45	1	2021-05-23 09:49:06.483419+05:45	\N	+	2	\N	\N
1	\N	Male				\N		t	2021-05-23 09:49:06.481703+05:45	2021-05-23 09:49:06.485338+05:45	2	2021-05-23 09:49:06.486914+05:45	\N	~	2	\N	\N
1	\N	Male				\N		t	2021-05-23 09:49:06.481703+05:45	2021-05-23 09:49:23.254211+05:45	3	2021-05-23 09:49:23.25562+05:45	\N	~	2	2	\N
1	\N	Male				\N		t	2021-05-23 09:49:06.481703+05:45	2021-05-23 09:49:40.79202+05:45	4	2021-05-23 09:49:40.793292+05:45	\N	~	2	2	\N
2	\N	Male				\N		t	2021-05-23 09:53:16.080993+05:45	2021-05-23 09:53:16.081011+05:45	5	2021-05-23 09:53:16.082252+05:45	\N	+	3	2	\N
2	\N	Male				\N		t	2021-05-23 09:53:16.080993+05:45	2021-05-23 09:53:16.086291+05:45	6	2021-05-23 09:53:16.087863+05:45	\N	~	3	2	\N
3	\N	Male				\N		t	2021-05-23 09:53:16.263116+05:45	2021-05-23 09:53:16.263139+05:45	7	2021-05-23 09:53:16.264417+05:45	\N	+	4	2	\N
3	\N	Male				\N		t	2021-05-23 09:53:16.263116+05:45	2021-05-23 09:53:16.265935+05:45	8	2021-05-23 09:53:16.26715+05:45	\N	~	4	2	\N
3	\N	Male				\N		t	2021-05-23 09:53:16.263116+05:45	2021-05-23 09:53:16.292337+05:45	9	2021-05-23 09:53:16.293609+05:45	\N	~	4	2	\N
4	\N	Male				\N		t	2021-05-23 09:53:16.463132+05:45	2021-05-23 09:53:16.463147+05:45	10	2021-05-23 09:53:16.464033+05:45	\N	+	5	2	\N
4	\N	Male				\N		t	2021-05-23 09:53:16.463132+05:45	2021-05-23 09:53:16.467093+05:45	11	2021-05-23 09:53:16.468307+05:45	\N	~	5	2	\N
5	\N	Male				\N		t	2021-05-23 09:53:16.691776+05:45	2021-05-23 09:53:16.691796+05:45	12	2021-05-23 09:53:16.692761+05:45	\N	+	6	2	\N
5	\N	Male				\N		t	2021-05-23 09:53:16.691776+05:45	2021-05-23 09:53:16.694191+05:45	13	2021-05-23 09:53:16.695432+05:45	\N	~	6	2	\N
5	\N	Male				\N		t	2021-05-23 09:53:16.691776+05:45	2021-05-23 09:53:16.706995+05:45	14	2021-05-23 09:53:16.708135+05:45	\N	~	6	2	\N
6	\N	Male				\N		t	2021-05-23 09:53:16.877976+05:45	2021-05-23 09:53:16.877992+05:45	15	2021-05-23 09:53:16.879046+05:45	\N	+	7	2	\N
6	\N	Male				\N		t	2021-05-23 09:53:16.877976+05:45	2021-05-23 09:53:16.882082+05:45	16	2021-05-23 09:53:16.883205+05:45	\N	~	7	2	\N
7	\N	Male				\N		t	2021-05-23 09:53:17.054043+05:45	2021-05-23 09:53:17.054073+05:45	17	2021-05-23 09:53:17.055361+05:45	\N	+	8	2	\N
7	\N	Male				\N		t	2021-05-23 09:53:17.054043+05:45	2021-05-23 09:53:17.056976+05:45	18	2021-05-23 09:53:17.058258+05:45	\N	~	8	2	\N
7	\N	Male				\N		t	2021-05-23 09:53:17.054043+05:45	2021-05-23 09:53:17.070897+05:45	19	2021-05-23 09:53:17.072131+05:45	\N	~	8	2	\N
8	\N	Male				\N		t	2021-05-23 09:53:17.252737+05:45	2021-05-23 09:53:17.252761+05:45	20	2021-05-23 09:53:17.253801+05:45	\N	+	9	2	\N
8	\N	Male				\N		t	2021-05-23 09:53:17.252737+05:45	2021-05-23 09:53:17.257571+05:45	21	2021-05-23 09:53:17.259156+05:45	\N	~	9	2	\N
9	\N	Male				\N		t	2021-05-23 09:53:17.429686+05:45	2021-05-23 09:53:17.429708+05:45	22	2021-05-23 09:53:17.430659+05:45	\N	+	10	2	\N
9	\N	Male				\N		t	2021-05-23 09:53:17.429686+05:45	2021-05-23 09:53:17.432202+05:45	23	2021-05-23 09:53:17.433454+05:45	\N	~	10	2	\N
9	\N	Male				\N		t	2021-05-23 09:53:17.429686+05:45	2021-05-23 09:53:17.445002+05:45	24	2021-05-23 09:53:17.446149+05:45	\N	~	10	2	\N
10	\N	Male				\N		t	2021-05-23 09:53:17.614846+05:45	2021-05-23 09:53:17.614861+05:45	25	2021-05-23 09:53:17.615679+05:45	\N	+	11	2	\N
10	\N	Male				\N		t	2021-05-23 09:53:17.614846+05:45	2021-05-23 09:53:17.618449+05:45	26	2021-05-23 09:53:17.619603+05:45	\N	~	11	2	\N
11	\N	Male				\N		t	2021-05-23 09:53:17.786889+05:45	2021-05-23 09:53:17.786911+05:45	27	2021-05-23 09:53:17.787939+05:45	\N	+	12	2	\N
11	\N	Male				\N		t	2021-05-23 09:53:17.786889+05:45	2021-05-23 09:53:17.789456+05:45	28	2021-05-23 09:53:17.790645+05:45	\N	~	12	2	\N
11	\N	Male				\N		t	2021-05-23 09:53:17.786889+05:45	2021-05-23 09:53:17.802294+05:45	29	2021-05-23 09:53:17.803531+05:45	\N	~	12	2	\N
12	\N	Male				\N		t	2021-05-23 09:53:17.974973+05:45	2021-05-23 09:53:17.974988+05:45	30	2021-05-23 09:53:17.975757+05:45	\N	+	13	2	\N
12	\N	Male				\N		t	2021-05-23 09:53:17.974973+05:45	2021-05-23 09:53:17.978416+05:45	31	2021-05-23 09:53:17.979507+05:45	\N	~	13	2	\N
13	\N	Male				\N		t	2021-05-23 09:53:18.152351+05:45	2021-05-23 09:53:18.152374+05:45	32	2021-05-23 09:53:18.154496+05:45	\N	+	14	2	\N
13	\N	Male				\N		t	2021-05-23 09:53:18.152351+05:45	2021-05-23 09:53:18.156107+05:45	33	2021-05-23 09:53:18.158062+05:45	\N	~	14	2	\N
13	\N	Male				\N		t	2021-05-23 09:53:18.152351+05:45	2021-05-23 09:53:18.170787+05:45	34	2021-05-23 09:53:18.172393+05:45	\N	~	14	2	\N
14	\N	Male				\N		t	2021-05-23 09:53:18.343799+05:45	2021-05-23 09:53:18.343817+05:45	35	2021-05-23 09:53:18.344681+05:45	\N	+	15	2	\N
14	\N	Male				\N		t	2021-05-23 09:53:18.343799+05:45	2021-05-23 09:53:18.347631+05:45	36	2021-05-23 09:53:18.348899+05:45	\N	~	15	2	\N
15	\N	Male				\N		t	2021-05-23 09:53:18.522862+05:45	2021-05-23 09:53:18.522883+05:45	37	2021-05-23 09:53:18.523806+05:45	\N	+	16	2	\N
15	\N	Male				\N		t	2021-05-23 09:53:18.522862+05:45	2021-05-23 09:53:18.52526+05:45	38	2021-05-23 09:53:18.526531+05:45	\N	~	16	2	\N
15	\N	Male				\N		t	2021-05-23 09:53:18.522862+05:45	2021-05-23 09:53:18.538093+05:45	39	2021-05-23 09:53:18.539352+05:45	\N	~	16	2	\N
16	\N	Male				\N		t	2021-05-23 09:53:18.708088+05:45	2021-05-23 09:53:18.708102+05:45	40	2021-05-23 09:53:18.709044+05:45	\N	+	17	2	\N
16	\N	Male				\N		t	2021-05-23 09:53:18.708088+05:45	2021-05-23 09:53:18.711798+05:45	41	2021-05-23 09:53:18.713297+05:45	\N	~	17	2	\N
17	\N	Male				\N		t	2021-05-23 09:53:18.885594+05:45	2021-05-23 09:53:18.885614+05:45	42	2021-05-23 09:53:18.886573+05:45	\N	+	18	2	\N
17	\N	Male				\N		t	2021-05-23 09:53:18.885594+05:45	2021-05-23 09:53:18.888247+05:45	43	2021-05-23 09:53:18.889509+05:45	\N	~	18	2	\N
17	\N	Male				\N		t	2021-05-23 09:53:18.885594+05:45	2021-05-23 09:53:18.901273+05:45	44	2021-05-23 09:53:18.902463+05:45	\N	~	18	2	\N
18	\N	Male				\N		t	2021-05-23 09:53:19.073966+05:45	2021-05-23 09:53:19.07398+05:45	45	2021-05-23 09:53:19.074785+05:45	\N	+	19	2	\N
18	\N	Male				\N		t	2021-05-23 09:53:19.073966+05:45	2021-05-23 09:53:19.078981+05:45	46	2021-05-23 09:53:19.081822+05:45	\N	~	19	2	\N
19	\N	Male				\N		t	2021-05-23 09:53:19.259908+05:45	2021-05-23 09:53:19.259949+05:45	47	2021-05-23 09:53:19.260908+05:45	\N	+	20	2	\N
19	\N	Male				\N		t	2021-05-23 09:53:19.259908+05:45	2021-05-23 09:53:19.262472+05:45	48	2021-05-23 09:53:19.263801+05:45	\N	~	20	2	\N
19	\N	Male				\N		t	2021-05-23 09:53:19.259908+05:45	2021-05-23 09:53:19.27596+05:45	49	2021-05-23 09:53:19.277098+05:45	\N	~	20	2	\N
20	\N	Male				\N		t	2021-05-23 09:53:19.445725+05:45	2021-05-23 09:53:19.445741+05:45	50	2021-05-23 09:53:19.446955+05:45	\N	+	21	2	\N
20	\N	Male				\N		t	2021-05-23 09:53:19.445725+05:45	2021-05-23 09:53:19.449705+05:45	51	2021-05-23 09:53:19.450991+05:45	\N	~	21	2	\N
21	\N	Male				\N		t	2021-05-23 09:53:19.617202+05:45	2021-05-23 09:53:19.617222+05:45	52	2021-05-23 09:53:19.61809+05:45	\N	+	22	2	\N
21	\N	Male				\N		t	2021-05-23 09:53:19.617202+05:45	2021-05-23 09:53:19.619528+05:45	53	2021-05-23 09:53:19.620756+05:45	\N	~	22	2	\N
21	\N	Male				\N		t	2021-05-23 09:53:19.617202+05:45	2021-05-23 09:53:19.631652+05:45	54	2021-05-23 09:53:19.633042+05:45	\N	~	22	2	\N
22	\N	Male				\N		t	2021-05-23 09:53:19.80188+05:45	2021-05-23 09:53:19.801896+05:45	55	2021-05-23 09:53:19.802693+05:45	\N	+	23	2	\N
22	\N	Male				\N		t	2021-05-23 09:53:19.80188+05:45	2021-05-23 09:53:19.806424+05:45	56	2021-05-23 09:53:19.807524+05:45	\N	~	23	2	\N
23	\N	Male				\N		t	2021-05-23 09:53:19.991904+05:45	2021-05-23 09:53:19.99194+05:45	57	2021-05-23 09:53:19.992817+05:45	\N	+	24	2	\N
23	\N	Male				\N		t	2021-05-23 09:53:19.991904+05:45	2021-05-23 09:53:19.994261+05:45	58	2021-05-23 09:53:19.995442+05:45	\N	~	24	2	\N
23	\N	Male				\N		t	2021-05-23 09:53:19.991904+05:45	2021-05-23 09:53:20.008705+05:45	59	2021-05-23 09:53:20.00991+05:45	\N	~	24	2	\N
24	\N	Male				\N		t	2021-05-23 09:53:20.188858+05:45	2021-05-23 09:53:20.188872+05:45	60	2021-05-23 09:53:20.189814+05:45	\N	+	25	2	\N
24	\N	Male				\N		t	2021-05-23 09:53:20.188858+05:45	2021-05-23 09:53:20.192607+05:45	61	2021-05-23 09:53:20.19375+05:45	\N	~	25	2	\N
25	\N	Male				\N		t	2021-05-23 09:53:20.359888+05:45	2021-05-23 09:53:20.359908+05:45	62	2021-05-23 09:53:20.360873+05:45	\N	+	26	2	\N
25	\N	Male				\N		t	2021-05-23 09:53:20.359888+05:45	2021-05-23 09:53:20.362341+05:45	63	2021-05-23 09:53:20.363571+05:45	\N	~	26	2	\N
25	\N	Male				\N		t	2021-05-23 09:53:20.359888+05:45	2021-05-23 09:53:20.376708+05:45	64	2021-05-23 09:53:20.379292+05:45	\N	~	26	2	\N
26	\N	Male				\N		t	2021-05-23 09:53:20.550438+05:45	2021-05-23 09:53:20.550458+05:45	65	2021-05-23 09:53:20.551541+05:45	\N	+	27	2	\N
26	\N	Male				\N		t	2021-05-23 09:53:20.550438+05:45	2021-05-23 09:53:20.554627+05:45	66	2021-05-23 09:53:20.555829+05:45	\N	~	27	2	\N
27	\N	Male				\N		t	2021-05-23 09:53:20.726793+05:45	2021-05-23 09:53:20.726815+05:45	67	2021-05-23 09:53:20.727869+05:45	\N	+	28	2	\N
27	\N	Male				\N		t	2021-05-23 09:53:20.726793+05:45	2021-05-23 09:53:20.729463+05:45	68	2021-05-23 09:53:20.730821+05:45	\N	~	28	2	\N
27	\N	Male				\N		t	2021-05-23 09:53:20.726793+05:45	2021-05-23 09:53:20.742691+05:45	69	2021-05-23 09:53:20.74388+05:45	\N	~	28	2	\N
28	\N	Male				\N		t	2021-05-23 09:53:20.915753+05:45	2021-05-23 09:53:20.91577+05:45	70	2021-05-23 09:53:20.916622+05:45	\N	+	29	2	\N
28	\N	Male				\N		t	2021-05-23 09:53:20.915753+05:45	2021-05-23 09:53:20.919824+05:45	71	2021-05-23 09:53:20.920989+05:45	\N	~	29	2	\N
29	\N	Male				\N		t	2021-05-23 09:53:21.089907+05:45	2021-05-23 09:53:21.089949+05:45	72	2021-05-23 09:53:21.09091+05:45	\N	+	30	2	\N
29	\N	Male				\N		t	2021-05-23 09:53:21.089907+05:45	2021-05-23 09:53:21.092441+05:45	73	2021-05-23 09:53:21.093706+05:45	\N	~	30	2	\N
29	\N	Male				\N		t	2021-05-23 09:53:21.089907+05:45	2021-05-23 09:53:21.105187+05:45	74	2021-05-23 09:53:21.106358+05:45	\N	~	30	2	\N
30	\N	Male				\N		t	2021-05-23 09:53:21.280011+05:45	2021-05-23 09:53:21.280026+05:45	75	2021-05-23 09:53:21.280845+05:45	\N	+	31	2	\N
30	\N	Male				\N		t	2021-05-23 09:53:21.280011+05:45	2021-05-23 09:53:21.283572+05:45	76	2021-05-23 09:53:21.284769+05:45	\N	~	31	2	\N
31	\N	Male				\N		t	2021-05-23 09:53:21.451568+05:45	2021-05-23 09:53:21.45159+05:45	77	2021-05-23 09:53:21.452586+05:45	\N	+	32	2	\N
31	\N	Male				\N		t	2021-05-23 09:53:21.451568+05:45	2021-05-23 09:53:21.454269+05:45	78	2021-05-23 09:53:21.455523+05:45	\N	~	32	2	\N
31	\N	Male				\N		t	2021-05-23 09:53:21.451568+05:45	2021-05-23 09:53:21.467457+05:45	79	2021-05-23 09:53:21.468729+05:45	\N	~	32	2	\N
32	\N	Male				\N		t	2021-05-23 09:53:21.638384+05:45	2021-05-23 09:53:21.638402+05:45	80	2021-05-23 09:53:21.639194+05:45	\N	+	33	2	\N
32	\N	Male				\N		t	2021-05-23 09:53:21.638384+05:45	2021-05-23 09:53:21.642028+05:45	81	2021-05-23 09:53:21.643148+05:45	\N	~	33	2	\N
33	\N	Male				\N		t	2021-05-23 09:53:21.812347+05:45	2021-05-23 09:53:21.812367+05:45	82	2021-05-23 09:53:21.813294+05:45	\N	+	34	2	\N
33	\N	Male				\N		t	2021-05-23 09:53:21.812347+05:45	2021-05-23 09:53:21.814739+05:45	83	2021-05-23 09:53:21.81601+05:45	\N	~	34	2	\N
33	\N	Male				\N		t	2021-05-23 09:53:21.812347+05:45	2021-05-23 09:53:21.827324+05:45	84	2021-05-23 09:53:21.82846+05:45	\N	~	34	2	\N
34	\N	Male				\N		t	2021-05-23 09:53:21.996249+05:45	2021-05-23 09:53:21.996265+05:45	85	2021-05-23 09:53:21.997046+05:45	\N	+	35	2	\N
34	\N	Male				\N		t	2021-05-23 09:53:21.996249+05:45	2021-05-23 09:53:21.9997+05:45	86	2021-05-23 09:53:22.000864+05:45	\N	~	35	2	\N
35	\N	Male				\N		t	2021-05-23 09:53:22.17716+05:45	2021-05-23 09:53:22.177183+05:45	87	2021-05-23 09:53:22.178838+05:45	\N	+	36	2	\N
35	\N	Male				\N		t	2021-05-23 09:53:22.17716+05:45	2021-05-23 09:53:22.180389+05:45	88	2021-05-23 09:53:22.181631+05:45	\N	~	36	2	\N
35	\N	Male				\N		t	2021-05-23 09:53:22.17716+05:45	2021-05-23 09:53:22.193588+05:45	89	2021-05-23 09:53:22.194917+05:45	\N	~	36	2	\N
36	\N	Male				\N		t	2021-05-23 09:53:22.363414+05:45	2021-05-23 09:53:22.363433+05:45	90	2021-05-23 09:53:22.36423+05:45	\N	+	37	2	\N
36	\N	Male				\N		t	2021-05-23 09:53:22.363414+05:45	2021-05-23 09:53:22.367126+05:45	91	2021-05-23 09:53:22.368884+05:45	\N	~	37	2	\N
37	\N	Male				\N		t	2021-05-23 09:53:22.542174+05:45	2021-05-23 09:53:22.542196+05:45	92	2021-05-23 09:53:22.543786+05:45	\N	+	38	2	\N
37	\N	Male				\N		t	2021-05-23 09:53:22.542174+05:45	2021-05-23 09:53:22.545602+05:45	93	2021-05-23 09:53:22.546953+05:45	\N	~	38	2	\N
37	\N	Male				\N		t	2021-05-23 09:53:22.542174+05:45	2021-05-23 09:53:22.560016+05:45	94	2021-05-23 09:53:22.561262+05:45	\N	~	38	2	\N
38	\N	Male				\N		t	2021-05-23 09:53:22.733544+05:45	2021-05-23 09:53:22.733561+05:45	95	2021-05-23 09:53:22.734428+05:45	\N	+	39	2	\N
38	\N	Male				\N		t	2021-05-23 09:53:22.733544+05:45	2021-05-23 09:53:22.737345+05:45	96	2021-05-23 09:53:22.738562+05:45	\N	~	39	2	\N
39	\N	Male				\N		t	2021-05-23 09:53:22.906328+05:45	2021-05-23 09:53:22.906348+05:45	97	2021-05-23 09:53:22.907556+05:45	\N	+	40	2	\N
39	\N	Male				\N		t	2021-05-23 09:53:22.906328+05:45	2021-05-23 09:53:22.910193+05:45	98	2021-05-23 09:53:22.911621+05:45	\N	~	40	2	\N
39	\N	Male				\N		t	2021-05-23 09:53:22.906328+05:45	2021-05-23 09:53:22.925279+05:45	99	2021-05-23 09:53:22.926695+05:45	\N	~	40	2	\N
40	\N	Male				\N		t	2021-05-23 09:53:23.102152+05:45	2021-05-23 09:53:23.102167+05:45	100	2021-05-23 09:53:23.103691+05:45	\N	+	41	2	\N
40	\N	Male				\N		t	2021-05-23 09:53:23.102152+05:45	2021-05-23 09:53:23.107282+05:45	101	2021-05-23 09:53:23.10875+05:45	\N	~	41	2	\N
41	\N	Male				\N		t	2021-05-23 09:53:23.319962+05:45	2021-05-23 09:53:23.319985+05:45	102	2021-05-23 09:53:23.320978+05:45	\N	+	42	2	\N
41	\N	Male				\N		t	2021-05-23 09:53:23.319962+05:45	2021-05-23 09:53:23.322493+05:45	103	2021-05-23 09:53:23.323805+05:45	\N	~	42	2	\N
41	\N	Male				\N		t	2021-05-23 09:53:23.319962+05:45	2021-05-23 09:53:23.338381+05:45	104	2021-05-23 09:53:23.340025+05:45	\N	~	42	2	\N
42	\N	Male				\N		t	2021-05-23 09:53:23.516944+05:45	2021-05-23 09:53:23.516961+05:45	105	2021-05-23 09:53:23.517796+05:45	\N	+	43	2	\N
42	\N	Male				\N		t	2021-05-23 09:53:23.516944+05:45	2021-05-23 09:53:23.520699+05:45	106	2021-05-23 09:53:23.521955+05:45	\N	~	43	2	\N
43	\N	Male				\N		t	2021-05-23 09:53:23.692571+05:45	2021-05-23 09:53:23.692594+05:45	107	2021-05-23 09:53:23.693602+05:45	\N	+	44	2	\N
43	\N	Male				\N		t	2021-05-23 09:53:23.692571+05:45	2021-05-23 09:53:23.69513+05:45	108	2021-05-23 09:53:23.696411+05:45	\N	~	44	2	\N
43	\N	Male				\N		t	2021-05-23 09:53:23.692571+05:45	2021-05-23 09:53:23.708949+05:45	109	2021-05-23 09:53:23.710156+05:45	\N	~	44	2	\N
44	\N	Male				\N		t	2021-05-23 09:53:23.881156+05:45	2021-05-23 09:53:23.881171+05:45	110	2021-05-23 09:53:23.882007+05:45	\N	+	45	2	\N
44	\N	Male				\N		t	2021-05-23 09:53:23.881156+05:45	2021-05-23 09:53:23.884775+05:45	111	2021-05-23 09:53:23.88599+05:45	\N	~	45	2	\N
45	\N	Male				\N		t	2021-05-23 09:53:24.060754+05:45	2021-05-23 09:53:24.060776+05:45	112	2021-05-23 09:53:24.061722+05:45	\N	+	46	2	\N
45	\N	Male				\N		t	2021-05-23 09:53:24.060754+05:45	2021-05-23 09:53:24.063251+05:45	113	2021-05-23 09:53:24.064551+05:45	\N	~	46	2	\N
45	\N	Male				\N		t	2021-05-23 09:53:24.060754+05:45	2021-05-23 09:53:24.07941+05:45	114	2021-05-23 09:53:24.081043+05:45	\N	~	46	2	\N
46	\N	Male				\N		t	2021-05-23 09:53:24.286273+05:45	2021-05-23 09:53:24.286289+05:45	115	2021-05-23 09:53:24.287164+05:45	\N	+	47	2	\N
46	\N	Male				\N		t	2021-05-23 09:53:24.286273+05:45	2021-05-23 09:53:24.290097+05:45	116	2021-05-23 09:53:24.291324+05:45	\N	~	47	2	\N
47	\N	Male				\N		t	2021-05-23 09:53:24.461915+05:45	2021-05-23 09:53:24.461968+05:45	117	2021-05-23 09:53:24.462916+05:45	\N	+	48	2	\N
47	\N	Male				\N		t	2021-05-23 09:53:24.461915+05:45	2021-05-23 09:53:24.464421+05:45	118	2021-05-23 09:53:24.465717+05:45	\N	~	48	2	\N
47	\N	Male				\N		t	2021-05-23 09:53:24.461915+05:45	2021-05-23 09:53:24.477265+05:45	119	2021-05-23 09:53:24.478369+05:45	\N	~	48	2	\N
48	\N	Male				\N		t	2021-05-23 09:53:24.64598+05:45	2021-05-23 09:53:24.645995+05:45	120	2021-05-23 09:53:24.64677+05:45	\N	+	49	2	\N
48	\N	Male				\N		t	2021-05-23 09:53:24.64598+05:45	2021-05-23 09:53:24.649582+05:45	121	2021-05-23 09:53:24.650761+05:45	\N	~	49	2	\N
49	\N	Male				\N		t	2021-05-23 09:53:24.817777+05:45	2021-05-23 09:53:24.817798+05:45	122	2021-05-23 09:53:24.819037+05:45	\N	+	50	2	\N
49	\N	Male				\N		t	2021-05-23 09:53:24.817777+05:45	2021-05-23 09:53:24.820676+05:45	123	2021-05-23 09:53:24.822006+05:45	\N	~	50	2	\N
49	\N	Male				\N		t	2021-05-23 09:53:24.817777+05:45	2021-05-23 09:53:24.833895+05:45	124	2021-05-23 09:53:24.83524+05:45	\N	~	50	2	\N
50	\N	Male				\N		t	2021-05-23 09:53:25.028705+05:45	2021-05-23 09:53:25.02872+05:45	125	2021-05-23 09:53:25.02955+05:45	\N	+	51	2	\N
50	\N	Male				\N		t	2021-05-23 09:53:25.028705+05:45	2021-05-23 09:53:25.032405+05:45	126	2021-05-23 09:53:25.033529+05:45	\N	~	51	2	\N
51	\N	Male				\N		t	2021-05-23 09:53:25.210866+05:45	2021-05-23 09:53:25.210894+05:45	127	2021-05-23 09:53:25.212325+05:45	\N	+	52	2	\N
51	\N	Male				\N		t	2021-05-23 09:53:25.210866+05:45	2021-05-23 09:53:25.214779+05:45	128	2021-05-23 09:53:25.218026+05:45	\N	~	52	2	\N
51	\N	Male				\N		t	2021-05-23 09:53:25.210866+05:45	2021-05-23 09:53:25.236673+05:45	129	2021-05-23 09:53:25.237878+05:45	\N	~	52	2	\N
52	\N	Male				\N		t	2021-05-23 09:53:25.430912+05:45	2021-05-23 09:53:25.43095+05:45	130	2021-05-23 09:53:25.43176+05:45	\N	+	53	2	\N
52	\N	Male				\N		t	2021-05-23 09:53:25.430912+05:45	2021-05-23 09:53:25.434594+05:45	131	2021-05-23 09:53:25.435804+05:45	\N	~	53	2	\N
53	\N	Male				\N		t	2021-05-23 09:53:25.604141+05:45	2021-05-23 09:53:25.604161+05:45	132	2021-05-23 09:53:25.605558+05:45	\N	+	54	2	\N
53	\N	Male				\N		t	2021-05-23 09:53:25.604141+05:45	2021-05-23 09:53:25.60697+05:45	133	2021-05-23 09:53:25.6082+05:45	\N	~	54	2	\N
53	\N	Male				\N		t	2021-05-23 09:53:25.604141+05:45	2021-05-23 09:53:25.620302+05:45	134	2021-05-23 09:53:25.621462+05:45	\N	~	54	2	\N
54	\N	Male				\N		t	2021-05-23 09:53:25.790063+05:45	2021-05-23 09:53:25.79008+05:45	135	2021-05-23 09:53:25.790868+05:45	\N	+	55	2	\N
54	\N	Male				\N		t	2021-05-23 09:53:25.790063+05:45	2021-05-23 09:53:25.793546+05:45	136	2021-05-23 09:53:25.794652+05:45	\N	~	55	2	\N
55	\N	Male				\N		t	2021-05-23 09:53:25.962437+05:45	2021-05-23 09:53:25.962457+05:45	137	2021-05-23 09:53:25.963287+05:45	\N	+	56	2	\N
55	\N	Male				\N		t	2021-05-23 09:53:25.962437+05:45	2021-05-23 09:53:25.96464+05:45	138	2021-05-23 09:53:25.965849+05:45	\N	~	56	2	\N
55	\N	Male				\N		t	2021-05-23 09:53:25.962437+05:45	2021-05-23 09:53:25.976952+05:45	139	2021-05-23 09:53:25.978006+05:45	\N	~	56	2	\N
56	\N	Male				\N		t	2021-05-23 09:53:26.232481+05:45	2021-05-23 09:53:26.232518+05:45	140	2021-05-23 09:53:26.234004+05:45	\N	+	57	2	\N
56	\N	Male				\N		t	2021-05-23 09:53:26.232481+05:45	2021-05-23 09:53:26.241652+05:45	141	2021-05-23 09:53:26.243075+05:45	\N	~	57	2	\N
57	\N	Male				\N		t	2021-05-23 09:53:26.418388+05:45	2021-05-23 09:53:26.418409+05:45	142	2021-05-23 09:53:26.419802+05:45	\N	+	58	2	\N
57	\N	Male				\N		t	2021-05-23 09:53:26.418388+05:45	2021-05-23 09:53:26.421216+05:45	143	2021-05-23 09:53:26.422425+05:45	\N	~	58	2	\N
57	\N	Male				\N		t	2021-05-23 09:53:26.418388+05:45	2021-05-23 09:53:26.433739+05:45	144	2021-05-23 09:53:26.434805+05:45	\N	~	58	2	\N
58	\N	Male				\N		t	2021-05-23 09:53:26.607368+05:45	2021-05-23 09:53:26.607385+05:45	145	2021-05-23 09:53:26.608259+05:45	\N	+	59	2	\N
58	\N	Male				\N		t	2021-05-23 09:53:26.607368+05:45	2021-05-23 09:53:26.611087+05:45	146	2021-05-23 09:53:26.612214+05:45	\N	~	59	2	\N
59	\N	Male				\N		t	2021-05-23 09:53:26.778637+05:45	2021-05-23 09:53:26.778659+05:45	147	2021-05-23 09:53:26.779544+05:45	\N	+	60	2	\N
59	\N	Male				\N		t	2021-05-23 09:53:26.778637+05:45	2021-05-23 09:53:26.78095+05:45	148	2021-05-23 09:53:26.782172+05:45	\N	~	60	2	\N
59	\N	Male				\N		t	2021-05-23 09:53:26.778637+05:45	2021-05-23 09:53:26.793134+05:45	149	2021-05-23 09:53:26.794249+05:45	\N	~	60	2	\N
60	\N	Male				\N		t	2021-05-23 09:53:26.961229+05:45	2021-05-23 09:53:26.961244+05:45	150	2021-05-23 09:53:26.962029+05:45	\N	+	61	2	\N
60	\N	Male				\N		t	2021-05-23 09:53:26.961229+05:45	2021-05-23 09:53:26.964666+05:45	151	2021-05-23 09:53:26.965757+05:45	\N	~	61	2	\N
61	\N	Male				\N		t	2021-05-23 09:53:27.133215+05:45	2021-05-23 09:53:27.133236+05:45	152	2021-05-23 09:53:27.134114+05:45	\N	+	62	2	\N
61	\N	Male				\N		t	2021-05-23 09:53:27.133215+05:45	2021-05-23 09:53:27.135438+05:45	153	2021-05-23 09:53:27.136639+05:45	\N	~	62	2	\N
61	\N	Male				\N		t	2021-05-23 09:53:27.133215+05:45	2021-05-23 09:53:27.147817+05:45	154	2021-05-23 09:53:27.151803+05:45	\N	~	62	2	\N
62	\N	Male				\N		t	2021-05-23 09:53:27.338146+05:45	2021-05-23 09:53:27.33816+05:45	155	2021-05-23 09:53:27.338892+05:45	\N	+	63	2	\N
62	\N	Male				\N		t	2021-05-23 09:53:27.338146+05:45	2021-05-23 09:53:27.341521+05:45	156	2021-05-23 09:53:27.342629+05:45	\N	~	63	2	\N
63	\N	Male				\N		t	2021-05-23 09:53:27.50839+05:45	2021-05-23 09:53:27.50841+05:45	157	2021-05-23 09:53:27.509268+05:45	\N	+	64	2	\N
63	\N	Male				\N		t	2021-05-23 09:53:27.50839+05:45	2021-05-23 09:53:27.510732+05:45	158	2021-05-23 09:53:27.512103+05:45	\N	~	64	2	\N
63	\N	Male				\N		t	2021-05-23 09:53:27.50839+05:45	2021-05-23 09:53:27.523668+05:45	159	2021-05-23 09:53:27.524772+05:45	\N	~	64	2	\N
64	\N	Male				\N		t	2021-05-23 09:53:27.695657+05:45	2021-05-23 09:53:27.695672+05:45	160	2021-05-23 09:53:27.696661+05:45	\N	+	65	2	\N
64	\N	Male				\N		t	2021-05-23 09:53:27.695657+05:45	2021-05-23 09:53:27.699518+05:45	161	2021-05-23 09:53:27.700595+05:45	\N	~	65	2	\N
65	\N	Male				\N		t	2021-05-23 09:53:27.867857+05:45	2021-05-23 09:53:27.867877+05:45	162	2021-05-23 09:53:27.86878+05:45	\N	+	66	2	\N
65	\N	Male				\N		t	2021-05-23 09:53:27.867857+05:45	2021-05-23 09:53:27.870203+05:45	163	2021-05-23 09:53:27.871401+05:45	\N	~	66	2	\N
65	\N	Male				\N		t	2021-05-23 09:53:27.867857+05:45	2021-05-23 09:53:27.882328+05:45	164	2021-05-23 09:53:27.883409+05:45	\N	~	66	2	\N
66	\N	Male				\N		t	2021-05-23 09:53:28.054179+05:45	2021-05-23 09:53:28.054198+05:45	165	2021-05-23 09:53:28.054967+05:45	\N	+	67	2	\N
66	\N	Male				\N		t	2021-05-23 09:53:28.054179+05:45	2021-05-23 09:53:28.057629+05:45	166	2021-05-23 09:53:28.058762+05:45	\N	~	67	2	\N
67	\N	Male				\N		t	2021-05-23 09:53:28.23424+05:45	2021-05-23 09:53:28.234263+05:45	167	2021-05-23 09:53:28.235194+05:45	\N	+	68	2	\N
67	\N	Male				\N		t	2021-05-23 09:53:28.23424+05:45	2021-05-23 09:53:28.236595+05:45	168	2021-05-23 09:53:28.237838+05:45	\N	~	68	2	\N
67	\N	Male				\N		t	2021-05-23 09:53:28.23424+05:45	2021-05-23 09:53:28.249335+05:45	169	2021-05-23 09:53:28.250421+05:45	\N	~	68	2	\N
68	\N	Male				\N		t	2021-05-23 09:53:28.421763+05:45	2021-05-23 09:53:28.421777+05:45	170	2021-05-23 09:53:28.422583+05:45	\N	+	69	2	\N
68	\N	Male				\N		t	2021-05-23 09:53:28.421763+05:45	2021-05-23 09:53:28.425241+05:45	171	2021-05-23 09:53:28.426345+05:45	\N	~	69	2	\N
69	\N	Male				\N		t	2021-05-23 09:53:28.592655+05:45	2021-05-23 09:53:28.592676+05:45	172	2021-05-23 09:53:28.593611+05:45	\N	+	70	2	\N
69	\N	Male				\N		t	2021-05-23 09:53:28.592655+05:45	2021-05-23 09:53:28.595038+05:45	173	2021-05-23 09:53:28.596233+05:45	\N	~	70	2	\N
69	\N	Male				\N		t	2021-05-23 09:53:28.592655+05:45	2021-05-23 09:53:28.607199+05:45	174	2021-05-23 09:53:28.608289+05:45	\N	~	70	2	\N
70	\N	Male				\N		t	2021-05-23 09:53:28.783424+05:45	2021-05-23 09:53:28.78344+05:45	175	2021-05-23 09:53:28.784222+05:45	\N	+	71	2	\N
70	\N	Male				\N		t	2021-05-23 09:53:28.783424+05:45	2021-05-23 09:53:28.787066+05:45	176	2021-05-23 09:53:28.78827+05:45	\N	~	71	2	\N
71	\N	Male				\N		t	2021-05-23 09:53:28.956635+05:45	2021-05-23 09:53:28.956655+05:45	177	2021-05-23 09:53:28.957518+05:45	\N	+	72	2	\N
71	\N	Male				\N		t	2021-05-23 09:53:28.956635+05:45	2021-05-23 09:53:28.958853+05:45	178	2021-05-23 09:53:28.960404+05:45	\N	~	72	2	\N
71	\N	Male				\N		t	2021-05-23 09:53:28.956635+05:45	2021-05-23 09:53:28.971426+05:45	179	2021-05-23 09:53:28.972543+05:45	\N	~	72	2	\N
72	\N	Male				\N		t	2021-05-23 09:53:29.139878+05:45	2021-05-23 09:53:29.139891+05:45	180	2021-05-23 09:53:29.140732+05:45	\N	+	73	2	\N
72	\N	Male				\N		t	2021-05-23 09:53:29.139878+05:45	2021-05-23 09:53:29.143462+05:45	181	2021-05-23 09:53:29.144577+05:45	\N	~	73	2	\N
73	\N	Male				\N		t	2021-05-23 09:53:29.31596+05:45	2021-05-23 09:53:29.315981+05:45	182	2021-05-23 09:53:29.317048+05:45	\N	+	74	2	\N
73	\N	Male				\N		t	2021-05-23 09:53:29.31596+05:45	2021-05-23 09:53:29.318638+05:45	183	2021-05-23 09:53:29.319864+05:45	\N	~	74	2	\N
73	\N	Male				\N		t	2021-05-23 09:53:29.31596+05:45	2021-05-23 09:53:29.330764+05:45	184	2021-05-23 09:53:29.331863+05:45	\N	~	74	2	\N
74	\N	Male				\N		t	2021-05-23 09:53:29.502118+05:45	2021-05-23 09:53:29.502134+05:45	185	2021-05-23 09:53:29.502893+05:45	\N	+	75	2	\N
74	\N	Male				\N		t	2021-05-23 09:53:29.502118+05:45	2021-05-23 09:53:29.505515+05:45	186	2021-05-23 09:53:29.506573+05:45	\N	~	75	2	\N
75	\N	Male				\N		t	2021-05-23 09:53:29.699514+05:45	2021-05-23 09:53:29.699538+05:45	187	2021-05-23 09:53:29.700412+05:45	\N	+	76	2	\N
75	\N	Male				\N		t	2021-05-23 09:53:29.699514+05:45	2021-05-23 09:53:29.701835+05:45	188	2021-05-23 09:53:29.703078+05:45	\N	~	76	2	\N
75	\N	Male				\N		t	2021-05-23 09:53:29.699514+05:45	2021-05-23 09:53:29.717347+05:45	189	2021-05-23 09:53:29.718401+05:45	\N	~	76	2	\N
76	\N	Male				\N		t	2021-05-23 09:54:01.11173+05:45	2021-05-23 09:54:01.111744+05:45	190	2021-05-23 09:54:01.112745+05:45	\N	+	77	2	\N
76	\N	Male				\N		t	2021-05-23 09:54:01.11173+05:45	2021-05-23 09:54:01.115771+05:45	191	2021-05-23 09:54:01.117012+05:45	\N	~	77	2	\N
77	\N	Male				\N		t	2021-05-23 09:54:01.294755+05:45	2021-05-23 09:54:01.294777+05:45	192	2021-05-23 09:54:01.295848+05:45	\N	+	78	2	\N
77	\N	Male				\N		t	2021-05-23 09:54:01.294755+05:45	2021-05-23 09:54:01.297491+05:45	193	2021-05-23 09:54:01.299011+05:45	\N	~	78	2	\N
77	\N	Male				\N		t	2021-05-23 09:54:01.294755+05:45	2021-05-23 09:54:01.312341+05:45	194	2021-05-23 09:54:01.313433+05:45	\N	~	78	2	\N
78	\N	Male				\N		t	2021-05-23 09:54:01.486429+05:45	2021-05-23 09:54:01.486446+05:45	195	2021-05-23 09:54:01.487311+05:45	\N	+	79	2	\N
78	\N	Male				\N		t	2021-05-23 09:54:01.486429+05:45	2021-05-23 09:54:01.490219+05:45	196	2021-05-23 09:54:01.491425+05:45	\N	~	79	2	\N
79	\N	Male				\N		t	2021-05-23 09:54:01.658082+05:45	2021-05-23 09:54:01.658103+05:45	197	2021-05-23 09:54:01.65906+05:45	\N	+	80	2	\N
79	\N	Male				\N		t	2021-05-23 09:54:01.658082+05:45	2021-05-23 09:54:01.660426+05:45	198	2021-05-23 09:54:01.663076+05:45	\N	~	80	2	\N
79	\N	Male				\N		t	2021-05-23 09:54:01.658082+05:45	2021-05-23 09:54:01.691075+05:45	199	2021-05-23 09:54:01.69316+05:45	\N	~	80	2	\N
80	\N	Male				\N		t	2021-05-23 09:54:01.865387+05:45	2021-05-23 09:54:01.865402+05:45	200	2021-05-23 09:54:01.866298+05:45	\N	+	81	2	\N
80	\N	Male				\N		t	2021-05-23 09:54:01.865387+05:45	2021-05-23 09:54:01.869104+05:45	201	2021-05-23 09:54:01.870256+05:45	\N	~	81	2	\N
81	\N	Male				\N		t	2021-05-23 09:54:02.040497+05:45	2021-05-23 09:54:02.040518+05:45	202	2021-05-23 09:54:02.041462+05:45	\N	+	82	2	\N
81	\N	Male				\N		t	2021-05-23 09:54:02.040497+05:45	2021-05-23 09:54:02.042949+05:45	203	2021-05-23 09:54:02.044332+05:45	\N	~	82	2	\N
81	\N	Male				\N		t	2021-05-23 09:54:02.040497+05:45	2021-05-23 09:54:02.055994+05:45	204	2021-05-23 09:54:02.057051+05:45	\N	~	82	2	\N
82	\N	Male				\N		t	2021-05-23 09:54:02.231017+05:45	2021-05-23 09:54:02.231034+05:45	205	2021-05-23 09:54:02.231904+05:45	\N	+	83	2	\N
82	\N	Male				\N		t	2021-05-23 09:54:02.231017+05:45	2021-05-23 09:54:02.234806+05:45	206	2021-05-23 09:54:02.236625+05:45	\N	~	83	2	\N
83	\N	Male				\N		t	2021-05-23 09:54:02.405754+05:45	2021-05-23 09:54:02.405774+05:45	207	2021-05-23 09:54:02.406666+05:45	\N	+	84	2	\N
83	\N	Male				\N		t	2021-05-23 09:54:02.405754+05:45	2021-05-23 09:54:02.408094+05:45	208	2021-05-23 09:54:02.409301+05:45	\N	~	84	2	\N
83	\N	Male				\N		t	2021-05-23 09:54:02.405754+05:45	2021-05-23 09:54:02.420316+05:45	209	2021-05-23 09:54:02.421447+05:45	\N	~	84	2	\N
84	\N	Male				\N		t	2021-05-23 09:54:02.58962+05:45	2021-05-23 09:54:02.589636+05:45	210	2021-05-23 09:54:02.590482+05:45	\N	+	85	2	\N
84	\N	Male				\N		t	2021-05-23 09:54:02.58962+05:45	2021-05-23 09:54:02.593236+05:45	211	2021-05-23 09:54:02.594358+05:45	\N	~	85	2	\N
85	\N	Male				\N		t	2021-05-23 09:54:02.760625+05:45	2021-05-23 09:54:02.760646+05:45	212	2021-05-23 09:54:02.76165+05:45	\N	+	86	2	\N
85	\N	Male				\N		t	2021-05-23 09:54:02.760625+05:45	2021-05-23 09:54:02.763145+05:45	213	2021-05-23 09:54:02.764446+05:45	\N	~	86	2	\N
85	\N	Male				\N		t	2021-05-23 09:54:02.760625+05:45	2021-05-23 09:54:02.775959+05:45	214	2021-05-23 09:54:02.777113+05:45	\N	~	86	2	\N
86	\N	Male				\N		t	2021-05-23 09:54:02.947258+05:45	2021-05-23 09:54:02.947272+05:45	215	2021-05-23 09:54:02.948068+05:45	\N	+	87	2	\N
86	\N	Male				\N		t	2021-05-23 09:54:02.947258+05:45	2021-05-23 09:54:02.950873+05:45	216	2021-05-23 09:54:02.952034+05:45	\N	~	87	2	\N
87	\N	Male				\N		t	2021-05-23 09:54:03.119649+05:45	2021-05-23 09:54:03.119669+05:45	217	2021-05-23 09:54:03.120704+05:45	\N	+	88	2	\N
87	\N	Male				\N		t	2021-05-23 09:54:03.119649+05:45	2021-05-23 09:54:03.122297+05:45	218	2021-05-23 09:54:03.123479+05:45	\N	~	88	2	\N
87	\N	Male				\N		t	2021-05-23 09:54:03.119649+05:45	2021-05-23 09:54:03.135093+05:45	219	2021-05-23 09:54:03.136319+05:45	\N	~	88	2	\N
88	\N	Male				\N		t	2021-05-23 09:54:03.311545+05:45	2021-05-23 09:54:03.311558+05:45	220	2021-05-23 09:54:03.312435+05:45	\N	+	89	2	\N
88	\N	Male				\N		t	2021-05-23 09:54:03.311545+05:45	2021-05-23 09:54:03.315152+05:45	221	2021-05-23 09:54:03.31625+05:45	\N	~	89	2	\N
89	\N	Male				\N		t	2021-05-23 09:54:03.482557+05:45	2021-05-23 09:54:03.482579+05:45	222	2021-05-23 09:54:03.48355+05:45	\N	+	90	2	\N
89	\N	Male				\N		t	2021-05-23 09:54:03.482557+05:45	2021-05-23 09:54:03.484985+05:45	223	2021-05-23 09:54:03.486212+05:45	\N	~	90	2	\N
89	\N	Male				\N		t	2021-05-23 09:54:03.482557+05:45	2021-05-23 09:54:03.498151+05:45	224	2021-05-23 09:54:03.499298+05:45	\N	~	90	2	\N
90	\N	Male				\N		t	2021-05-23 09:54:03.673235+05:45	2021-05-23 09:54:03.67325+05:45	225	2021-05-23 09:54:03.674049+05:45	\N	+	91	2	\N
90	\N	Male				\N		t	2021-05-23 09:54:03.673235+05:45	2021-05-23 09:54:03.676816+05:45	226	2021-05-23 09:54:03.677934+05:45	\N	~	91	2	\N
91	\N	Male				\N		t	2021-05-23 09:54:03.845843+05:45	2021-05-23 09:54:03.845863+05:45	227	2021-05-23 09:54:03.846824+05:45	\N	+	92	2	\N
91	\N	Male				\N		t	2021-05-23 09:54:03.845843+05:45	2021-05-23 09:54:03.848356+05:45	228	2021-05-23 09:54:03.849582+05:45	\N	~	92	2	\N
91	\N	Male				\N		t	2021-05-23 09:54:03.845843+05:45	2021-05-23 09:54:03.860589+05:45	229	2021-05-23 09:54:03.861715+05:45	\N	~	92	2	\N
92	\N	Male				\N		t	2021-05-23 09:54:04.032672+05:45	2021-05-23 09:54:04.032691+05:45	230	2021-05-23 09:54:04.033696+05:45	\N	+	93	2	\N
92	\N	Male				\N		t	2021-05-23 09:54:04.032672+05:45	2021-05-23 09:54:04.036559+05:45	231	2021-05-23 09:54:04.037775+05:45	\N	~	93	2	\N
93	\N	Male				\N		t	2021-05-23 09:54:04.210149+05:45	2021-05-23 09:54:04.210171+05:45	232	2021-05-23 09:54:04.217216+05:45	\N	+	94	2	\N
93	\N	Male				\N		t	2021-05-23 09:54:04.210149+05:45	2021-05-23 09:54:04.219078+05:45	233	2021-05-23 09:54:04.224731+05:45	\N	~	94	2	\N
93	\N	Male				\N		t	2021-05-23 09:54:04.210149+05:45	2021-05-23 09:54:04.236845+05:45	234	2021-05-23 09:54:04.238424+05:45	\N	~	94	2	\N
94	\N	Male				\N		t	2021-05-23 09:54:04.413724+05:45	2021-05-23 09:54:04.413737+05:45	235	2021-05-23 09:54:04.414487+05:45	\N	+	95	2	\N
94	\N	Male				\N		t	2021-05-23 09:54:04.413724+05:45	2021-05-23 09:54:04.41706+05:45	236	2021-05-23 09:54:04.418152+05:45	\N	~	95	2	\N
95	\N	Male				\N		t	2021-05-23 09:54:04.584772+05:45	2021-05-23 09:54:04.584792+05:45	237	2021-05-23 09:54:04.585671+05:45	\N	+	96	2	\N
95	\N	Male				\N		t	2021-05-23 09:54:04.584772+05:45	2021-05-23 09:54:04.587053+05:45	238	2021-05-23 09:54:04.588184+05:45	\N	~	96	2	\N
95	\N	Male				\N		t	2021-05-23 09:54:04.584772+05:45	2021-05-23 09:54:04.59879+05:45	239	2021-05-23 09:54:04.599792+05:45	\N	~	96	2	\N
96	\N	Male				\N		t	2021-05-23 09:54:04.768524+05:45	2021-05-23 09:54:04.768538+05:45	240	2021-05-23 09:54:04.76926+05:45	\N	+	97	2	\N
96	\N	Male				\N		t	2021-05-23 09:54:04.768524+05:45	2021-05-23 09:54:04.771933+05:45	241	2021-05-23 09:54:04.77301+05:45	\N	~	97	2	\N
97	\N	Male				\N		t	2021-05-23 09:54:04.941037+05:45	2021-05-23 09:54:04.941057+05:45	242	2021-05-23 09:54:04.942126+05:45	\N	+	98	2	\N
97	\N	Male				\N		t	2021-05-23 09:54:04.941037+05:45	2021-05-23 09:54:04.943497+05:45	243	2021-05-23 09:54:04.944715+05:45	\N	~	98	2	\N
97	\N	Male				\N		t	2021-05-23 09:54:04.941037+05:45	2021-05-23 09:54:04.955721+05:45	244	2021-05-23 09:54:04.956792+05:45	\N	~	98	2	\N
98	\N	Male				\N		t	2021-05-23 09:54:05.124432+05:45	2021-05-23 09:54:05.124445+05:45	245	2021-05-23 09:54:05.125217+05:45	\N	+	99	2	\N
98	\N	Male				\N		t	2021-05-23 09:54:05.124432+05:45	2021-05-23 09:54:05.127964+05:45	246	2021-05-23 09:54:05.129086+05:45	\N	~	99	2	\N
99	\N	Male				\N		t	2021-05-23 09:54:05.300107+05:45	2021-05-23 09:54:05.300127+05:45	247	2021-05-23 09:54:05.300997+05:45	\N	+	100	2	\N
99	\N	Male				\N		t	2021-05-23 09:54:05.300107+05:45	2021-05-23 09:54:05.302691+05:45	248	2021-05-23 09:54:05.304902+05:45	\N	~	100	2	\N
99	\N	Male				\N		t	2021-05-23 09:54:05.300107+05:45	2021-05-23 09:54:05.319881+05:45	249	2021-05-23 09:54:05.320978+05:45	\N	~	100	2	\N
100	\N	Male				\N		t	2021-05-23 09:54:05.520653+05:45	2021-05-23 09:54:05.520667+05:45	250	2021-05-23 09:54:05.521449+05:45	\N	+	101	2	\N
100	\N	Male				\N		t	2021-05-23 09:54:05.520653+05:45	2021-05-23 09:54:05.524082+05:45	251	2021-05-23 09:54:05.525152+05:45	\N	~	101	2	\N
101	\N	Male				\N		t	2021-05-23 09:54:05.695063+05:45	2021-05-23 09:54:05.695086+05:45	252	2021-05-23 09:54:05.696275+05:45	\N	+	102	2	\N
101	\N	Male				\N		t	2021-05-23 09:54:05.695063+05:45	2021-05-23 09:54:05.697735+05:45	253	2021-05-23 09:54:05.699067+05:45	\N	~	102	2	\N
101	\N	Male				\N		t	2021-05-23 09:54:05.695063+05:45	2021-05-23 09:54:05.710587+05:45	254	2021-05-23 09:54:05.711664+05:45	\N	~	102	2	\N
102	\N	Male				\N		t	2021-05-23 09:54:05.880602+05:45	2021-05-23 09:54:05.880616+05:45	255	2021-05-23 09:54:05.881431+05:45	\N	+	103	2	\N
102	\N	Male				\N		t	2021-05-23 09:54:05.880602+05:45	2021-05-23 09:54:05.884154+05:45	256	2021-05-23 09:54:05.885234+05:45	\N	~	103	2	\N
103	\N	Male				\N		t	2021-05-23 09:54:06.055446+05:45	2021-05-23 09:54:06.055466+05:45	257	2021-05-23 09:54:06.056323+05:45	\N	+	104	2	\N
103	\N	Male				\N		t	2021-05-23 09:54:06.055446+05:45	2021-05-23 09:54:06.057776+05:45	258	2021-05-23 09:54:06.058969+05:45	\N	~	104	2	\N
103	\N	Male				\N		t	2021-05-23 09:54:06.055446+05:45	2021-05-23 09:54:06.06981+05:45	259	2021-05-23 09:54:06.070899+05:45	\N	~	104	2	\N
104	\N	Male				\N		t	2021-05-23 09:54:06.24388+05:45	2021-05-23 09:54:06.243896+05:45	260	2021-05-23 09:54:06.245087+05:45	\N	+	105	2	\N
104	\N	Male				\N		t	2021-05-23 09:54:06.24388+05:45	2021-05-23 09:54:06.248409+05:45	261	2021-05-23 09:54:06.250221+05:45	\N	~	105	2	\N
105	\N	Male				\N		t	2021-05-23 09:54:06.418948+05:45	2021-05-23 09:54:06.418969+05:45	262	2021-05-23 09:54:06.419861+05:45	\N	+	106	2	\N
105	\N	Male				\N		t	2021-05-23 09:54:06.418948+05:45	2021-05-23 09:54:06.421221+05:45	263	2021-05-23 09:54:06.42253+05:45	\N	~	106	2	\N
105	\N	Male				\N		t	2021-05-23 09:54:06.418948+05:45	2021-05-23 09:54:06.433237+05:45	264	2021-05-23 09:54:06.434216+05:45	\N	~	106	2	\N
106	\N	Male				\N		t	2021-05-23 09:54:06.601178+05:45	2021-05-23 09:54:06.601192+05:45	265	2021-05-23 09:54:06.602027+05:45	\N	+	107	2	\N
106	\N	Male				\N		t	2021-05-23 09:54:06.601178+05:45	2021-05-23 09:54:06.604765+05:45	266	2021-05-23 09:54:06.60597+05:45	\N	~	107	2	\N
107	\N	Male				\N		t	2021-05-23 09:54:06.771916+05:45	2021-05-23 09:54:06.771956+05:45	267	2021-05-23 09:54:06.772779+05:45	\N	+	108	2	\N
107	\N	Male				\N		t	2021-05-23 09:54:06.771916+05:45	2021-05-23 09:54:06.774164+05:45	268	2021-05-23 09:54:06.775481+05:45	\N	~	108	2	\N
107	\N	Male				\N		t	2021-05-23 09:54:06.771916+05:45	2021-05-23 09:54:06.786645+05:45	269	2021-05-23 09:54:06.788035+05:45	\N	~	108	2	\N
108	\N	Male				\N		t	2021-05-23 09:54:06.956743+05:45	2021-05-23 09:54:06.956757+05:45	270	2021-05-23 09:54:06.95759+05:45	\N	+	109	2	\N
108	\N	Male				\N		t	2021-05-23 09:54:06.956743+05:45	2021-05-23 09:54:06.960319+05:45	271	2021-05-23 09:54:06.961579+05:45	\N	~	109	2	\N
109	\N	Male				\N		t	2021-05-23 09:54:07.12842+05:45	2021-05-23 09:54:07.12844+05:45	272	2021-05-23 09:54:07.129371+05:45	\N	+	110	2	\N
109	\N	Male				\N		t	2021-05-23 09:54:07.12842+05:45	2021-05-23 09:54:07.130741+05:45	273	2021-05-23 09:54:07.13199+05:45	\N	~	110	2	\N
109	\N	Male				\N		t	2021-05-23 09:54:07.12842+05:45	2021-05-23 09:54:07.142844+05:45	274	2021-05-23 09:54:07.143894+05:45	\N	~	110	2	\N
110	\N	Male				\N		t	2021-05-23 09:54:07.315141+05:45	2021-05-23 09:54:07.315155+05:45	275	2021-05-23 09:54:07.316009+05:45	\N	+	111	2	\N
110	\N	Male				\N		t	2021-05-23 09:54:07.315141+05:45	2021-05-23 09:54:07.318987+05:45	276	2021-05-23 09:54:07.320393+05:45	\N	~	111	2	\N
111	\N	Male				\N		t	2021-05-23 09:54:07.494042+05:45	2021-05-23 09:54:07.494063+05:45	277	2021-05-23 09:54:07.495023+05:45	\N	+	112	2	\N
111	\N	Male				\N		t	2021-05-23 09:54:07.494042+05:45	2021-05-23 09:54:07.496514+05:45	278	2021-05-23 09:54:07.497731+05:45	\N	~	112	2	\N
111	\N	Male				\N		t	2021-05-23 09:54:07.494042+05:45	2021-05-23 09:54:07.509046+05:45	279	2021-05-23 09:54:07.510118+05:45	\N	~	112	2	\N
112	\N	Male				\N		t	2021-05-23 09:54:07.679151+05:45	2021-05-23 09:54:07.679166+05:45	280	2021-05-23 09:54:07.680008+05:45	\N	+	113	2	\N
112	\N	Male				\N		t	2021-05-23 09:54:07.679151+05:45	2021-05-23 09:54:07.68281+05:45	281	2021-05-23 09:54:07.68395+05:45	\N	~	113	2	\N
113	\N	Male				\N		t	2021-05-23 09:54:07.850714+05:45	2021-05-23 09:54:07.850735+05:45	282	2021-05-23 09:54:07.851582+05:45	\N	+	114	2	\N
113	\N	Male				\N		t	2021-05-23 09:54:07.850714+05:45	2021-05-23 09:54:07.852977+05:45	283	2021-05-23 09:54:07.854144+05:45	\N	~	114	2	\N
113	\N	Male				\N		t	2021-05-23 09:54:07.850714+05:45	2021-05-23 09:54:07.865+05:45	284	2021-05-23 09:54:07.866126+05:45	\N	~	114	2	\N
114	\N	Male				\N		t	2021-05-23 09:54:08.039687+05:45	2021-05-23 09:54:08.0397+05:45	285	2021-05-23 09:54:08.040437+05:45	\N	+	115	2	\N
114	\N	Male				\N		t	2021-05-23 09:54:08.039687+05:45	2021-05-23 09:54:08.043069+05:45	286	2021-05-23 09:54:08.04416+05:45	\N	~	115	2	\N
115	\N	Male				\N		t	2021-05-23 09:54:08.226641+05:45	2021-05-23 09:54:08.226661+05:45	287	2021-05-23 09:54:08.230664+05:45	\N	+	116	2	\N
115	\N	Male				\N		t	2021-05-23 09:54:08.226641+05:45	2021-05-23 09:54:08.233129+05:45	288	2021-05-23 09:54:08.236105+05:45	\N	~	116	2	\N
115	\N	Male				\N		t	2021-05-23 09:54:08.226641+05:45	2021-05-23 09:54:08.249266+05:45	289	2021-05-23 09:54:08.250421+05:45	\N	~	116	2	\N
116	\N	Male				\N		t	2021-05-23 09:54:08.421804+05:45	2021-05-23 09:54:08.421821+05:45	290	2021-05-23 09:54:08.422599+05:45	\N	+	117	2	\N
116	\N	Male				\N		t	2021-05-23 09:54:08.421804+05:45	2021-05-23 09:54:08.425222+05:45	291	2021-05-23 09:54:08.426422+05:45	\N	~	117	2	\N
117	\N	Male				\N		t	2021-05-23 09:54:08.596605+05:45	2021-05-23 09:54:08.596626+05:45	292	2021-05-23 09:54:08.597776+05:45	\N	+	118	2	\N
117	\N	Male				\N		t	2021-05-23 09:54:08.596605+05:45	2021-05-23 09:54:08.599239+05:45	293	2021-05-23 09:54:08.600493+05:45	\N	~	118	2	\N
117	\N	Male				\N		t	2021-05-23 09:54:08.596605+05:45	2021-05-23 09:54:08.611789+05:45	294	2021-05-23 09:54:08.612873+05:45	\N	~	118	2	\N
118	\N	Male				\N		t	2021-05-23 09:54:08.785631+05:45	2021-05-23 09:54:08.785645+05:45	295	2021-05-23 09:54:08.786427+05:45	\N	+	119	2	\N
118	\N	Male				\N		t	2021-05-23 09:54:08.785631+05:45	2021-05-23 09:54:08.789166+05:45	296	2021-05-23 09:54:08.790246+05:45	\N	~	119	2	\N
119	\N	Male				\N		t	2021-05-23 09:54:08.956582+05:45	2021-05-23 09:54:08.956602+05:45	297	2021-05-23 09:54:08.957638+05:45	\N	+	120	2	\N
119	\N	Male				\N		t	2021-05-23 09:54:08.956582+05:45	2021-05-23 09:54:08.958998+05:45	298	2021-05-23 09:54:08.960206+05:45	\N	~	120	2	\N
119	\N	Male				\N		t	2021-05-23 09:54:08.956582+05:45	2021-05-23 09:54:08.971818+05:45	299	2021-05-23 09:54:08.97288+05:45	\N	~	120	2	\N
120	\N	Male				\N		t	2021-05-23 09:54:09.15954+05:45	2021-05-23 09:54:09.159554+05:45	300	2021-05-23 09:54:09.160317+05:45	\N	+	121	2	\N
120	\N	Male				\N		t	2021-05-23 09:54:09.15954+05:45	2021-05-23 09:54:09.163024+05:45	301	2021-05-23 09:54:09.164144+05:45	\N	~	121	2	\N
121	\N	Male				\N		t	2021-05-23 09:54:09.352831+05:45	2021-05-23 09:54:09.352851+05:45	302	2021-05-23 09:54:09.353683+05:45	\N	+	122	2	\N
121	\N	Male				\N		t	2021-05-23 09:54:09.352831+05:45	2021-05-23 09:54:09.355133+05:45	303	2021-05-23 09:54:09.356309+05:45	\N	~	122	2	\N
121	\N	Male				\N		t	2021-05-23 09:54:09.352831+05:45	2021-05-23 09:54:09.367285+05:45	304	2021-05-23 09:54:09.368346+05:45	\N	~	122	2	\N
122	\N	Male				\N		t	2021-05-23 09:54:09.562511+05:45	2021-05-23 09:54:09.562532+05:45	305	2021-05-23 09:54:09.563443+05:45	\N	+	123	2	\N
122	\N	Male				\N		t	2021-05-23 09:54:09.562511+05:45	2021-05-23 09:54:09.566786+05:45	306	2021-05-23 09:54:09.568225+05:45	\N	~	123	2	\N
123	\N	Male				\N		t	2021-05-23 09:54:09.74641+05:45	2021-05-23 09:54:09.74643+05:45	307	2021-05-23 09:54:09.747255+05:45	\N	+	124	2	\N
123	\N	Male				\N		t	2021-05-23 09:54:09.74641+05:45	2021-05-23 09:54:09.748581+05:45	308	2021-05-23 09:54:09.749757+05:45	\N	~	124	2	\N
123	\N	Male				\N		t	2021-05-23 09:54:09.74641+05:45	2021-05-23 09:54:09.76048+05:45	309	2021-05-23 09:54:09.761613+05:45	\N	~	124	2	\N
124	\N	Male				\N		t	2021-05-23 09:54:09.932447+05:45	2021-05-23 09:54:09.932462+05:45	310	2021-05-23 09:54:09.933222+05:45	\N	+	125	2	\N
124	\N	Male				\N		t	2021-05-23 09:54:09.932447+05:45	2021-05-23 09:54:09.936966+05:45	311	2021-05-23 09:54:09.938032+05:45	\N	~	125	2	\N
125	\N	Male				\N		t	2021-05-23 09:54:10.110682+05:45	2021-05-23 09:54:10.110704+05:45	312	2021-05-23 09:54:10.111625+05:45	\N	+	126	2	\N
125	\N	Male				\N		t	2021-05-23 09:54:10.110682+05:45	2021-05-23 09:54:10.113047+05:45	313	2021-05-23 09:54:10.114218+05:45	\N	~	126	2	\N
125	\N	Male				\N		t	2021-05-23 09:54:10.110682+05:45	2021-05-23 09:54:10.125304+05:45	314	2021-05-23 09:54:10.126329+05:45	\N	~	126	2	\N
126	\N	Male				\N		t	2021-05-23 09:54:10.297796+05:45	2021-05-23 09:54:10.29781+05:45	315	2021-05-23 09:54:10.298728+05:45	\N	+	127	2	\N
126	\N	Male				\N		t	2021-05-23 09:54:10.297796+05:45	2021-05-23 09:54:10.30156+05:45	316	2021-05-23 09:54:10.30266+05:45	\N	~	127	2	\N
127	\N	Male				\N		t	2021-05-23 09:54:10.470724+05:45	2021-05-23 09:54:10.470745+05:45	317	2021-05-23 09:54:10.471652+05:45	\N	+	128	2	\N
127	\N	Male				\N		t	2021-05-23 09:54:10.470724+05:45	2021-05-23 09:54:10.473087+05:45	318	2021-05-23 09:54:10.47423+05:45	\N	~	128	2	\N
127	\N	Male				\N		t	2021-05-23 09:54:10.470724+05:45	2021-05-23 09:54:10.485385+05:45	319	2021-05-23 09:54:10.486449+05:45	\N	~	128	2	\N
128	\N	Male				\N		t	2021-05-23 09:54:10.653887+05:45	2021-05-23 09:54:10.653905+05:45	320	2021-05-23 09:54:10.654669+05:45	\N	+	129	2	\N
128	\N	Male				\N		t	2021-05-23 09:54:10.653887+05:45	2021-05-23 09:54:10.65728+05:45	321	2021-05-23 09:54:10.658348+05:45	\N	~	129	2	\N
129	\N	Male				\N		t	2021-05-23 09:54:10.824282+05:45	2021-05-23 09:54:10.824303+05:45	322	2021-05-23 09:54:10.825198+05:45	\N	+	130	2	\N
129	\N	Male				\N		t	2021-05-23 09:54:10.824282+05:45	2021-05-23 09:54:10.82652+05:45	323	2021-05-23 09:54:10.827674+05:45	\N	~	130	2	\N
129	\N	Male				\N		t	2021-05-23 09:54:10.824282+05:45	2021-05-23 09:54:10.838632+05:45	324	2021-05-23 09:54:10.839663+05:45	\N	~	130	2	\N
130	\N	Male				\N		t	2021-05-23 09:54:11.008386+05:45	2021-05-23 09:54:11.0084+05:45	325	2021-05-23 09:54:11.009234+05:45	\N	+	131	2	\N
130	\N	Male				\N		t	2021-05-23 09:54:11.008386+05:45	2021-05-23 09:54:11.012316+05:45	326	2021-05-23 09:54:11.013447+05:45	\N	~	131	2	\N
131	\N	Male				\N		t	2021-05-23 09:54:11.180114+05:45	2021-05-23 09:54:11.180134+05:45	327	2021-05-23 09:54:11.181161+05:45	\N	+	132	2	\N
131	\N	Male				\N		t	2021-05-23 09:54:11.180114+05:45	2021-05-23 09:54:11.182561+05:45	328	2021-05-23 09:54:11.183774+05:45	\N	~	132	2	\N
131	\N	Male				\N		t	2021-05-23 09:54:11.180114+05:45	2021-05-23 09:54:11.194643+05:45	329	2021-05-23 09:54:11.195692+05:45	\N	~	132	2	\N
132	\N	Male				\N		t	2021-05-23 09:54:11.371257+05:45	2021-05-23 09:54:11.371275+05:45	330	2021-05-23 09:54:11.372124+05:45	\N	+	133	2	\N
132	\N	Male				\N		t	2021-05-23 09:54:11.371257+05:45	2021-05-23 09:54:11.374809+05:45	331	2021-05-23 09:54:11.375973+05:45	\N	~	133	2	\N
133	\N	Male				\N		t	2021-05-23 09:54:11.545267+05:45	2021-05-23 09:54:11.545287+05:45	332	2021-05-23 09:54:11.546145+05:45	\N	+	134	2	\N
133	\N	Male				\N		t	2021-05-23 09:54:11.545267+05:45	2021-05-23 09:54:11.5476+05:45	333	2021-05-23 09:54:11.548847+05:45	\N	~	134	2	\N
133	\N	Male				\N		t	2021-05-23 09:54:11.545267+05:45	2021-05-23 09:54:11.560699+05:45	334	2021-05-23 09:54:11.561952+05:45	\N	~	134	2	\N
134	\N	Male				\N		t	2021-05-23 09:54:11.730825+05:45	2021-05-23 09:54:11.730839+05:45	335	2021-05-23 09:54:11.7317+05:45	\N	+	135	2	\N
134	\N	Male				\N		t	2021-05-23 09:54:11.730825+05:45	2021-05-23 09:54:11.734393+05:45	336	2021-05-23 09:54:11.735545+05:45	\N	~	135	2	\N
135	\N	Male				\N		t	2021-05-23 09:54:11.90286+05:45	2021-05-23 09:54:11.90288+05:45	337	2021-05-23 09:54:11.903846+05:45	\N	+	136	2	\N
135	\N	Male				\N		t	2021-05-23 09:54:11.90286+05:45	2021-05-23 09:54:11.905363+05:45	338	2021-05-23 09:54:11.906543+05:45	\N	~	136	2	\N
135	\N	Male				\N		t	2021-05-23 09:54:11.90286+05:45	2021-05-23 09:54:11.91747+05:45	339	2021-05-23 09:54:11.91859+05:45	\N	~	136	2	\N
136	\N	Male				\N		t	2021-05-23 09:54:12.092452+05:45	2021-05-23 09:54:12.092478+05:45	340	2021-05-23 09:54:12.093614+05:45	\N	+	137	2	\N
136	\N	Male				\N		t	2021-05-23 09:54:12.092452+05:45	2021-05-23 09:54:12.097825+05:45	341	2021-05-23 09:54:12.099581+05:45	\N	~	137	2	\N
137	\N	Male				\N		t	2021-05-23 09:54:12.275276+05:45	2021-05-23 09:54:12.275297+05:45	342	2021-05-23 09:54:12.276308+05:45	\N	+	138	2	\N
137	\N	Male				\N		t	2021-05-23 09:54:12.275276+05:45	2021-05-23 09:54:12.277822+05:45	343	2021-05-23 09:54:12.279129+05:45	\N	~	138	2	\N
137	\N	Male				\N		t	2021-05-23 09:54:12.275276+05:45	2021-05-23 09:54:12.291241+05:45	344	2021-05-23 09:54:12.292584+05:45	\N	~	138	2	\N
138	\N	Male				\N		t	2021-05-23 09:54:12.462487+05:45	2021-05-23 09:54:12.462501+05:45	345	2021-05-23 09:54:12.463221+05:45	\N	+	139	2	\N
138	\N	Male				\N		t	2021-05-23 09:54:12.462487+05:45	2021-05-23 09:54:12.465853+05:45	346	2021-05-23 09:54:12.466938+05:45	\N	~	139	2	\N
139	\N	Male				\N		t	2021-05-23 09:54:12.634725+05:45	2021-05-23 09:54:12.634746+05:45	347	2021-05-23 09:54:12.635569+05:45	\N	+	140	2	\N
139	\N	Male				\N		t	2021-05-23 09:54:12.634725+05:45	2021-05-23 09:54:12.636934+05:45	348	2021-05-23 09:54:12.638089+05:45	\N	~	140	2	\N
139	\N	Male				\N		t	2021-05-23 09:54:12.634725+05:45	2021-05-23 09:54:12.649136+05:45	349	2021-05-23 09:54:12.650243+05:45	\N	~	140	2	\N
140	\N	Male				\N		t	2021-05-23 09:54:12.818013+05:45	2021-05-23 09:54:12.818033+05:45	350	2021-05-23 09:54:12.818903+05:45	\N	+	141	2	\N
140	\N	Male				\N		t	2021-05-23 09:54:12.818013+05:45	2021-05-23 09:54:12.82218+05:45	351	2021-05-23 09:54:12.82333+05:45	\N	~	141	2	\N
141	\N	Male				\N		t	2021-05-23 09:54:12.996342+05:45	2021-05-23 09:54:12.996364+05:45	352	2021-05-23 09:54:12.997305+05:45	\N	+	142	2	\N
141	\N	Male				\N		t	2021-05-23 09:54:12.996342+05:45	2021-05-23 09:54:12.998795+05:45	353	2021-05-23 09:54:13.000073+05:45	\N	~	142	2	\N
141	\N	Male				\N		t	2021-05-23 09:54:12.996342+05:45	2021-05-23 09:54:13.011415+05:45	354	2021-05-23 09:54:13.012494+05:45	\N	~	142	2	\N
142	\N	Male				\N		t	2021-05-23 09:54:13.197582+05:45	2021-05-23 09:54:13.197596+05:45	355	2021-05-23 09:54:13.198398+05:45	\N	+	143	2	\N
142	\N	Male				\N		t	2021-05-23 09:54:13.197582+05:45	2021-05-23 09:54:13.201143+05:45	356	2021-05-23 09:54:13.202339+05:45	\N	~	143	2	\N
143	\N	Male				\N		t	2021-05-23 09:54:13.373415+05:45	2021-05-23 09:54:13.373441+05:45	357	2021-05-23 09:54:13.374335+05:45	\N	+	144	2	\N
143	\N	Male				\N		t	2021-05-23 09:54:13.373415+05:45	2021-05-23 09:54:13.375699+05:45	358	2021-05-23 09:54:13.376875+05:45	\N	~	144	2	\N
143	\N	Male				\N		t	2021-05-23 09:54:13.373415+05:45	2021-05-23 09:54:13.388062+05:45	359	2021-05-23 09:54:13.38908+05:45	\N	~	144	2	\N
144	\N	Male				\N		t	2021-05-23 09:54:13.558504+05:45	2021-05-23 09:54:13.558518+05:45	360	2021-05-23 09:54:13.559213+05:45	\N	+	145	2	\N
144	\N	Male				\N		t	2021-05-23 09:54:13.558504+05:45	2021-05-23 09:54:13.561819+05:45	361	2021-05-23 09:54:13.562962+05:45	\N	~	145	2	\N
145	\N	Male				\N		t	2021-05-23 09:54:13.730642+05:45	2021-05-23 09:54:13.730663+05:45	362	2021-05-23 09:54:13.731567+05:45	\N	+	146	2	\N
145	\N	Male				\N		t	2021-05-23 09:54:13.730642+05:45	2021-05-23 09:54:13.732844+05:45	363	2021-05-23 09:54:13.733992+05:45	\N	~	146	2	\N
145	\N	Male				\N		t	2021-05-23 09:54:13.730642+05:45	2021-05-23 09:54:13.744892+05:45	364	2021-05-23 09:54:13.745974+05:45	\N	~	146	2	\N
146	\N	Male				\N		t	2021-05-23 09:54:13.917522+05:45	2021-05-23 09:54:13.917539+05:45	365	2021-05-23 09:54:13.918299+05:45	\N	+	147	2	\N
146	\N	Male				\N		t	2021-05-23 09:54:13.917522+05:45	2021-05-23 09:54:13.92111+05:45	366	2021-05-23 09:54:13.922269+05:45	\N	~	147	2	\N
147	\N	Male				\N		t	2021-05-23 09:54:14.091956+05:45	2021-05-23 09:54:14.091977+05:45	367	2021-05-23 09:54:14.093116+05:45	\N	+	148	2	\N
147	\N	Male				\N		t	2021-05-23 09:54:14.091956+05:45	2021-05-23 09:54:14.094604+05:45	368	2021-05-23 09:54:14.095778+05:45	\N	~	148	2	\N
147	\N	Male				\N		t	2021-05-23 09:54:14.091956+05:45	2021-05-23 09:54:14.115742+05:45	369	2021-05-23 09:54:14.117097+05:45	\N	~	148	2	\N
148	\N	Male				\N		t	2021-05-23 09:54:14.337095+05:45	2021-05-23 09:54:14.337111+05:45	370	2021-05-23 09:54:14.33796+05:45	\N	+	149	2	\N
148	\N	Male				\N		t	2021-05-23 09:54:14.337095+05:45	2021-05-23 09:54:14.340661+05:45	371	2021-05-23 09:54:14.341764+05:45	\N	~	149	2	\N
149	\N	Male				\N		t	2021-05-23 09:54:14.516654+05:45	2021-05-23 09:54:14.516676+05:45	372	2021-05-23 09:54:14.517622+05:45	\N	+	150	2	\N
149	\N	Male				\N		t	2021-05-23 09:54:14.516654+05:45	2021-05-23 09:54:14.519085+05:45	373	2021-05-23 09:54:14.520413+05:45	\N	~	150	2	\N
149	\N	Male				\N		t	2021-05-23 09:54:14.516654+05:45	2021-05-23 09:54:14.531769+05:45	374	2021-05-23 09:54:14.532851+05:45	\N	~	150	2	\N
150	\N	Male				\N		t	2021-05-23 09:54:14.70283+05:45	2021-05-23 09:54:14.702845+05:45	375	2021-05-23 09:54:14.703714+05:45	\N	+	151	2	\N
150	\N	Male				\N		t	2021-05-23 09:54:14.70283+05:45	2021-05-23 09:54:14.706587+05:45	376	2021-05-23 09:54:14.707844+05:45	\N	~	151	2	\N
151	\N	Male				\N		t	2021-05-23 09:54:14.877722+05:45	2021-05-23 09:54:14.877742+05:45	377	2021-05-23 09:54:14.878638+05:45	\N	+	152	2	\N
151	\N	Male				\N		t	2021-05-23 09:54:14.877722+05:45	2021-05-23 09:54:14.880063+05:45	378	2021-05-23 09:54:14.881281+05:45	\N	~	152	2	\N
151	\N	Male				\N		t	2021-05-23 09:54:14.877722+05:45	2021-05-23 09:54:14.892428+05:45	379	2021-05-23 09:54:14.893623+05:45	\N	~	152	2	\N
152	\N	Male				\N		t	2021-05-23 09:54:15.064183+05:45	2021-05-23 09:54:15.064198+05:45	380	2021-05-23 09:54:15.065041+05:45	\N	+	153	2	\N
152	\N	Male				\N		t	2021-05-23 09:54:15.064183+05:45	2021-05-23 09:54:15.067711+05:45	381	2021-05-23 09:54:15.068836+05:45	\N	~	153	2	\N
153	\N	Male				\N		t	2021-05-23 09:54:15.251277+05:45	2021-05-23 09:54:15.251296+05:45	382	2021-05-23 09:54:15.252849+05:45	\N	+	154	2	\N
153	\N	Male				\N		t	2021-05-23 09:54:15.251277+05:45	2021-05-23 09:54:15.254327+05:45	383	2021-05-23 09:54:15.255539+05:45	\N	~	154	2	\N
153	\N	Male				\N		t	2021-05-23 09:54:15.251277+05:45	2021-05-23 09:54:15.266609+05:45	384	2021-05-23 09:54:15.267634+05:45	\N	~	154	2	\N
154	\N	Male				\N		t	2021-05-23 09:54:15.434883+05:45	2021-05-23 09:54:15.434897+05:45	385	2021-05-23 09:54:15.435693+05:45	\N	+	155	2	\N
154	\N	Male				\N		t	2021-05-23 09:54:15.434883+05:45	2021-05-23 09:54:15.438346+05:45	386	2021-05-23 09:54:15.439483+05:45	\N	~	155	2	\N
155	\N	Male				\N		t	2021-05-23 09:54:15.606606+05:45	2021-05-23 09:54:15.606627+05:45	387	2021-05-23 09:54:15.607596+05:45	\N	+	156	2	\N
155	\N	Male				\N		t	2021-05-23 09:54:15.606606+05:45	2021-05-23 09:54:15.608945+05:45	388	2021-05-23 09:54:15.61012+05:45	\N	~	156	2	\N
155	\N	Male				\N		t	2021-05-23 09:54:15.606606+05:45	2021-05-23 09:54:15.62094+05:45	389	2021-05-23 09:54:15.622027+05:45	\N	~	156	2	\N
156	\N	Male				\N		t	2021-05-23 09:54:15.792482+05:45	2021-05-23 09:54:15.7925+05:45	390	2021-05-23 09:54:15.793248+05:45	\N	+	157	2	\N
156	\N	Male				\N		t	2021-05-23 09:54:15.792482+05:45	2021-05-23 09:54:15.796514+05:45	391	2021-05-23 09:54:15.797662+05:45	\N	~	157	2	\N
157	\N	Male				\N		t	2021-05-23 09:54:15.996869+05:45	2021-05-23 09:54:15.996891+05:45	392	2021-05-23 09:54:15.997786+05:45	\N	+	158	2	\N
157	\N	Male				\N		t	2021-05-23 09:54:15.996869+05:45	2021-05-23 09:54:15.999117+05:45	393	2021-05-23 09:54:16.00026+05:45	\N	~	158	2	\N
157	\N	Male				\N		t	2021-05-23 09:54:15.996869+05:45	2021-05-23 09:54:16.011424+05:45	394	2021-05-23 09:54:16.012721+05:45	\N	~	158	2	\N
158	\N	Male				\N		t	2021-05-23 09:54:16.197853+05:45	2021-05-23 09:54:16.197869+05:45	395	2021-05-23 09:54:16.198725+05:45	\N	+	159	2	\N
158	\N	Male				\N		t	2021-05-23 09:54:16.197853+05:45	2021-05-23 09:54:16.201807+05:45	396	2021-05-23 09:54:16.203047+05:45	\N	~	159	2	\N
159	\N	Male				\N		t	2021-05-23 09:54:16.375764+05:45	2021-05-23 09:54:16.375808+05:45	397	2021-05-23 09:54:16.377404+05:45	\N	+	160	2	\N
159	\N	Male				\N		t	2021-05-23 09:54:16.375764+05:45	2021-05-23 09:54:16.38053+05:45	398	2021-05-23 09:54:16.382559+05:45	\N	~	160	2	\N
159	\N	Male				\N		t	2021-05-23 09:54:16.375764+05:45	2021-05-23 09:54:16.393285+05:45	399	2021-05-23 09:54:16.394304+05:45	\N	~	160	2	\N
160	\N	Male				\N		t	2021-05-23 09:54:16.561163+05:45	2021-05-23 09:54:16.561177+05:45	400	2021-05-23 09:54:16.561976+05:45	\N	+	161	2	\N
160	\N	Male				\N		t	2021-05-23 09:54:16.561163+05:45	2021-05-23 09:54:16.564514+05:45	401	2021-05-23 09:54:16.565512+05:45	\N	~	161	2	\N
161	\N	Male				\N		t	2021-05-23 09:54:16.733732+05:45	2021-05-23 09:54:16.733753+05:45	402	2021-05-23 09:54:16.73461+05:45	\N	+	162	2	\N
161	\N	Male				\N		t	2021-05-23 09:54:16.733732+05:45	2021-05-23 09:54:16.736035+05:45	403	2021-05-23 09:54:16.737197+05:45	\N	~	162	2	\N
161	\N	Male				\N		t	2021-05-23 09:54:16.733732+05:45	2021-05-23 09:54:16.748048+05:45	404	2021-05-23 09:54:16.749102+05:45	\N	~	162	2	\N
162	\N	Male				\N		t	2021-05-23 09:54:16.91967+05:45	2021-05-23 09:54:16.919685+05:45	405	2021-05-23 09:54:16.920527+05:45	\N	+	163	2	\N
162	\N	Male				\N		t	2021-05-23 09:54:16.91967+05:45	2021-05-23 09:54:16.923199+05:45	406	2021-05-23 09:54:16.924259+05:45	\N	~	163	2	\N
163	\N	Male				\N		t	2021-05-23 09:54:17.093696+05:45	2021-05-23 09:54:17.093718+05:45	407	2021-05-23 09:54:17.094585+05:45	\N	+	164	2	\N
163	\N	Male				\N		t	2021-05-23 09:54:17.093696+05:45	2021-05-23 09:54:17.096025+05:45	408	2021-05-23 09:54:17.097165+05:45	\N	~	164	2	\N
163	\N	Male				\N		t	2021-05-23 09:54:17.093696+05:45	2021-05-23 09:54:17.108774+05:45	409	2021-05-23 09:54:17.109829+05:45	\N	~	164	2	\N
164	\N	Male				\N		t	2021-05-23 09:54:17.295122+05:45	2021-05-23 09:54:17.29514+05:45	410	2021-05-23 09:54:17.295935+05:45	\N	+	165	2	\N
164	\N	Male				\N		t	2021-05-23 09:54:17.295122+05:45	2021-05-23 09:54:17.298608+05:45	411	2021-05-23 09:54:17.299696+05:45	\N	~	165	2	\N
165	\N	Male				\N		t	2021-05-23 09:54:17.466296+05:45	2021-05-23 09:54:17.466314+05:45	412	2021-05-23 09:54:17.468313+05:45	\N	+	166	2	\N
165	\N	Male				\N		t	2021-05-23 09:54:17.466296+05:45	2021-05-23 09:54:17.471374+05:45	413	2021-05-23 09:54:17.473902+05:45	\N	~	166	2	\N
165	\N	Male				\N		t	2021-05-23 09:54:17.466296+05:45	2021-05-23 09:54:17.486371+05:45	414	2021-05-23 09:54:17.487374+05:45	\N	~	166	2	\N
166	\N	Male				\N		t	2021-05-23 09:54:17.668777+05:45	2021-05-23 09:54:17.668816+05:45	415	2021-05-23 09:54:17.670263+05:45	\N	+	167	2	\N
166	\N	Male				\N		t	2021-05-23 09:54:17.668777+05:45	2021-05-23 09:54:17.674009+05:45	416	2021-05-23 09:54:17.675116+05:45	\N	~	167	2	\N
167	\N	Male				\N		t	2021-05-23 09:54:17.846112+05:45	2021-05-23 09:54:17.846133+05:45	417	2021-05-23 09:54:17.847372+05:45	\N	+	168	2	\N
167	\N	Male				\N		t	2021-05-23 09:54:17.846112+05:45	2021-05-23 09:54:17.848846+05:45	418	2021-05-23 09:54:17.852139+05:45	\N	~	168	2	\N
167	\N	Male				\N		t	2021-05-23 09:54:17.846112+05:45	2021-05-23 09:54:17.866014+05:45	419	2021-05-23 09:54:17.867096+05:45	\N	~	168	2	\N
168	\N	Male				\N		t	2021-05-23 09:54:18.036109+05:45	2021-05-23 09:54:18.036128+05:45	420	2021-05-23 09:54:18.036998+05:45	\N	+	169	2	\N
168	\N	Male				\N		t	2021-05-23 09:54:18.036109+05:45	2021-05-23 09:54:18.03966+05:45	421	2021-05-23 09:54:18.040868+05:45	\N	~	169	2	\N
169	\N	Male				\N		t	2021-05-23 09:54:18.210653+05:45	2021-05-23 09:54:18.210676+05:45	422	2021-05-23 09:54:18.211698+05:45	\N	+	170	2	\N
169	\N	Male				\N		t	2021-05-23 09:54:18.210653+05:45	2021-05-23 09:54:18.213245+05:45	423	2021-05-23 09:54:18.214483+05:45	\N	~	170	2	\N
169	\N	Male				\N		t	2021-05-23 09:54:18.210653+05:45	2021-05-23 09:54:18.229429+05:45	424	2021-05-23 09:54:18.236205+05:45	\N	~	170	2	\N
170	\N	Male				\N		t	2021-05-23 09:54:18.414776+05:45	2021-05-23 09:54:18.41479+05:45	425	2021-05-23 09:54:18.415729+05:45	\N	+	171	2	\N
170	\N	Male				\N		t	2021-05-23 09:54:18.414776+05:45	2021-05-23 09:54:18.418835+05:45	426	2021-05-23 09:54:18.420122+05:45	\N	~	171	2	\N
171	\N	Male				\N		t	2021-05-23 09:54:18.588155+05:45	2021-05-23 09:54:18.588177+05:45	427	2021-05-23 09:54:18.589143+05:45	\N	+	172	2	\N
171	\N	Male				\N		t	2021-05-23 09:54:18.588155+05:45	2021-05-23 09:54:18.590622+05:45	428	2021-05-23 09:54:18.591966+05:45	\N	~	172	2	\N
171	\N	Male				\N		t	2021-05-23 09:54:18.588155+05:45	2021-05-23 09:54:18.602994+05:45	429	2021-05-23 09:54:18.604151+05:45	\N	~	172	2	\N
172	\N	Male				\N		t	2021-05-23 09:54:18.772201+05:45	2021-05-23 09:54:18.772216+05:45	430	2021-05-23 09:54:18.773246+05:45	\N	+	173	2	\N
172	\N	Male				\N		t	2021-05-23 09:54:18.772201+05:45	2021-05-23 09:54:18.776057+05:45	431	2021-05-23 09:54:18.777811+05:45	\N	~	173	2	\N
173	\N	Male				\N		t	2021-05-23 09:54:18.944597+05:45	2021-05-23 09:54:18.944618+05:45	432	2021-05-23 09:54:18.945525+05:45	\N	+	174	2	\N
173	\N	Male				\N		t	2021-05-23 09:54:18.944597+05:45	2021-05-23 09:54:18.946995+05:45	433	2021-05-23 09:54:18.948307+05:45	\N	~	174	2	\N
173	\N	Male				\N		t	2021-05-23 09:54:18.944597+05:45	2021-05-23 09:54:18.959286+05:45	434	2021-05-23 09:54:18.960335+05:45	\N	~	174	2	\N
174	\N	Male				\N		t	2021-05-23 09:54:19.129891+05:45	2021-05-23 09:54:19.129905+05:45	435	2021-05-23 09:54:19.130643+05:45	\N	+	175	2	\N
174	\N	Male				\N		t	2021-05-23 09:54:19.129891+05:45	2021-05-23 09:54:19.133259+05:45	436	2021-05-23 09:54:19.134457+05:45	\N	~	175	2	\N
175	\N	Male				\N		t	2021-05-23 09:54:19.309365+05:45	2021-05-23 09:54:19.309385+05:45	437	2021-05-23 09:54:19.310474+05:45	\N	+	176	2	\N
175	\N	Male				\N		t	2021-05-23 09:54:19.309365+05:45	2021-05-23 09:54:19.311963+05:45	438	2021-05-23 09:54:19.313216+05:45	\N	~	176	2	\N
175	\N	Male				\N		t	2021-05-23 09:54:19.309365+05:45	2021-05-23 09:54:19.326391+05:45	439	2021-05-23 09:54:19.327521+05:45	\N	~	176	2	\N
176	\N	Male				\N		t	2021-05-23 09:54:19.497866+05:45	2021-05-23 09:54:19.49788+05:45	440	2021-05-23 09:54:19.498601+05:45	\N	+	177	2	\N
176	\N	Male				\N		t	2021-05-23 09:54:19.497866+05:45	2021-05-23 09:54:19.501253+05:45	441	2021-05-23 09:54:19.502342+05:45	\N	~	177	2	\N
177	\N	Male				\N		t	2021-05-23 09:54:19.668377+05:45	2021-05-23 09:54:19.668397+05:45	442	2021-05-23 09:54:19.669207+05:45	\N	+	178	2	\N
177	\N	Male				\N		t	2021-05-23 09:54:19.668377+05:45	2021-05-23 09:54:19.670547+05:45	443	2021-05-23 09:54:19.671746+05:45	\N	~	178	2	\N
177	\N	Male				\N		t	2021-05-23 09:54:19.668377+05:45	2021-05-23 09:54:19.682489+05:45	444	2021-05-23 09:54:19.683687+05:45	\N	~	178	2	\N
178	\N	Male				\N		t	2021-05-23 09:54:19.852526+05:45	2021-05-23 09:54:19.852541+05:45	445	2021-05-23 09:54:19.853261+05:45	\N	+	179	2	\N
178	\N	Male				\N		t	2021-05-23 09:54:19.852526+05:45	2021-05-23 09:54:19.855875+05:45	446	2021-05-23 09:54:19.857098+05:45	\N	~	179	2	\N
179	\N	Male				\N		t	2021-05-23 09:54:20.024459+05:45	2021-05-23 09:54:20.024481+05:45	447	2021-05-23 09:54:20.025928+05:45	\N	+	180	2	\N
179	\N	Male				\N		t	2021-05-23 09:54:20.024459+05:45	2021-05-23 09:54:20.027369+05:45	448	2021-05-23 09:54:20.028604+05:45	\N	~	180	2	\N
179	\N	Male				\N		t	2021-05-23 09:54:20.024459+05:45	2021-05-23 09:54:20.039615+05:45	449	2021-05-23 09:54:20.040692+05:45	\N	~	180	2	\N
180	\N	Male				\N		t	2021-05-23 09:54:20.208231+05:45	2021-05-23 09:54:20.208244+05:45	450	2021-05-23 09:54:20.209194+05:45	\N	+	181	2	\N
180	\N	Male				\N		t	2021-05-23 09:54:20.208231+05:45	2021-05-23 09:54:20.212115+05:45	451	2021-05-23 09:54:20.213252+05:45	\N	~	181	2	\N
181	\N	Male				\N		t	2021-05-23 09:54:20.390388+05:45	2021-05-23 09:54:20.390408+05:45	452	2021-05-23 09:54:20.391304+05:45	\N	+	182	2	\N
181	\N	Male				\N		t	2021-05-23 09:54:20.390388+05:45	2021-05-23 09:54:20.39277+05:45	453	2021-05-23 09:54:20.393906+05:45	\N	~	182	2	\N
181	\N	Male				\N		t	2021-05-23 09:54:20.390388+05:45	2021-05-23 09:54:20.405618+05:45	454	2021-05-23 09:54:20.406686+05:45	\N	~	182	2	\N
182	\N	Male				\N		t	2021-05-23 09:54:20.58436+05:45	2021-05-23 09:54:20.584378+05:45	455	2021-05-23 09:54:20.585234+05:45	\N	+	183	2	\N
182	\N	Male				\N		t	2021-05-23 09:54:20.58436+05:45	2021-05-23 09:54:20.588013+05:45	456	2021-05-23 09:54:20.589172+05:45	\N	~	183	2	\N
183	\N	Male				\N		t	2021-05-23 09:54:20.756126+05:45	2021-05-23 09:54:20.756147+05:45	457	2021-05-23 09:54:20.757111+05:45	\N	+	184	2	\N
183	\N	Male				\N		t	2021-05-23 09:54:20.756126+05:45	2021-05-23 09:54:20.758536+05:45	458	2021-05-23 09:54:20.759767+05:45	\N	~	184	2	\N
183	\N	Male				\N		t	2021-05-23 09:54:20.756126+05:45	2021-05-23 09:54:20.770933+05:45	459	2021-05-23 09:54:20.772093+05:45	\N	~	184	2	\N
184	\N	Male				\N		t	2021-05-23 09:54:20.940243+05:45	2021-05-23 09:54:20.940258+05:45	460	2021-05-23 09:54:20.941065+05:45	\N	+	185	2	\N
184	\N	Male				\N		t	2021-05-23 09:54:20.940243+05:45	2021-05-23 09:54:20.943954+05:45	461	2021-05-23 09:54:20.945121+05:45	\N	~	185	2	\N
185	\N	Male				\N		t	2021-05-23 09:54:21.114802+05:45	2021-05-23 09:54:21.114825+05:45	462	2021-05-23 09:54:21.116351+05:45	\N	+	186	2	\N
185	\N	Male				\N		t	2021-05-23 09:54:21.114802+05:45	2021-05-23 09:54:21.117985+05:45	463	2021-05-23 09:54:21.119228+05:45	\N	~	186	2	\N
185	\N	Male				\N		t	2021-05-23 09:54:21.114802+05:45	2021-05-23 09:54:21.13126+05:45	464	2021-05-23 09:54:21.132365+05:45	\N	~	186	2	\N
186	\N	Male				\N		t	2021-05-23 09:54:21.334424+05:45	2021-05-23 09:54:21.334443+05:45	465	2021-05-23 09:54:21.33539+05:45	\N	+	187	2	\N
186	\N	Male				\N		t	2021-05-23 09:54:21.334424+05:45	2021-05-23 09:54:21.338272+05:45	466	2021-05-23 09:54:21.3396+05:45	\N	~	187	2	\N
187	\N	Male				\N		t	2021-05-23 09:54:21.536338+05:45	2021-05-23 09:54:21.536359+05:45	467	2021-05-23 09:54:21.537424+05:45	\N	+	188	2	\N
187	\N	Male				\N		t	2021-05-23 09:54:21.536338+05:45	2021-05-23 09:54:21.53898+05:45	468	2021-05-23 09:54:21.540259+05:45	\N	~	188	2	\N
187	\N	Male				\N		t	2021-05-23 09:54:21.536338+05:45	2021-05-23 09:54:21.55235+05:45	469	2021-05-23 09:54:21.553483+05:45	\N	~	188	2	\N
188	\N	Male				\N		t	2021-05-23 09:54:21.723103+05:45	2021-05-23 09:54:21.723117+05:45	470	2021-05-23 09:54:21.723987+05:45	\N	+	189	2	\N
188	\N	Male				\N		t	2021-05-23 09:54:21.723103+05:45	2021-05-23 09:54:21.726832+05:45	471	2021-05-23 09:54:21.727952+05:45	\N	~	189	2	\N
189	\N	Male				\N		t	2021-05-23 09:54:21.894114+05:45	2021-05-23 09:54:21.894134+05:45	472	2021-05-23 09:54:21.894982+05:45	\N	+	190	2	\N
189	\N	Male				\N		t	2021-05-23 09:54:21.894114+05:45	2021-05-23 09:54:21.896342+05:45	473	2021-05-23 09:54:21.897498+05:45	\N	~	190	2	\N
189	\N	Male				\N		t	2021-05-23 09:54:21.894114+05:45	2021-05-23 09:54:21.908542+05:45	474	2021-05-23 09:54:21.909675+05:45	\N	~	190	2	\N
190	\N	Male				\N		t	2021-05-23 09:54:22.077558+05:45	2021-05-23 09:54:22.077572+05:45	475	2021-05-23 09:54:22.07838+05:45	\N	+	191	2	\N
190	\N	Male				\N		t	2021-05-23 09:54:22.077558+05:45	2021-05-23 09:54:22.08105+05:45	476	2021-05-23 09:54:22.08218+05:45	\N	~	191	2	\N
191	\N	Male				\N		t	2021-05-23 09:54:22.258514+05:45	2021-05-23 09:54:22.258535+05:45	477	2021-05-23 09:54:22.260177+05:45	\N	+	192	2	\N
191	\N	Male				\N		t	2021-05-23 09:54:22.258514+05:45	2021-05-23 09:54:22.262785+05:45	478	2021-05-23 09:54:22.264552+05:45	\N	~	192	2	\N
191	\N	Male				\N		t	2021-05-23 09:54:22.258514+05:45	2021-05-23 09:54:22.276446+05:45	479	2021-05-23 09:54:22.277515+05:45	\N	~	192	2	\N
192	\N	Male				\N		t	2021-05-23 09:54:22.44815+05:45	2021-05-23 09:54:22.448168+05:45	480	2021-05-23 09:54:22.449116+05:45	\N	+	193	2	\N
192	\N	Male				\N		t	2021-05-23 09:54:22.44815+05:45	2021-05-23 09:54:22.451946+05:45	481	2021-05-23 09:54:22.453097+05:45	\N	~	193	2	\N
193	\N	Male				\N		t	2021-05-23 09:54:22.623527+05:45	2021-05-23 09:54:22.623548+05:45	482	2021-05-23 09:54:22.624765+05:45	\N	+	194	2	\N
193	\N	Male				\N		t	2021-05-23 09:54:22.623527+05:45	2021-05-23 09:54:22.626285+05:45	483	2021-05-23 09:54:22.627583+05:45	\N	~	194	2	\N
193	\N	Male				\N		t	2021-05-23 09:54:22.623527+05:45	2021-05-23 09:54:22.639102+05:45	484	2021-05-23 09:54:22.640221+05:45	\N	~	194	2	\N
194	\N	Male				\N		t	2021-05-23 09:54:22.808966+05:45	2021-05-23 09:54:22.808981+05:45	485	2021-05-23 09:54:22.809787+05:45	\N	+	195	2	\N
194	\N	Male				\N		t	2021-05-23 09:54:22.808966+05:45	2021-05-23 09:54:22.812473+05:45	486	2021-05-23 09:54:22.813594+05:45	\N	~	195	2	\N
195	\N	Male				\N		t	2021-05-23 09:54:22.982193+05:45	2021-05-23 09:54:22.982213+05:45	487	2021-05-23 09:54:22.983187+05:45	\N	+	196	2	\N
195	\N	Male				\N		t	2021-05-23 09:54:22.982193+05:45	2021-05-23 09:54:22.984606+05:45	488	2021-05-23 09:54:22.985849+05:45	\N	~	196	2	\N
195	\N	Male				\N		t	2021-05-23 09:54:22.982193+05:45	2021-05-23 09:54:22.997239+05:45	489	2021-05-23 09:54:22.99828+05:45	\N	~	196	2	\N
196	\N	Male				\N		t	2021-05-23 09:54:41.603885+05:45	2021-05-23 09:54:41.6039+05:45	490	2021-05-23 09:54:41.605078+05:45	\N	+	197	2	\N
196	\N	Male				\N		t	2021-05-23 09:54:41.603885+05:45	2021-05-23 09:54:41.609313+05:45	491	2021-05-23 09:54:41.610574+05:45	\N	~	197	2	\N
196	\N	Male				\N		t	2021-05-23 09:54:41.603885+05:45	2021-05-23 09:54:41.61596+05:45	492	2021-05-23 09:54:41.617047+05:45	\N	~	197	2	\N
197	\N	Male				\N		t	2021-05-23 09:54:42.879973+05:45	2021-05-23 09:54:42.879991+05:45	493	2021-05-23 09:54:42.881139+05:45	\N	+	198	2	\N
197	\N	Male				\N		t	2021-05-23 09:54:42.879973+05:45	2021-05-23 09:54:42.884397+05:45	494	2021-05-23 09:54:42.885603+05:45	\N	~	198	2	\N
198	\N	Male				\N		t	2021-05-23 09:54:43.052509+05:45	2021-05-23 09:54:43.05253+05:45	495	2021-05-23 09:54:43.053564+05:45	\N	+	199	2	\N
198	\N	Male				\N		t	2021-05-23 09:54:43.052509+05:45	2021-05-23 09:54:43.054989+05:45	496	2021-05-23 09:54:43.056162+05:45	\N	~	199	2	\N
198	\N	Male				\N		t	2021-05-23 09:54:43.052509+05:45	2021-05-23 09:54:43.069399+05:45	497	2021-05-23 09:54:43.070535+05:45	\N	~	199	2	\N
199	\N	Male				\N		t	2021-05-23 09:54:43.239612+05:45	2021-05-23 09:54:43.239627+05:45	498	2021-05-23 09:54:43.240452+05:45	\N	+	200	2	\N
199	\N	Male				\N		t	2021-05-23 09:54:43.239612+05:45	2021-05-23 09:54:43.243326+05:45	499	2021-05-23 09:54:43.24444+05:45	\N	~	200	2	\N
200	\N	Male				\N		t	2021-05-23 09:54:43.414278+05:45	2021-05-23 09:54:43.414299+05:45	500	2021-05-23 09:54:43.415267+05:45	\N	+	201	2	\N
200	\N	Male				\N		t	2021-05-23 09:54:43.414278+05:45	2021-05-23 09:54:43.416729+05:45	501	2021-05-23 09:54:43.41793+05:45	\N	~	201	2	\N
200	\N	Male				\N		t	2021-05-23 09:54:43.414278+05:45	2021-05-23 09:54:43.429814+05:45	502	2021-05-23 09:54:43.430967+05:45	\N	~	201	2	\N
201	\N	Male				\N		t	2021-05-23 09:54:43.599931+05:45	2021-05-23 09:54:43.599951+05:45	503	2021-05-23 09:54:43.600854+05:45	\N	+	202	2	\N
201	\N	Male				\N		t	2021-05-23 09:54:43.599931+05:45	2021-05-23 09:54:43.603908+05:45	504	2021-05-23 09:54:43.605211+05:45	\N	~	202	2	\N
202	\N	Male				\N		t	2021-05-23 09:54:43.771998+05:45	2021-05-23 09:54:43.772019+05:45	505	2021-05-23 09:54:43.773115+05:45	\N	+	203	2	\N
202	\N	Male				\N		t	2021-05-23 09:54:43.771998+05:45	2021-05-23 09:54:43.774743+05:45	506	2021-05-23 09:54:43.776083+05:45	\N	~	203	2	\N
202	\N	Male				\N		t	2021-05-23 09:54:43.771998+05:45	2021-05-23 09:54:43.789612+05:45	507	2021-05-23 09:54:43.790963+05:45	\N	~	203	2	\N
203	\N	Male				\N		t	2021-05-23 09:54:43.961678+05:45	2021-05-23 09:54:43.961696+05:45	508	2021-05-23 09:54:43.962657+05:45	\N	+	204	2	\N
203	\N	Male				\N		t	2021-05-23 09:54:43.961678+05:45	2021-05-23 09:54:43.965617+05:45	509	2021-05-23 09:54:43.966796+05:45	\N	~	204	2	\N
204	\N	Male				\N		t	2021-05-23 09:54:44.134869+05:45	2021-05-23 09:54:44.134889+05:45	510	2021-05-23 09:54:44.136+05:45	\N	+	205	2	\N
204	\N	Male				\N		t	2021-05-23 09:54:44.134869+05:45	2021-05-23 09:54:44.137598+05:45	511	2021-05-23 09:54:44.13896+05:45	\N	~	205	2	\N
204	\N	Male				\N		t	2021-05-23 09:54:44.134869+05:45	2021-05-23 09:54:44.151872+05:45	512	2021-05-23 09:54:44.153165+05:45	\N	~	205	2	\N
205	\N	Male				\N		t	2021-05-23 09:54:44.345265+05:45	2021-05-23 09:54:44.345291+05:45	513	2021-05-23 09:54:44.346652+05:45	\N	+	206	2	\N
205	\N	Male				\N		t	2021-05-23 09:54:44.345265+05:45	2021-05-23 09:54:44.351001+05:45	514	2021-05-23 09:54:44.352756+05:45	\N	~	206	2	\N
206	\N	Male				\N		t	2021-05-23 09:54:44.561379+05:45	2021-05-23 09:54:44.561401+05:45	515	2021-05-23 09:54:44.562496+05:45	\N	+	207	2	\N
206	\N	Male				\N		t	2021-05-23 09:54:44.561379+05:45	2021-05-23 09:54:44.564151+05:45	516	2021-05-23 09:54:44.565641+05:45	\N	~	207	2	\N
206	\N	Male				\N		t	2021-05-23 09:54:44.561379+05:45	2021-05-23 09:54:44.580894+05:45	517	2021-05-23 09:54:44.582891+05:45	\N	~	207	2	\N
207	\N	Male				\N		t	2021-05-23 09:54:44.77581+05:45	2021-05-23 09:54:44.775827+05:45	518	2021-05-23 09:54:44.776717+05:45	\N	+	208	2	\N
207	\N	Male				\N		t	2021-05-23 09:54:44.77581+05:45	2021-05-23 09:54:44.779581+05:45	519	2021-05-23 09:54:44.780791+05:45	\N	~	208	2	\N
208	\N	Male				\N		t	2021-05-23 09:54:44.949393+05:45	2021-05-23 09:54:44.949414+05:45	520	2021-05-23 09:54:44.950467+05:45	\N	+	209	2	\N
208	\N	Male				\N		t	2021-05-23 09:54:44.949393+05:45	2021-05-23 09:54:44.952133+05:45	521	2021-05-23 09:54:44.953475+05:45	\N	~	209	2	\N
208	\N	Male				\N		t	2021-05-23 09:54:44.949393+05:45	2021-05-23 09:54:44.966267+05:45	522	2021-05-23 09:54:44.967697+05:45	\N	~	209	2	\N
209	\N	Male				\N		t	2021-05-23 09:54:45.145191+05:45	2021-05-23 09:54:45.14521+05:45	523	2021-05-23 09:54:45.146182+05:45	\N	+	210	2	\N
209	\N	Male				\N		t	2021-05-23 09:54:45.145191+05:45	2021-05-23 09:54:45.149427+05:45	524	2021-05-23 09:54:45.150788+05:45	\N	~	210	2	\N
210	\N	Male				\N		t	2021-05-23 09:54:45.335234+05:45	2021-05-23 09:54:45.335256+05:45	525	2021-05-23 09:54:45.336354+05:45	\N	+	211	2	\N
210	\N	Male				\N		t	2021-05-23 09:54:45.335234+05:45	2021-05-23 09:54:45.33815+05:45	526	2021-05-23 09:54:45.339578+05:45	\N	~	211	2	\N
210	\N	Male				\N		t	2021-05-23 09:54:45.335234+05:45	2021-05-23 09:54:45.352144+05:45	527	2021-05-23 09:54:45.353399+05:45	\N	~	211	2	\N
211	\N	Male				\N		t	2021-05-23 09:54:45.523882+05:45	2021-05-23 09:54:45.523896+05:45	528	2021-05-23 09:54:45.524715+05:45	\N	+	212	2	\N
211	\N	Male				\N		t	2021-05-23 09:54:45.523882+05:45	2021-05-23 09:54:45.527369+05:45	529	2021-05-23 09:54:45.528541+05:45	\N	~	212	2	\N
212	\N	Male				\N		t	2021-05-23 09:54:45.70263+05:45	2021-05-23 09:54:45.70265+05:45	530	2021-05-23 09:54:45.703548+05:45	\N	+	213	2	\N
212	\N	Male				\N		t	2021-05-23 09:54:45.70263+05:45	2021-05-23 09:54:45.705057+05:45	531	2021-05-23 09:54:45.70637+05:45	\N	~	213	2	\N
212	\N	Male				\N		t	2021-05-23 09:54:45.70263+05:45	2021-05-23 09:54:45.717964+05:45	532	2021-05-23 09:54:45.719092+05:45	\N	~	213	2	\N
213	\N	Male				\N		t	2021-05-23 09:54:45.886969+05:45	2021-05-23 09:54:45.886983+05:45	533	2021-05-23 09:54:45.887719+05:45	\N	+	214	2	\N
213	\N	Male				\N		t	2021-05-23 09:54:45.886969+05:45	2021-05-23 09:54:45.890525+05:45	534	2021-05-23 09:54:45.891726+05:45	\N	~	214	2	\N
214	\N	Male				\N		t	2021-05-23 09:54:46.060769+05:45	2021-05-23 09:54:46.060789+05:45	535	2021-05-23 09:54:46.061698+05:45	\N	+	215	2	\N
214	\N	Male				\N		t	2021-05-23 09:54:46.060769+05:45	2021-05-23 09:54:46.063177+05:45	536	2021-05-23 09:54:46.064471+05:45	\N	~	215	2	\N
214	\N	Male				\N		t	2021-05-23 09:54:46.060769+05:45	2021-05-23 09:54:46.075851+05:45	537	2021-05-23 09:54:46.076911+05:45	\N	~	215	2	\N
215	\N	Male				\N		t	2021-05-23 09:54:46.24905+05:45	2021-05-23 09:54:46.249066+05:45	538	2021-05-23 09:54:46.249944+05:45	\N	+	216	2	\N
215	\N	Male				\N		t	2021-05-23 09:54:46.24905+05:45	2021-05-23 09:54:46.252823+05:45	539	2021-05-23 09:54:46.254001+05:45	\N	~	216	2	\N
216	\N	Male				\N		t	2021-05-23 09:54:46.430708+05:45	2021-05-23 09:54:46.430731+05:45	540	2021-05-23 09:54:46.431894+05:45	\N	+	217	2	\N
216	\N	Male				\N		t	2021-05-23 09:54:46.430708+05:45	2021-05-23 09:54:46.433608+05:45	541	2021-05-23 09:54:46.434955+05:45	\N	~	217	2	\N
216	\N	Male				\N		t	2021-05-23 09:54:46.430708+05:45	2021-05-23 09:54:46.447321+05:45	542	2021-05-23 09:54:46.448544+05:45	\N	~	217	2	\N
217	\N	Male				\N		t	2021-05-23 09:54:46.628197+05:45	2021-05-23 09:54:46.628211+05:45	543	2021-05-23 09:54:46.628994+05:45	\N	+	218	2	\N
217	\N	Male				\N		t	2021-05-23 09:54:46.628197+05:45	2021-05-23 09:54:46.63166+05:45	544	2021-05-23 09:54:46.632817+05:45	\N	~	218	2	\N
218	\N	Male				\N		t	2021-05-23 09:54:46.799602+05:45	2021-05-23 09:54:46.799623+05:45	545	2021-05-23 09:54:46.800539+05:45	\N	+	219	2	\N
218	\N	Male				\N		t	2021-05-23 09:54:46.799602+05:45	2021-05-23 09:54:46.802033+05:45	546	2021-05-23 09:54:46.803267+05:45	\N	~	219	2	\N
218	\N	Male				\N		t	2021-05-23 09:54:46.799602+05:45	2021-05-23 09:54:46.814402+05:45	547	2021-05-23 09:54:46.815557+05:45	\N	~	219	2	\N
219	\N	Male				\N		t	2021-05-23 09:54:46.985917+05:45	2021-05-23 09:54:46.985947+05:45	548	2021-05-23 09:54:46.986793+05:45	\N	+	220	2	\N
219	\N	Male				\N		t	2021-05-23 09:54:46.985917+05:45	2021-05-23 09:54:46.989581+05:45	549	2021-05-23 09:54:46.990703+05:45	\N	~	220	2	\N
220	\N	Male				\N		t	2021-05-23 09:54:47.157415+05:45	2021-05-23 09:54:47.157437+05:45	550	2021-05-23 09:54:47.158363+05:45	\N	+	221	2	\N
220	\N	Male				\N		t	2021-05-23 09:54:47.157415+05:45	2021-05-23 09:54:47.159785+05:45	551	2021-05-23 09:54:47.160955+05:45	\N	~	221	2	\N
220	\N	Male				\N		t	2021-05-23 09:54:47.157415+05:45	2021-05-23 09:54:47.172078+05:45	552	2021-05-23 09:54:47.173189+05:45	\N	~	221	2	\N
221	\N	Male				\N		t	2021-05-23 09:54:47.346317+05:45	2021-05-23 09:54:47.346333+05:45	553	2021-05-23 09:54:47.347238+05:45	\N	+	222	2	\N
221	\N	Male				\N		t	2021-05-23 09:54:47.346317+05:45	2021-05-23 09:54:47.350139+05:45	554	2021-05-23 09:54:47.35128+05:45	\N	~	222	2	\N
222	\N	Male				\N		t	2021-05-23 09:54:47.517571+05:45	2021-05-23 09:54:47.51759+05:45	555	2021-05-23 09:54:47.518653+05:45	\N	+	223	2	\N
222	\N	Male				\N		t	2021-05-23 09:54:47.517571+05:45	2021-05-23 09:54:47.520054+05:45	556	2021-05-23 09:54:47.521223+05:45	\N	~	223	2	\N
222	\N	Male				\N		t	2021-05-23 09:54:47.517571+05:45	2021-05-23 09:54:47.536565+05:45	557	2021-05-23 09:54:47.537694+05:45	\N	~	223	2	\N
223	\N	Male				\N		t	2021-05-23 09:54:47.705281+05:45	2021-05-23 09:54:47.705294+05:45	558	2021-05-23 09:54:47.70609+05:45	\N	+	224	2	\N
223	\N	Male				\N		t	2021-05-23 09:54:47.705281+05:45	2021-05-23 09:54:47.708711+05:45	559	2021-05-23 09:54:47.709866+05:45	\N	~	224	2	\N
224	\N	Male				\N		t	2021-05-23 09:54:47.877902+05:45	2021-05-23 09:54:47.877943+05:45	560	2021-05-23 09:54:47.878932+05:45	\N	+	225	2	\N
224	\N	Male				\N		t	2021-05-23 09:54:47.877902+05:45	2021-05-23 09:54:47.880386+05:45	561	2021-05-23 09:54:47.881616+05:45	\N	~	225	2	\N
224	\N	Male				\N		t	2021-05-23 09:54:47.877902+05:45	2021-05-23 09:54:47.89286+05:45	562	2021-05-23 09:54:47.894004+05:45	\N	~	225	2	\N
225	\N	Male				\N		t	2021-05-23 09:54:48.063809+05:45	2021-05-23 09:54:48.063826+05:45	563	2021-05-23 09:54:48.064691+05:45	\N	+	226	2	\N
225	\N	Male				\N		t	2021-05-23 09:54:48.063809+05:45	2021-05-23 09:54:48.067438+05:45	564	2021-05-23 09:54:48.068673+05:45	\N	~	226	2	\N
226	\N	Male				\N		t	2021-05-23 09:54:48.237214+05:45	2021-05-23 09:54:48.237236+05:45	565	2021-05-23 09:54:48.23824+05:45	\N	+	227	2	\N
226	\N	Male				\N		t	2021-05-23 09:54:48.237214+05:45	2021-05-23 09:54:48.239778+05:45	566	2021-05-23 09:54:48.241053+05:45	\N	~	227	2	\N
226	\N	Male				\N		t	2021-05-23 09:54:48.237214+05:45	2021-05-23 09:54:48.254645+05:45	567	2021-05-23 09:54:48.257183+05:45	\N	~	227	2	\N
227	\N	Male				\N		t	2021-05-23 09:54:48.441689+05:45	2021-05-23 09:54:48.441708+05:45	568	2021-05-23 09:54:48.442596+05:45	\N	+	228	2	\N
227	\N	Male				\N		t	2021-05-23 09:54:48.441689+05:45	2021-05-23 09:54:48.44537+05:45	569	2021-05-23 09:54:48.446834+05:45	\N	~	228	2	\N
228	\N	Male				\N		t	2021-05-23 09:54:48.613166+05:45	2021-05-23 09:54:48.613186+05:45	570	2021-05-23 09:54:48.614126+05:45	\N	+	229	2	\N
228	\N	Male				\N		t	2021-05-23 09:54:48.613166+05:45	2021-05-23 09:54:48.615573+05:45	571	2021-05-23 09:54:48.616793+05:45	\N	~	229	2	\N
228	\N	Male				\N		t	2021-05-23 09:54:48.613166+05:45	2021-05-23 09:54:48.628423+05:45	572	2021-05-23 09:54:48.629554+05:45	\N	~	229	2	\N
229	\N	Male				\N		t	2021-05-23 09:54:48.802022+05:45	2021-05-23 09:54:48.802039+05:45	573	2021-05-23 09:54:48.802895+05:45	\N	+	230	2	\N
229	\N	Male				\N		t	2021-05-23 09:54:48.802022+05:45	2021-05-23 09:54:48.805645+05:45	574	2021-05-23 09:54:48.806837+05:45	\N	~	230	2	\N
230	\N	Male				\N		t	2021-05-23 09:54:48.973189+05:45	2021-05-23 09:54:48.973212+05:45	575	2021-05-23 09:54:48.974163+05:45	\N	+	231	2	\N
230	\N	Male				\N		t	2021-05-23 09:54:48.973189+05:45	2021-05-23 09:54:48.975617+05:45	576	2021-05-23 09:54:48.976817+05:45	\N	~	231	2	\N
230	\N	Male				\N		t	2021-05-23 09:54:48.973189+05:45	2021-05-23 09:54:48.989716+05:45	577	2021-05-23 09:54:48.991003+05:45	\N	~	231	2	\N
231	\N	Male				\N		t	2021-05-23 09:54:49.160255+05:45	2021-05-23 09:54:49.160273+05:45	578	2021-05-23 09:54:49.161409+05:45	\N	+	232	2	\N
231	\N	Male				\N		t	2021-05-23 09:54:49.160255+05:45	2021-05-23 09:54:49.164585+05:45	579	2021-05-23 09:54:49.166315+05:45	\N	~	232	2	\N
232	\N	Male				\N		t	2021-05-23 09:54:49.350115+05:45	2021-05-23 09:54:49.350136+05:45	580	2021-05-23 09:54:49.351362+05:45	\N	+	233	2	\N
232	\N	Male				\N		t	2021-05-23 09:54:49.350115+05:45	2021-05-23 09:54:49.352944+05:45	581	2021-05-23 09:54:49.354319+05:45	\N	~	233	2	\N
232	\N	Male				\N		t	2021-05-23 09:54:49.350115+05:45	2021-05-23 09:54:49.365976+05:45	582	2021-05-23 09:54:49.367109+05:45	\N	~	233	2	\N
233	\N	Male				\N		t	2021-05-23 09:54:49.536136+05:45	2021-05-23 09:54:49.536151+05:45	583	2021-05-23 09:54:49.536971+05:45	\N	+	234	2	\N
233	\N	Male				\N		t	2021-05-23 09:54:49.536136+05:45	2021-05-23 09:54:49.540468+05:45	584	2021-05-23 09:54:49.54171+05:45	\N	~	234	2	\N
234	\N	Male				\N		t	2021-05-23 09:54:49.714002+05:45	2021-05-23 09:54:49.714029+05:45	585	2021-05-23 09:54:49.715148+05:45	\N	+	235	2	\N
234	\N	Male				\N		t	2021-05-23 09:54:49.714002+05:45	2021-05-23 09:54:49.717091+05:45	586	2021-05-23 09:54:49.71927+05:45	\N	~	235	2	\N
234	\N	Male				\N		t	2021-05-23 09:54:49.714002+05:45	2021-05-23 09:54:49.731098+05:45	587	2021-05-23 09:54:49.732245+05:45	\N	~	235	2	\N
235	\N	Male				\N		t	2021-05-23 09:54:49.900527+05:45	2021-05-23 09:54:49.900543+05:45	588	2021-05-23 09:54:49.901395+05:45	\N	+	236	2	\N
235	\N	Male				\N		t	2021-05-23 09:54:49.900527+05:45	2021-05-23 09:54:49.90418+05:45	589	2021-05-23 09:54:49.905401+05:45	\N	~	236	2	\N
236	\N	Male				\N		t	2021-05-23 09:54:50.072385+05:45	2021-05-23 09:54:50.072408+05:45	590	2021-05-23 09:54:50.073589+05:45	\N	+	237	2	\N
236	\N	Male				\N		t	2021-05-23 09:54:50.072385+05:45	2021-05-23 09:54:50.074975+05:45	591	2021-05-23 09:54:50.076167+05:45	\N	~	237	2	\N
236	\N	Male				\N		t	2021-05-23 09:54:50.072385+05:45	2021-05-23 09:54:50.087222+05:45	592	2021-05-23 09:54:50.088299+05:45	\N	~	237	2	\N
237	\N	Male				\N		t	2021-05-23 09:54:50.256254+05:45	2021-05-23 09:54:50.256268+05:45	593	2021-05-23 09:54:50.257259+05:45	\N	+	238	2	\N
237	\N	Male				\N		t	2021-05-23 09:54:50.256254+05:45	2021-05-23 09:54:50.261073+05:45	594	2021-05-23 09:54:50.263135+05:45	\N	~	238	2	\N
238	\N	Male				\N		t	2021-05-23 09:54:50.447574+05:45	2021-05-23 09:54:50.447595+05:45	595	2021-05-23 09:54:50.448798+05:45	\N	+	239	2	\N
238	\N	Male				\N		t	2021-05-23 09:54:50.447574+05:45	2021-05-23 09:54:50.450225+05:45	596	2021-05-23 09:54:50.451483+05:45	\N	~	239	2	\N
238	\N	Male				\N		t	2021-05-23 09:54:50.447574+05:45	2021-05-23 09:54:50.462859+05:45	597	2021-05-23 09:54:50.46393+05:45	\N	~	239	2	\N
239	\N	Male				\N		t	2021-05-23 09:54:50.63153+05:45	2021-05-23 09:54:50.631546+05:45	598	2021-05-23 09:54:50.632356+05:45	\N	+	240	2	\N
239	\N	Male				\N		t	2021-05-23 09:54:50.63153+05:45	2021-05-23 09:54:50.635522+05:45	599	2021-05-23 09:54:50.636672+05:45	\N	~	240	2	\N
240	\N	Male				\N		t	2021-05-23 09:54:50.805238+05:45	2021-05-23 09:54:50.805281+05:45	600	2021-05-23 09:54:50.806906+05:45	\N	+	241	2	\N
240	\N	Male				\N		t	2021-05-23 09:54:50.805238+05:45	2021-05-23 09:54:50.809868+05:45	601	2021-05-23 09:54:50.812149+05:45	\N	~	241	2	\N
240	\N	Male				\N		t	2021-05-23 09:54:50.805238+05:45	2021-05-23 09:54:50.823176+05:45	602	2021-05-23 09:54:50.824316+05:45	\N	~	241	2	\N
241	\N	Male				\N		t	2021-05-23 09:54:50.992018+05:45	2021-05-23 09:54:50.992041+05:45	603	2021-05-23 09:54:50.993007+05:45	\N	+	242	2	\N
241	\N	Male				\N		t	2021-05-23 09:54:50.992018+05:45	2021-05-23 09:54:50.995969+05:45	604	2021-05-23 09:54:50.99709+05:45	\N	~	242	2	\N
242	\N	Male				\N		t	2021-05-23 09:54:51.163632+05:45	2021-05-23 09:54:51.163653+05:45	605	2021-05-23 09:54:51.164582+05:45	\N	+	243	2	\N
242	\N	Male				\N		t	2021-05-23 09:54:51.163632+05:45	2021-05-23 09:54:51.165984+05:45	606	2021-05-23 09:54:51.167258+05:45	\N	~	243	2	\N
242	\N	Male				\N		t	2021-05-23 09:54:51.163632+05:45	2021-05-23 09:54:51.178547+05:45	607	2021-05-23 09:54:51.179645+05:45	\N	~	243	2	\N
243	\N	Male				\N		t	2021-05-23 09:54:51.351062+05:45	2021-05-23 09:54:51.351077+05:45	608	2021-05-23 09:54:51.351909+05:45	\N	+	244	2	\N
243	\N	Male				\N		t	2021-05-23 09:54:51.351062+05:45	2021-05-23 09:54:51.354575+05:45	609	2021-05-23 09:54:51.355736+05:45	\N	~	244	2	\N
244	\N	Male				\N		t	2021-05-23 09:54:51.522413+05:45	2021-05-23 09:54:51.522434+05:45	610	2021-05-23 09:54:51.523471+05:45	\N	+	245	2	\N
244	\N	Male				\N		t	2021-05-23 09:54:51.522413+05:45	2021-05-23 09:54:51.524969+05:45	611	2021-05-23 09:54:51.526412+05:45	\N	~	245	2	\N
244	\N	Male				\N		t	2021-05-23 09:54:51.522413+05:45	2021-05-23 09:54:51.538157+05:45	612	2021-05-23 09:54:51.539368+05:45	\N	~	245	2	\N
245	\N	Male				\N		t	2021-05-23 09:54:51.71112+05:45	2021-05-23 09:54:51.711135+05:45	613	2021-05-23 09:54:51.711984+05:45	\N	+	246	2	\N
245	\N	Male				\N		t	2021-05-23 09:54:51.71112+05:45	2021-05-23 09:54:51.71466+05:45	614	2021-05-23 09:54:51.715912+05:45	\N	~	246	2	\N
246	\N	Male				\N		t	2021-05-23 09:54:51.882985+05:45	2021-05-23 09:54:51.883006+05:45	615	2021-05-23 09:54:51.884+05:45	\N	+	247	2	\N
246	\N	Male				\N		t	2021-05-23 09:54:51.882985+05:45	2021-05-23 09:54:51.885388+05:45	616	2021-05-23 09:54:51.886581+05:45	\N	~	247	2	\N
246	\N	Male				\N		t	2021-05-23 09:54:51.882985+05:45	2021-05-23 09:54:51.897963+05:45	617	2021-05-23 09:54:51.89908+05:45	\N	~	247	2	\N
247	\N	Male				\N		t	2021-05-23 09:54:52.06711+05:45	2021-05-23 09:54:52.06713+05:45	618	2021-05-23 09:54:52.068073+05:45	\N	+	248	2	\N
247	\N	Male				\N		t	2021-05-23 09:54:52.06711+05:45	2021-05-23 09:54:52.070918+05:45	619	2021-05-23 09:54:52.07212+05:45	\N	~	248	2	\N
248	\N	Male				\N		t	2021-05-23 09:54:52.240949+05:45	2021-05-23 09:54:52.240971+05:45	620	2021-05-23 09:54:52.241963+05:45	\N	+	249	2	\N
248	\N	Male				\N		t	2021-05-23 09:54:52.240949+05:45	2021-05-23 09:54:52.243507+05:45	621	2021-05-23 09:54:52.244762+05:45	\N	~	249	2	\N
248	\N	Male				\N		t	2021-05-23 09:54:52.240949+05:45	2021-05-23 09:54:52.26037+05:45	622	2021-05-23 09:54:52.261587+05:45	\N	~	249	2	\N
249	\N	Male				\N		t	2021-05-23 09:54:52.441636+05:45	2021-05-23 09:54:52.44165+05:45	623	2021-05-23 09:54:52.442517+05:45	\N	+	250	2	\N
249	\N	Male				\N		t	2021-05-23 09:54:52.441636+05:45	2021-05-23 09:54:52.44548+05:45	624	2021-05-23 09:54:52.446659+05:45	\N	~	250	2	\N
250	\N	Male				\N		t	2021-05-23 09:54:52.612668+05:45	2021-05-23 09:54:52.61269+05:45	625	2021-05-23 09:54:52.61363+05:45	\N	+	251	2	\N
250	\N	Male				\N		t	2021-05-23 09:54:52.612668+05:45	2021-05-23 09:54:52.615072+05:45	626	2021-05-23 09:54:52.616292+05:45	\N	~	251	2	\N
250	\N	Male				\N		t	2021-05-23 09:54:52.612668+05:45	2021-05-23 09:54:52.62763+05:45	627	2021-05-23 09:54:52.628806+05:45	\N	~	251	2	\N
251	\N	Male				\N		t	2021-05-23 09:54:52.863626+05:45	2021-05-23 09:54:52.86364+05:45	628	2021-05-23 09:54:52.864499+05:45	\N	+	252	2	\N
251	\N	Male				\N		t	2021-05-23 09:54:52.863626+05:45	2021-05-23 09:54:52.867252+05:45	629	2021-05-23 09:54:52.868451+05:45	\N	~	252	2	\N
252	\N	Male				\N		t	2021-05-23 09:54:53.039701+05:45	2021-05-23 09:54:53.039722+05:45	630	2021-05-23 09:54:53.040683+05:45	\N	+	253	2	\N
252	\N	Male				\N		t	2021-05-23 09:54:53.039701+05:45	2021-05-23 09:54:53.042211+05:45	631	2021-05-23 09:54:53.043478+05:45	\N	~	253	2	\N
252	\N	Male				\N		t	2021-05-23 09:54:53.039701+05:45	2021-05-23 09:54:53.056212+05:45	632	2021-05-23 09:54:53.057407+05:45	\N	~	253	2	\N
253	\N	Male				\N		t	2021-05-23 09:54:53.229056+05:45	2021-05-23 09:54:53.229071+05:45	633	2021-05-23 09:54:53.229899+05:45	\N	+	254	2	\N
253	\N	Male				\N		t	2021-05-23 09:54:53.229056+05:45	2021-05-23 09:54:53.232717+05:45	634	2021-05-23 09:54:53.233912+05:45	\N	~	254	2	\N
254	\N	Male				\N		t	2021-05-23 09:54:53.408159+05:45	2021-05-23 09:54:53.408178+05:45	635	2021-05-23 09:54:53.409073+05:45	\N	+	255	2	\N
254	\N	Male				\N		t	2021-05-23 09:54:53.408159+05:45	2021-05-23 09:54:53.410559+05:45	636	2021-05-23 09:54:53.411873+05:45	\N	~	255	2	\N
254	\N	Male				\N		t	2021-05-23 09:54:53.408159+05:45	2021-05-23 09:54:53.423618+05:45	637	2021-05-23 09:54:53.426419+05:45	\N	~	255	2	\N
255	\N	Male				\N		t	2021-05-23 09:54:53.598012+05:45	2021-05-23 09:54:53.598028+05:45	638	2021-05-23 09:54:53.599043+05:45	\N	+	256	2	\N
255	\N	Male				\N		t	2021-05-23 09:54:53.598012+05:45	2021-05-23 09:54:53.601826+05:45	639	2021-05-23 09:54:53.602985+05:45	\N	~	256	2	\N
256	\N	Male				\N		t	2021-05-23 09:54:53.780445+05:45	2021-05-23 09:54:53.780489+05:45	640	2021-05-23 09:54:53.782318+05:45	\N	+	257	2	\N
256	\N	Male				\N		t	2021-05-23 09:54:53.780445+05:45	2021-05-23 09:54:53.785634+05:45	641	2021-05-23 09:54:53.789262+05:45	\N	~	257	2	\N
256	\N	Male				\N		t	2021-05-23 09:54:53.780445+05:45	2021-05-23 09:54:53.807496+05:45	642	2021-05-23 09:54:53.808788+05:45	\N	~	257	2	\N
257	\N	Male				\N		t	2021-05-23 09:54:53.987865+05:45	2021-05-23 09:54:53.987883+05:45	643	2021-05-23 09:54:53.988822+05:45	\N	+	258	2	\N
257	\N	Male				\N		t	2021-05-23 09:54:53.987865+05:45	2021-05-23 09:54:53.991796+05:45	644	2021-05-23 09:54:53.99312+05:45	\N	~	258	2	\N
258	\N	Male				\N		t	2021-05-23 09:54:54.168146+05:45	2021-05-23 09:54:54.168168+05:45	645	2021-05-23 09:54:54.169228+05:45	\N	+	259	2	\N
258	\N	Male				\N		t	2021-05-23 09:54:54.168146+05:45	2021-05-23 09:54:54.171452+05:45	646	2021-05-23 09:54:54.172736+05:45	\N	~	259	2	\N
258	\N	Male				\N		t	2021-05-23 09:54:54.168146+05:45	2021-05-23 09:54:54.184058+05:45	647	2021-05-23 09:54:54.185174+05:45	\N	~	259	2	\N
259	\N	Male				\N		t	2021-05-23 09:54:54.36353+05:45	2021-05-23 09:54:54.363546+05:45	648	2021-05-23 09:54:54.364332+05:45	\N	+	260	2	\N
259	\N	Male				\N		t	2021-05-23 09:54:54.36353+05:45	2021-05-23 09:54:54.366958+05:45	649	2021-05-23 09:54:54.368143+05:45	\N	~	260	2	\N
260	\N	Male				\N		t	2021-05-23 09:54:54.536758+05:45	2021-05-23 09:54:54.536783+05:45	650	2021-05-23 09:54:54.5378+05:45	\N	+	261	2	\N
260	\N	Male				\N		t	2021-05-23 09:54:54.536758+05:45	2021-05-23 09:54:54.539405+05:45	651	2021-05-23 09:54:54.540704+05:45	\N	~	261	2	\N
260	\N	Male				\N		t	2021-05-23 09:54:54.536758+05:45	2021-05-23 09:54:54.552977+05:45	652	2021-05-23 09:54:54.554094+05:45	\N	~	261	2	\N
261	\N	Male				\N		t	2021-05-23 09:54:54.728963+05:45	2021-05-23 09:54:54.728981+05:45	653	2021-05-23 09:54:54.729868+05:45	\N	+	262	2	\N
261	\N	Male				\N		t	2021-05-23 09:54:54.728963+05:45	2021-05-23 09:54:54.73305+05:45	654	2021-05-23 09:54:54.734327+05:45	\N	~	262	2	\N
262	\N	Male				\N		t	2021-05-23 09:54:54.920034+05:45	2021-05-23 09:54:54.920056+05:45	655	2021-05-23 09:54:54.92109+05:45	\N	+	263	2	\N
262	\N	Male				\N		t	2021-05-23 09:54:54.920034+05:45	2021-05-23 09:54:54.923021+05:45	656	2021-05-23 09:54:54.925208+05:45	\N	~	263	2	\N
262	\N	Male				\N		t	2021-05-23 09:54:54.920034+05:45	2021-05-23 09:54:54.939947+05:45	657	2021-05-23 09:54:54.941159+05:45	\N	~	263	2	\N
263	\N	Male				\N		t	2021-05-23 09:54:55.109121+05:45	2021-05-23 09:54:55.109135+05:45	658	2021-05-23 09:54:55.109948+05:45	\N	+	264	2	\N
263	\N	Male				\N		t	2021-05-23 09:54:55.109121+05:45	2021-05-23 09:54:55.112696+05:45	659	2021-05-23 09:54:55.113853+05:45	\N	~	264	2	\N
264	\N	Male				\N		t	2021-05-23 09:54:55.280493+05:45	2021-05-23 09:54:55.280513+05:45	660	2021-05-23 09:54:55.281534+05:45	\N	+	265	2	\N
264	\N	Male				\N		t	2021-05-23 09:54:55.280493+05:45	2021-05-23 09:54:55.286584+05:45	661	2021-05-23 09:54:55.293953+05:45	\N	~	265	2	\N
264	\N	Male				\N		t	2021-05-23 09:54:55.280493+05:45	2021-05-23 09:54:55.309226+05:45	662	2021-05-23 09:54:55.310723+05:45	\N	~	265	2	\N
265	\N	Male				\N		t	2021-05-23 09:54:55.478858+05:45	2021-05-23 09:54:55.478875+05:45	663	2021-05-23 09:54:55.479736+05:45	\N	+	266	2	\N
265	\N	Male				\N		t	2021-05-23 09:54:55.478858+05:45	2021-05-23 09:54:55.482531+05:45	664	2021-05-23 09:54:55.483767+05:45	\N	~	266	2	\N
266	\N	Male				\N		t	2021-05-23 09:54:55.651074+05:45	2021-05-23 09:54:55.651096+05:45	665	2021-05-23 09:54:55.652269+05:45	\N	+	267	2	\N
266	\N	Male				\N		t	2021-05-23 09:54:55.651074+05:45	2021-05-23 09:54:55.653872+05:45	666	2021-05-23 09:54:55.655126+05:45	\N	~	267	2	\N
266	\N	Male				\N		t	2021-05-23 09:54:55.651074+05:45	2021-05-23 09:54:55.666758+05:45	667	2021-05-23 09:54:55.668021+05:45	\N	~	267	2	\N
267	\N	Male				\N		t	2021-05-23 09:54:55.845378+05:45	2021-05-23 09:54:55.845392+05:45	668	2021-05-23 09:54:55.846248+05:45	\N	+	268	2	\N
267	\N	Male				\N		t	2021-05-23 09:54:55.845378+05:45	2021-05-23 09:54:55.849095+05:45	669	2021-05-23 09:54:55.850272+05:45	\N	~	268	2	\N
268	\N	Male				\N		t	2021-05-23 09:54:56.016274+05:45	2021-05-23 09:54:56.016296+05:45	670	2021-05-23 09:54:56.017254+05:45	\N	+	269	2	\N
268	\N	Male				\N		t	2021-05-23 09:54:56.016274+05:45	2021-05-23 09:54:56.018718+05:45	671	2021-05-23 09:54:56.02001+05:45	\N	~	269	2	\N
268	\N	Male				\N		t	2021-05-23 09:54:56.016274+05:45	2021-05-23 09:54:56.031418+05:45	672	2021-05-23 09:54:56.032977+05:45	\N	~	269	2	\N
269	\N	Male				\N		t	2021-05-23 09:55:05.269895+05:45	2021-05-23 09:55:05.269937+05:45	673	2021-05-23 09:55:05.271528+05:45	\N	+	270	2	\N
269	\N	Male				\N		t	2021-05-23 09:55:05.269895+05:45	2021-05-23 09:55:05.276074+05:45	674	2021-05-23 09:55:05.277886+05:45	\N	~	270	2	\N
270	\N	Male				\N		t	2021-05-23 09:55:05.489185+05:45	2021-05-23 09:55:05.489229+05:45	675	2021-05-23 09:55:05.491598+05:45	\N	+	271	2	\N
270	\N	Male				\N		t	2021-05-23 09:55:05.489185+05:45	2021-05-23 09:55:05.493998+05:45	676	2021-05-23 09:55:05.495902+05:45	\N	~	271	2	\N
270	\N	Male				\N		t	2021-05-23 09:55:05.489185+05:45	2021-05-23 09:55:05.512036+05:45	677	2021-05-23 09:55:05.513207+05:45	\N	~	271	2	\N
271	\N	Male				\N		t	2021-05-23 09:55:05.683693+05:45	2021-05-23 09:55:05.683734+05:45	678	2021-05-23 09:55:05.685339+05:45	\N	+	272	2	\N
271	\N	Male				\N		t	2021-05-23 09:55:05.683693+05:45	2021-05-23 09:55:05.691497+05:45	679	2021-05-23 09:55:05.692703+05:45	\N	~	272	2	\N
272	\N	Male				\N		t	2021-05-23 09:55:05.859099+05:45	2021-05-23 09:55:05.859122+05:45	680	2021-05-23 09:55:05.860127+05:45	\N	+	273	2	\N
272	\N	Male				\N		t	2021-05-23 09:55:05.859099+05:45	2021-05-23 09:55:05.861742+05:45	681	2021-05-23 09:55:05.863102+05:45	\N	~	273	2	\N
272	\N	Male				\N		t	2021-05-23 09:55:05.859099+05:45	2021-05-23 09:55:05.875386+05:45	682	2021-05-23 09:55:05.876663+05:45	\N	~	273	2	\N
273	\N	Male				\N		t	2021-05-23 09:55:06.046658+05:45	2021-05-23 09:55:06.046675+05:45	683	2021-05-23 09:55:06.047543+05:45	\N	+	274	2	\N
273	\N	Male				\N		t	2021-05-23 09:55:06.046658+05:45	2021-05-23 09:55:06.050324+05:45	684	2021-05-23 09:55:06.051607+05:45	\N	~	274	2	\N
274	\N	Male				\N		t	2021-05-23 09:55:06.218906+05:45	2021-05-23 09:55:06.21894+05:45	685	2021-05-23 09:55:06.220298+05:45	\N	+	275	2	\N
274	\N	Male				\N		t	2021-05-23 09:55:06.218906+05:45	2021-05-23 09:55:06.221841+05:45	686	2021-05-23 09:55:06.223057+05:45	\N	~	275	2	\N
274	\N	Male				\N		t	2021-05-23 09:55:06.218906+05:45	2021-05-23 09:55:06.236524+05:45	687	2021-05-23 09:55:06.237848+05:45	\N	~	275	2	\N
275	\N	Male				\N		t	2021-05-23 09:55:06.412531+05:45	2021-05-23 09:55:06.412546+05:45	688	2021-05-23 09:55:06.413276+05:45	\N	+	276	2	\N
275	\N	Male				\N		t	2021-05-23 09:55:06.412531+05:45	2021-05-23 09:55:06.415855+05:45	689	2021-05-23 09:55:06.416932+05:45	\N	~	276	2	\N
276	\N	Male				\N		t	2021-05-23 09:55:06.594019+05:45	2021-05-23 09:55:06.59405+05:45	690	2021-05-23 09:55:06.595108+05:45	\N	+	277	2	\N
276	\N	Male				\N		t	2021-05-23 09:55:06.594019+05:45	2021-05-23 09:55:06.596959+05:45	691	2021-05-23 09:55:06.598185+05:45	\N	~	277	2	\N
276	\N	Male				\N		t	2021-05-23 09:55:06.594019+05:45	2021-05-23 09:55:06.609812+05:45	692	2021-05-23 09:55:06.610906+05:45	\N	~	277	2	\N
277	\N	Male				\N		t	2021-05-23 09:55:06.780419+05:45	2021-05-23 09:55:06.780433+05:45	693	2021-05-23 09:55:06.781169+05:45	\N	+	278	2	\N
277	\N	Male				\N		t	2021-05-23 09:55:06.780419+05:45	2021-05-23 09:55:06.783752+05:45	694	2021-05-23 09:55:06.784893+05:45	\N	~	278	2	\N
278	\N	Male				\N		t	2021-05-23 09:55:06.951011+05:45	2021-05-23 09:55:06.951032+05:45	695	2021-05-23 09:55:06.951914+05:45	\N	+	279	2	\N
278	\N	Male				\N		t	2021-05-23 09:55:06.951011+05:45	2021-05-23 09:55:06.953284+05:45	696	2021-05-23 09:55:06.954485+05:45	\N	~	279	2	\N
278	\N	Male				\N		t	2021-05-23 09:55:06.951011+05:45	2021-05-23 09:55:06.965639+05:45	697	2021-05-23 09:55:06.966788+05:45	\N	~	279	2	\N
279	\N	Male				\N		t	2021-05-23 09:55:07.134739+05:45	2021-05-23 09:55:07.134754+05:45	698	2021-05-23 09:55:07.135481+05:45	\N	+	280	2	\N
279	\N	Male				\N		t	2021-05-23 09:55:07.134739+05:45	2021-05-23 09:55:07.138066+05:45	699	2021-05-23 09:55:07.139113+05:45	\N	~	280	2	\N
280	\N	Male				\N		t	2021-05-23 09:55:07.313581+05:45	2021-05-23 09:55:07.313603+05:45	700	2021-05-23 09:55:07.315424+05:45	\N	+	281	2	\N
280	\N	Male				\N		t	2021-05-23 09:55:07.313581+05:45	2021-05-23 09:55:07.317757+05:45	701	2021-05-23 09:55:07.324673+05:45	\N	~	281	2	\N
280	\N	Male				\N		t	2021-05-23 09:55:07.313581+05:45	2021-05-23 09:55:07.342543+05:45	702	2021-05-23 09:55:07.343735+05:45	\N	~	281	2	\N
281	\N	Male				\N		t	2021-05-23 09:55:07.521272+05:45	2021-05-23 09:55:07.521286+05:45	703	2021-05-23 09:55:07.522115+05:45	\N	+	282	2	\N
281	\N	Male				\N		t	2021-05-23 09:55:07.521272+05:45	2021-05-23 09:55:07.524834+05:45	704	2021-05-23 09:55:07.525986+05:45	\N	~	282	2	\N
282	\N	Male				\N		t	2021-05-23 09:55:07.699439+05:45	2021-05-23 09:55:07.699461+05:45	705	2021-05-23 09:55:07.700491+05:45	\N	+	283	2	\N
282	\N	Male				\N		t	2021-05-23 09:55:07.699439+05:45	2021-05-23 09:55:07.702014+05:45	706	2021-05-23 09:55:07.70327+05:45	\N	~	283	2	\N
282	\N	Male				\N		t	2021-05-23 09:55:07.699439+05:45	2021-05-23 09:55:07.714861+05:45	707	2021-05-23 09:55:07.716093+05:45	\N	~	283	2	\N
283	\N	Male				\N		t	2021-05-23 09:55:07.886083+05:45	2021-05-23 09:55:07.886099+05:45	708	2021-05-23 09:55:07.88742+05:45	\N	+	284	2	\N
283	\N	Male				\N		t	2021-05-23 09:55:07.886083+05:45	2021-05-23 09:55:07.890336+05:45	709	2021-05-23 09:55:07.891586+05:45	\N	~	284	2	\N
284	\N	Male				\N		t	2021-05-23 09:55:08.063203+05:45	2021-05-23 09:55:08.063223+05:45	710	2021-05-23 09:55:08.064238+05:45	\N	+	285	2	\N
284	\N	Male				\N		t	2021-05-23 09:55:08.063203+05:45	2021-05-23 09:55:08.065912+05:45	711	2021-05-23 09:55:08.067292+05:45	\N	~	285	2	\N
284	\N	Male				\N		t	2021-05-23 09:55:08.063203+05:45	2021-05-23 09:55:08.07979+05:45	712	2021-05-23 09:55:08.081036+05:45	\N	~	285	2	\N
285	\N	Male				\N		t	2021-05-23 09:55:08.250791+05:45	2021-05-23 09:55:08.250811+05:45	713	2021-05-23 09:55:08.251668+05:45	\N	+	286	2	\N
285	\N	Male				\N		t	2021-05-23 09:55:08.250791+05:45	2021-05-23 09:55:08.254471+05:45	714	2021-05-23 09:55:08.255642+05:45	\N	~	286	2	\N
286	\N	Male				\N		t	2021-05-23 09:55:08.442738+05:45	2021-05-23 09:55:08.442759+05:45	715	2021-05-23 09:55:08.443716+05:45	\N	+	287	2	\N
286	\N	Male				\N		t	2021-05-23 09:55:08.442738+05:45	2021-05-23 09:55:08.445291+05:45	716	2021-05-23 09:55:08.446477+05:45	\N	~	287	2	\N
286	\N	Male				\N		t	2021-05-23 09:55:08.442738+05:45	2021-05-23 09:55:08.457632+05:45	717	2021-05-23 09:55:08.458783+05:45	\N	~	287	2	\N
287	\N	Male				\N		t	2021-05-23 09:55:08.62616+05:45	2021-05-23 09:55:08.626176+05:45	718	2021-05-23 09:55:08.627066+05:45	\N	+	288	2	\N
287	\N	Male				\N		t	2021-05-23 09:55:08.62616+05:45	2021-05-23 09:55:08.629715+05:45	719	2021-05-23 09:55:08.630777+05:45	\N	~	288	2	\N
288	\N	Male				\N		t	2021-05-23 09:55:08.805012+05:45	2021-05-23 09:55:08.805033+05:45	720	2021-05-23 09:55:08.805902+05:45	\N	+	289	2	\N
288	\N	Male				\N		t	2021-05-23 09:55:08.805012+05:45	2021-05-23 09:55:08.807414+05:45	721	2021-05-23 09:55:08.80867+05:45	\N	~	289	2	\N
288	\N	Male				\N		t	2021-05-23 09:55:08.805012+05:45	2021-05-23 09:55:08.820178+05:45	722	2021-05-23 09:55:08.821381+05:45	\N	~	289	2	\N
289	\N	Male				\N		t	2021-05-23 09:55:08.989024+05:45	2021-05-23 09:55:08.989041+05:45	723	2021-05-23 09:55:08.989832+05:45	\N	+	290	2	\N
289	\N	Male				\N		t	2021-05-23 09:55:08.989024+05:45	2021-05-23 09:55:08.992754+05:45	724	2021-05-23 09:55:08.99387+05:45	\N	~	290	2	\N
290	\N	Male				\N		t	2021-05-23 09:55:09.162622+05:45	2021-05-23 09:55:09.162643+05:45	725	2021-05-23 09:55:09.163628+05:45	\N	+	291	2	\N
290	\N	Male				\N		t	2021-05-23 09:55:09.162622+05:45	2021-05-23 09:55:09.165227+05:45	726	2021-05-23 09:55:09.166467+05:45	\N	~	291	2	\N
290	\N	Male				\N		t	2021-05-23 09:55:09.162622+05:45	2021-05-23 09:55:09.178103+05:45	727	2021-05-23 09:55:09.179291+05:45	\N	~	291	2	\N
291	\N	Male				\N		t	2021-05-23 09:55:09.376326+05:45	2021-05-23 09:55:09.376343+05:45	728	2021-05-23 09:55:09.377192+05:45	\N	+	292	2	\N
291	\N	Male				\N		t	2021-05-23 09:55:09.376326+05:45	2021-05-23 09:55:09.379988+05:45	729	2021-05-23 09:55:09.382064+05:45	\N	~	292	2	\N
292	\N	Male				\N		t	2021-05-23 09:55:09.548035+05:45	2021-05-23 09:55:09.548054+05:45	730	2021-05-23 09:55:09.548996+05:45	\N	+	293	2	\N
292	\N	Male				\N		t	2021-05-23 09:55:09.548035+05:45	2021-05-23 09:55:09.55037+05:45	731	2021-05-23 09:55:09.551559+05:45	\N	~	293	2	\N
292	\N	Male				\N		t	2021-05-23 09:55:09.548035+05:45	2021-05-23 09:55:09.56263+05:45	732	2021-05-23 09:55:09.563723+05:45	\N	~	293	2	\N
293	\N	Male				\N		t	2021-05-23 09:55:09.730739+05:45	2021-05-23 09:55:09.730753+05:45	733	2021-05-23 09:55:09.731607+05:45	\N	+	294	2	\N
293	\N	Male				\N		t	2021-05-23 09:55:09.730739+05:45	2021-05-23 09:55:09.734115+05:45	734	2021-05-23 09:55:09.735154+05:45	\N	~	294	2	\N
294	\N	Male				\N		t	2021-05-23 09:55:09.900668+05:45	2021-05-23 09:55:09.900687+05:45	735	2021-05-23 09:55:09.901648+05:45	\N	+	295	2	\N
294	\N	Male				\N		t	2021-05-23 09:55:09.900668+05:45	2021-05-23 09:55:09.903129+05:45	736	2021-05-23 09:55:09.904346+05:45	\N	~	295	2	\N
294	\N	Male				\N		t	2021-05-23 09:55:09.900668+05:45	2021-05-23 09:55:09.91567+05:45	737	2021-05-23 09:55:09.916763+05:45	\N	~	295	2	\N
295	\N	Male				\N		t	2021-05-23 09:55:10.085881+05:45	2021-05-23 09:55:10.085896+05:45	738	2021-05-23 09:55:10.086818+05:45	\N	+	296	2	\N
295	\N	Male				\N		t	2021-05-23 09:55:10.085881+05:45	2021-05-23 09:55:10.089622+05:45	739	2021-05-23 09:55:10.090811+05:45	\N	~	296	2	\N
296	\N	Male				\N		t	2021-05-23 09:55:10.258209+05:45	2021-05-23 09:55:10.258229+05:45	740	2021-05-23 09:55:10.259106+05:45	\N	+	297	2	\N
296	\N	Male				\N		t	2021-05-23 09:55:10.258209+05:45	2021-05-23 09:55:10.260446+05:45	741	2021-05-23 09:55:10.261655+05:45	\N	~	297	2	\N
296	\N	Male				\N		t	2021-05-23 09:55:10.258209+05:45	2021-05-23 09:55:10.272597+05:45	742	2021-05-23 09:55:10.273646+05:45	\N	~	297	2	\N
297	\N	Male				\N		t	2021-05-23 09:55:10.448873+05:45	2021-05-23 09:55:10.448887+05:45	743	2021-05-23 09:55:10.44964+05:45	\N	+	298	2	\N
297	\N	Male				\N		t	2021-05-23 09:55:10.448873+05:45	2021-05-23 09:55:10.452393+05:45	744	2021-05-23 09:55:10.453518+05:45	\N	~	298	2	\N
298	\N	Male				\N		t	2021-05-23 09:55:10.619334+05:45	2021-05-23 09:55:10.619353+05:45	745	2021-05-23 09:55:10.620314+05:45	\N	+	299	2	\N
298	\N	Male				\N		t	2021-05-23 09:55:10.619334+05:45	2021-05-23 09:55:10.621733+05:45	746	2021-05-23 09:55:10.622903+05:45	\N	~	299	2	\N
298	\N	Male				\N		t	2021-05-23 09:55:10.619334+05:45	2021-05-23 09:55:10.634168+05:45	747	2021-05-23 09:55:10.635338+05:45	\N	~	299	2	\N
299	\N	Male				\N		t	2021-05-23 09:55:10.802333+05:45	2021-05-23 09:55:10.802346+05:45	748	2021-05-23 09:55:10.803226+05:45	\N	+	300	2	\N
299	\N	Male				\N		t	2021-05-23 09:55:10.802333+05:45	2021-05-23 09:55:10.805929+05:45	749	2021-05-23 09:55:10.807042+05:45	\N	~	300	2	\N
300	\N	Male				\N		t	2021-05-23 09:55:10.973655+05:45	2021-05-23 09:55:10.973675+05:45	750	2021-05-23 09:55:10.974775+05:45	\N	+	301	2	\N
300	\N	Male				\N		t	2021-05-23 09:55:10.973655+05:45	2021-05-23 09:55:10.976365+05:45	751	2021-05-23 09:55:10.977611+05:45	\N	~	301	2	\N
300	\N	Male				\N		t	2021-05-23 09:55:10.973655+05:45	2021-05-23 09:55:10.988854+05:45	752	2021-05-23 09:55:10.990007+05:45	\N	~	301	2	\N
301	\N	Male				\N		t	2021-05-23 09:55:11.157412+05:45	2021-05-23 09:55:11.157426+05:45	753	2021-05-23 09:55:11.158167+05:45	\N	+	302	2	\N
301	\N	Male				\N		t	2021-05-23 09:55:11.157412+05:45	2021-05-23 09:55:11.160877+05:45	754	2021-05-23 09:55:11.16213+05:45	\N	~	302	2	\N
302	\N	Male				\N		t	2021-05-23 09:55:11.343727+05:45	2021-05-23 09:55:11.343764+05:45	755	2021-05-23 09:55:11.34531+05:45	\N	+	303	2	\N
302	\N	Male				\N		t	2021-05-23 09:55:11.343727+05:45	2021-05-23 09:55:11.3478+05:45	756	2021-05-23 09:55:11.349864+05:45	\N	~	303	2	\N
302	\N	Male				\N		t	2021-05-23 09:55:11.343727+05:45	2021-05-23 09:55:11.362102+05:45	757	2021-05-23 09:55:11.363315+05:45	\N	~	303	2	\N
303	\N	Male				\N		t	2021-05-23 09:55:11.54347+05:45	2021-05-23 09:55:11.543486+05:45	758	2021-05-23 09:55:11.544284+05:45	\N	+	304	2	\N
303	\N	Male				\N		t	2021-05-23 09:55:11.54347+05:45	2021-05-23 09:55:11.547091+05:45	759	2021-05-23 09:55:11.548265+05:45	\N	~	304	2	\N
304	\N	Male				\N		t	2021-05-23 09:55:11.714618+05:45	2021-05-23 09:55:11.714639+05:45	760	2021-05-23 09:55:11.715564+05:45	\N	+	305	2	\N
304	\N	Male				\N		t	2021-05-23 09:55:11.714618+05:45	2021-05-23 09:55:11.717241+05:45	761	2021-05-23 09:55:11.718501+05:45	\N	~	305	2	\N
304	\N	Male				\N		t	2021-05-23 09:55:11.714618+05:45	2021-05-23 09:55:11.729625+05:45	762	2021-05-23 09:55:11.73071+05:45	\N	~	305	2	\N
305	\N	Male				\N		t	2021-05-23 09:55:11.897818+05:45	2021-05-23 09:55:11.897832+05:45	763	2021-05-23 09:55:11.898619+05:45	\N	+	306	2	\N
305	\N	Male				\N		t	2021-05-23 09:55:11.897818+05:45	2021-05-23 09:55:11.901248+05:45	764	2021-05-23 09:55:11.902402+05:45	\N	~	306	2	\N
306	\N	Male				\N		t	2021-05-23 09:55:12.0681+05:45	2021-05-23 09:55:12.068121+05:45	765	2021-05-23 09:55:12.06898+05:45	\N	+	307	2	\N
306	\N	Male				\N		t	2021-05-23 09:55:12.0681+05:45	2021-05-23 09:55:12.070408+05:45	766	2021-05-23 09:55:12.071591+05:45	\N	~	307	2	\N
306	\N	Male				\N		t	2021-05-23 09:55:12.0681+05:45	2021-05-23 09:55:12.082438+05:45	767	2021-05-23 09:55:12.083601+05:45	\N	~	307	2	\N
307	\N	Male				\N		t	2021-05-23 09:55:12.257525+05:45	2021-05-23 09:55:12.257564+05:45	768	2021-05-23 09:55:12.259044+05:45	\N	+	308	2	\N
307	\N	Male				\N		t	2021-05-23 09:55:12.257525+05:45	2021-05-23 09:55:12.263153+05:45	769	2021-05-23 09:55:12.264305+05:45	\N	~	308	2	\N
308	\N	Male				\N		t	2021-05-23 09:55:12.437425+05:45	2021-05-23 09:55:12.437445+05:45	770	2021-05-23 09:55:12.438285+05:45	\N	+	309	2	\N
308	\N	Male				\N		t	2021-05-23 09:55:12.437425+05:45	2021-05-23 09:55:12.439734+05:45	771	2021-05-23 09:55:12.440975+05:45	\N	~	309	2	\N
308	\N	Male				\N		t	2021-05-23 09:55:12.437425+05:45	2021-05-23 09:55:12.459181+05:45	772	2021-05-23 09:55:12.460491+05:45	\N	~	309	2	\N
309	\N	Male				\N		t	2021-05-23 09:55:12.628857+05:45	2021-05-23 09:55:12.628871+05:45	773	2021-05-23 09:55:12.629697+05:45	\N	+	310	2	\N
309	\N	Male				\N		t	2021-05-23 09:55:12.628857+05:45	2021-05-23 09:55:12.632433+05:45	774	2021-05-23 09:55:12.633602+05:45	\N	~	310	2	\N
310	\N	Male				\N		t	2021-05-23 09:55:12.799531+05:45	2021-05-23 09:55:12.79955+05:45	775	2021-05-23 09:55:12.800342+05:45	\N	+	311	2	\N
310	\N	Male				\N		t	2021-05-23 09:55:12.799531+05:45	2021-05-23 09:55:12.801728+05:45	776	2021-05-23 09:55:12.802962+05:45	\N	~	311	2	\N
310	\N	Male				\N		t	2021-05-23 09:55:12.799531+05:45	2021-05-23 09:55:12.81371+05:45	777	2021-05-23 09:55:12.814753+05:45	\N	~	311	2	\N
311	\N	Male				\N		t	2021-05-23 09:55:12.981576+05:45	2021-05-23 09:55:12.98159+05:45	778	2021-05-23 09:55:12.982313+05:45	\N	+	312	2	\N
311	\N	Male				\N		t	2021-05-23 09:55:12.981576+05:45	2021-05-23 09:55:12.984862+05:45	779	2021-05-23 09:55:12.985905+05:45	\N	~	312	2	\N
312	\N	Male				\N		t	2021-05-23 09:55:13.152397+05:45	2021-05-23 09:55:13.152419+05:45	780	2021-05-23 09:55:13.153301+05:45	\N	+	313	2	\N
312	\N	Male				\N		t	2021-05-23 09:55:13.152397+05:45	2021-05-23 09:55:13.15472+05:45	781	2021-05-23 09:55:13.156053+05:45	\N	~	313	2	\N
312	\N	Male				\N		t	2021-05-23 09:55:13.152397+05:45	2021-05-23 09:55:13.167435+05:45	782	2021-05-23 09:55:13.168437+05:45	\N	~	313	2	\N
313	\N	Male				\N		t	2021-05-23 09:55:13.345344+05:45	2021-05-23 09:55:13.345363+05:45	783	2021-05-23 09:55:13.346267+05:45	\N	+	314	2	\N
313	\N	Male				\N		t	2021-05-23 09:55:13.345344+05:45	2021-05-23 09:55:13.349296+05:45	784	2021-05-23 09:55:13.350523+05:45	\N	~	314	2	\N
314	\N	Male				\N		t	2021-05-23 09:55:13.527582+05:45	2021-05-23 09:55:13.527607+05:45	785	2021-05-23 09:55:13.528651+05:45	\N	+	315	2	\N
314	\N	Male				\N		t	2021-05-23 09:55:13.527582+05:45	2021-05-23 09:55:13.530356+05:45	786	2021-05-23 09:55:13.531615+05:45	\N	~	315	2	\N
314	\N	Male				\N		t	2021-05-23 09:55:13.527582+05:45	2021-05-23 09:55:13.543049+05:45	787	2021-05-23 09:55:13.544136+05:45	\N	~	315	2	\N
3	\N	Male				\N		t	2021-05-23 09:53:16.263116+05:45	2021-05-23 09:55:50.365809+05:45	788	2021-05-23 09:55:50.370588+05:45	\N	~	4	2	\N
196	\N	Male				\N		t	2021-05-23 09:54:41.603885+05:45	2021-05-23 09:56:11.797502+05:45	789	2021-05-23 09:56:11.798663+05:45	\N	~	197	197	\N
1	\N	Male				\N		t	2021-05-23 09:49:06.481703+05:45	2021-05-23 09:56:32.64947+05:45	790	2021-05-23 09:56:32.6508+05:45	\N	~	2	2	\N
2	\N	Male				\N		t	2021-05-23 09:53:16.080993+05:45	2021-05-23 09:57:48.657795+05:45	791	2021-05-23 09:57:48.65907+05:45	\N	~	3	3	\N
196	\N	Male				\N		t	2021-05-23 09:54:41.603885+05:45	2021-05-23 09:59:41.406092+05:45	792	2021-05-23 09:59:41.407222+05:45	\N	~	197	197	\N
1	\N	Male				\N		t	2021-05-23 09:49:06.481703+05:45	2021-05-23 10:01:40.113771+05:45	793	2021-05-23 10:01:40.11518+05:45	\N	~	2	2	\N
196	\N	Male				\N		t	2021-05-23 09:54:41.603885+05:45	2021-05-23 10:07:37.335072+05:45	794	2021-05-23 10:07:37.336569+05:45	\N	~	197	197	\N
196	\N	Male				\N		t	2021-05-23 09:54:41.603885+05:45	2021-05-23 10:17:01.98057+05:45	795	2021-05-23 10:17:01.981725+05:45	\N	~	197	2	\N
196	\N	Male				\N		t	2021-05-23 09:54:41.603885+05:45	2021-05-23 10:17:15.826628+05:45	796	2021-05-23 10:17:15.827791+05:45	\N	~	197	197	\N
3	\N	Male				\N		t	2021-05-23 09:53:16.263116+05:45	2021-05-23 10:19:39.693288+05:45	797	2021-05-23 10:19:39.694651+05:45	\N	~	4	4	\N
1	\N	Male				\N		t	2021-05-23 09:49:06.481703+05:45	2021-05-23 10:28:48.32298+05:45	798	2021-05-23 10:28:48.32428+05:45	\N	~	2	2	\N
315	\N	Male				\N		t	2021-05-23 10:30:59.522426+05:45	2021-05-23 10:30:59.522446+05:45	799	2021-05-23 10:30:59.524019+05:45	\N	+	316	\N	\N
315	\N	Male				\N		t	2021-05-23 10:30:59.522426+05:45	2021-05-23 10:30:59.525893+05:45	800	2021-05-23 10:30:59.527352+05:45	\N	~	316	\N	\N
315	\N	Male				\N		t	2021-05-23 10:30:59.522426+05:45	2021-05-23 10:31:14.193324+05:45	801	2021-05-23 10:31:14.194581+05:45	\N	~	316	316	\N
\.


--
-- Data for Name: student_management_app_historicalsection; Type: TABLE DATA; Schema: public; Owner: gci_mis2
--

COPY public.student_management_app_historicalsection (id, section_name, capacity, category, description, created_at, updated_at, history_id, history_date, history_change_reason, history_type, history_user_id, semester_id, staff_id) FROM stdin;
1	A	\N			2021-05-23 09:43:24.740172+05:45	2021-05-23 09:43:24.740192+05:45	1	2021-05-23 09:43:24.741741+05:45	\N	+	\N	1	\N
2	A	\N			2021-05-23 09:43:30.988977+05:45	2021-05-23 09:43:30.988997+05:45	2	2021-05-23 09:43:30.990415+05:45	\N	+	\N	2	\N
\.


--
-- Data for Name: student_management_app_historicalsemester; Type: TABLE DATA; Schema: public; Owner: gci_mis2
--

COPY public.student_management_app_historicalsemester (id, name, semester_value, description, status, history_id, history_date, history_change_reason, history_type, history_user_id) FROM stdin;
1	2019(AS)	1		t	1	2021-05-23 09:43:10.301015+05:45	\N	+	\N
2	2020(AL)	2		t	2	2021-05-23 09:43:17.552187+05:45	\N	+	\N
\.


--
-- Data for Name: student_management_app_historicalsociallink; Type: TABLE DATA; Schema: public; Owner: gci_mis2
--

COPY public.student_management_app_historicalsociallink (id, role, facebook, twitter, linkedin, google_plus, created_at, updated_at, history_id, history_date, history_change_reason, history_type, history_user_id, user_id) FROM stdin;
\.


--
-- Data for Name: student_management_app_historicalstaff; Type: TABLE DATA; Schema: public; Owner: gci_mis2
--

COPY public.student_management_app_historicalstaff (id, dob, gender, religion, address, contact, join_date, created_at, updated_at, image, status, history_id, history_date, history_change_reason, history_type, history_user_id, staff_user_id) FROM stdin;
1	\N	Male				\N	2021-05-23 09:54:41.599994+05:45	2021-05-23 09:54:41.600017+05:45		t	1	2021-05-23 09:54:41.601496+05:45	\N	+	2	197
1	\N	Male				\N	2021-05-23 09:54:41.599994+05:45	2021-05-23 09:54:41.606681+05:45		t	2	2021-05-23 09:54:41.607969+05:45	\N	~	2	197
1	1991-01-15	Male		Kathmandu	0000000000	2021-05-23	2021-05-23 09:54:41.599994+05:45	2021-05-23 09:54:41.613452+05:45		t	3	2021-05-23 09:54:41.614642+05:45	\N	~	2	197
1	1991-01-15	Male		Kathmandu	0000000000	2021-05-23	2021-05-23 09:54:41.599994+05:45	2021-05-23 09:56:11.793312+05:45		t	4	2021-05-23 09:56:11.794549+05:45	\N	~	197	197
1	1991-01-15	Male		Kathmandu	0000000000	2021-05-23	2021-05-23 09:54:41.599994+05:45	2021-05-23 09:59:41.401633+05:45		t	5	2021-05-23 09:59:41.402938+05:45	\N	~	197	197
1	1991-01-15	Male		Kathmandu	0000000000	2021-05-23	2021-05-23 09:54:41.599994+05:45	2021-05-23 10:07:37.329895+05:45		t	6	2021-05-23 10:07:37.331159+05:45	\N	~	197	197
1	1991-01-15	Male		Kathmandu	0000000000	2021-05-11	2021-05-23 09:54:41.599994+05:45	2021-05-23 10:17:01.969228+05:45		t	7	2021-05-23 10:17:01.970819+05:45	\N	~	2	197
1	1991-01-15	Male		Kathmandu	0000000000	2021-05-11	2021-05-23 09:54:41.599994+05:45	2021-05-23 10:17:01.976738+05:45		t	8	2021-05-23 10:17:01.977876+05:45	\N	~	2	197
1	1991-01-15	Male		Kathmandu	0000000000	2021-05-11	2021-05-23 09:54:41.599994+05:45	2021-05-23 10:17:15.822376+05:45		t	9	2021-05-23 10:17:15.823637+05:45	\N	~	197	197
\.


--
-- Data for Name: student_management_app_historicalstudent; Type: TABLE DATA; Schema: public; Owner: gci_mis2
--

COPY public.student_management_app_historicalstudent (id, join_year, stu_id, roll_no, full_name, gender, shift, course, faculty, program, status, contact, permanent_address, temporary_address, dob, blood_group, see_gpa, previous_school_name, image, barcode, qr_code, register_no, religion, remarks, extra_curricular_activities, state, country, created_at, updated_at, history_id, history_date, history_change_reason, history_type, group_id, guardian_id, history_user_id, optional_subject_id, section_id, semester_id, session_year_id, student_user_id, subject_id, transport_id) FROM stdin;
1	2020	2271		\N	Male	Day	A-Level20NS ( A-Level20NS)	 Non-Science"	A-Level	Running				2005-10-16					student_barcodes/Aakash_Pal_YM2z8Cv.png		\N	\N	\N		\N	\N	2021-05-23 09:53:16.286379+05:45	2021-05-23 09:53:16.286398+05:45	1	2021-05-23 09:53:16.289145+05:45	\N	+	\N	1	2	Acct001	2	2	\N	4	\N	\N
2	2020	2174		\N	Female	Day	A-Level20NS ( A-Level20NS)	 Non-Science"	A-Level	Running	9808721506			2005-08-10					student_barcodes/Aayusha_Karki_7ef78iT.png		\N	\N	\N		\N	\N	2021-05-23 09:53:16.703947+05:45	2021-05-23 09:53:16.703962+05:45	2	2021-05-23 09:53:16.705181+05:45	\N	+	\N	2	2	Acct001	2	2	\N	6	\N	\N
3	2020	2175		\N	Male	Day	A-Level20NS ( A-Level20NS)	 Non-Science"	A-Level	Running				2005-08-10					student_barcodes/Amogh_Guragai_IPXtlYM.png		\N	\N	\N		\N	\N	2021-05-23 09:53:17.067466+05:45	2021-05-23 09:53:17.067481+05:45	3	2021-05-23 09:53:17.068984+05:45	\N	+	\N	3	2	Acct001	2	2	\N	8	\N	\N
4	2020	2240		\N	Male	Day	A-Level20NS ( A-Level20NS)	 Non-Science"	A-Level	Running				2005-10-06					student_barcodes/Ashish_Sherpa_bz0LwRD.png		\N	\N	\N		\N	\N	2021-05-23 09:53:17.441983+05:45	2021-05-23 09:53:17.441998+05:45	4	2021-05-23 09:53:17.44323+05:45	\N	+	\N	4	2	Acct001	2	2	\N	10	\N	\N
5	2020	2177		\N	Male	Day	A-Level20NS ( A-Level20NS)	 Non-Science"	A-Level	Running				2005-08-10					student_barcodes/Avyash_Kurumbang_Limbhu_1o5buaU.png		\N	\N	\N		\N	\N	2021-05-23 09:53:17.799209+05:45	2021-05-23 09:53:17.799224+05:45	5	2021-05-23 09:53:17.800444+05:45	\N	+	\N	5	2	Acct001	2	2	\N	12	\N	\N
6	2020	2178		\N	Male	Day	A-Level20NS ( A-Level20NS)	 Non-Science"	A-Level	Running				2005-08-10					student_barcodes/Barish_Rai_cIgcZJu.png		\N	\N	\N		\N	\N	2021-05-23 09:53:18.167382+05:45	2021-05-23 09:53:18.167398+05:45	6	2021-05-23 09:53:18.168905+05:45	\N	+	\N	6	2	Acct001	2	2	\N	14	\N	\N
7	2020	2179		\N	Female	Day	A-Level20NS ( A-Level20NS)	 Non-Science"	A-Level	Running				2005-08-10					student_barcodes/Denisha_Basnet_aK2DH9f.png		\N	\N	\N		\N	\N	2021-05-23 09:53:18.535181+05:45	2021-05-23 09:53:18.535197+05:45	7	2021-05-23 09:53:18.5363+05:45	\N	+	\N	7	2	Acct001	2	2	\N	16	\N	\N
8	2020	2249		\N	Male	Day	A-Level20NS ( A-Level20NS)	 Non-Science"	A-Level	Running				2005-10-06					student_barcodes/Gobind_Mukhiya_qKPdvqW.png		\N	\N	\N		\N	\N	2021-05-23 09:53:18.898223+05:45	2021-05-23 09:53:18.898243+05:45	8	2021-05-23 09:53:18.899595+05:45	\N	+	\N	8	2	Acct001	2	2	\N	18	\N	\N
9	2020	2269		\N	Male	Day	A-Level20NS ( A-Level20NS)	 Non-Science"	A-Level	Running				2005-10-06					student_barcodes/Jackson_Shahi_Djytuf2.png		\N	\N	\N		\N	\N	2021-05-23 09:53:19.27268+05:45	2021-05-23 09:53:19.272695+05:45	9	2021-05-23 09:53:19.274215+05:45	\N	+	\N	9	2	Acct001	2	2	\N	20	\N	\N
10	2020	2180		\N	Female	Day	A-Level20NS ( A-Level20NS)	 Non-Science"	A-Level	Running				2005-08-10					student_barcodes/Jaya_Gupta_k8ZfhMd.png		\N	\N	\N		\N	\N	2021-05-23 09:53:19.628846+05:45	2021-05-23 09:53:19.62886+05:45	10	2021-05-23 09:53:19.629911+05:45	\N	+	\N	10	2	Acct001	2	2	\N	22	\N	\N
11	2020	2181		\N	Male	Day	A-Level20NS ( A-Level20NS)	 Non-Science"	A-Level	Running				2005-08-10					student_barcodes/Jwalandeep_Adhikari_KF89Zve.png		\N	\N	\N		\N	\N	2021-05-23 09:53:20.00562+05:45	2021-05-23 09:53:20.005635+05:45	11	2021-05-23 09:53:20.006849+05:45	\N	+	\N	11	2	Acct001	2	2	\N	24	\N	\N
12	2020	2182		\N	Male	Day	A-Level20NS ( A-Level20NS)	 Non-Science"	A-Level	Running				2005-08-10					student_barcodes/Kaustuv_Shrestha_XBFF6kW.png		\N	\N	\N		\N	\N	2021-05-23 09:53:20.371754+05:45	2021-05-23 09:53:20.371767+05:45	12	2021-05-23 09:53:20.374054+05:45	\N	+	\N	12	2	Acct001	2	2	\N	26	\N	\N
13	2020	2242		\N	Male	Day	A-Level20NS ( A-Level20NS)	 Non-Science"	A-Level	Running				2005-10-06					student_barcodes/Kishor_Singh_Bhandari_06xptpc.png		\N	\N	\N		\N	\N	2021-05-23 09:53:20.739616+05:45	2021-05-23 09:53:20.739633+05:45	13	2021-05-23 09:53:20.740854+05:45	\N	+	\N	13	2	Acct001	2	2	\N	28	\N	\N
14	2020	2184		\N	Male	Day	A-Level20NS ( A-Level20NS)	 Non-Science"	A-Level	Running				2005-08-11					student_barcodes/Krishna_Nepal_OlP3wbZ.png		\N	\N	\N		\N	\N	2021-05-23 09:53:21.102159+05:45	2021-05-23 09:53:21.102174+05:45	14	2021-05-23 09:53:21.103379+05:45	\N	+	\N	14	2	Acct001	2	2	\N	30	\N	\N
15	2020	2185		\N	Female	Day	A-Level20NS ( A-Level20NS)	 Non-Science"	A-Level	Running				2005-08-11					student_barcodes/Kriti_Chhetri_K5d8xKj.png		\N	\N	\N		\N	\N	2021-05-23 09:53:21.464323+05:45	2021-05-23 09:53:21.46434+05:45	15	2021-05-23 09:53:21.465569+05:45	\N	+	\N	15	2	Busi001	2	2	\N	32	\N	\N
16	2020	2243		\N	Female	Day	A-Level20NS ( A-Level20NS)	 Non-Science"	A-Level	Running				2005-10-06					student_barcodes/Kritika_Khandelwal_Xo1bTJq.png		\N	\N	\N		\N	\N	2021-05-23 09:53:21.824416+05:45	2021-05-23 09:53:21.824431+05:45	16	2021-05-23 09:53:21.825595+05:45	\N	+	\N	16	2	Comp001	2	2	\N	34	\N	\N
17	2020	2186		\N	Female	Day	A-Level20NS ( A-Level20NS)	 Non-Science"	A-Level	Running				2005-08-11					student_barcodes/Kritika_Singh_dM79Aec.png		\N	\N	\N		\N	\N	2021-05-23 09:53:22.190204+05:45	2021-05-23 09:53:22.190221+05:45	17	2021-05-23 09:53:22.191805+05:45	\N	+	\N	17	2	Acct001	2	2	\N	36	\N	\N
18	2020	2187		\N	Male	Day	A-Level20NS ( A-Level20NS)	 Non-Science"	A-Level	Running				2005-08-11					student_barcodes/Manash_Raj_Sharma_r5fnRnG.png		\N	\N	\N		\N	\N	2021-05-23 09:53:22.556383+05:45	2021-05-23 09:53:22.556401+05:45	18	2021-05-23 09:53:22.558093+05:45	\N	+	\N	18	2	Acct001	2	2	\N	38	\N	\N
19	2020	2188		\N	Male	Day	A-Level20NS ( A-Level20NS)	 Non-Science"	A-Level	Running				2005-08-11					student_barcodes/Manik_Sharma_Bhattarai_woPqRtg.png		\N	\N	\N		\N	\N	2021-05-23 09:53:22.921451+05:45	2021-05-23 09:53:22.921471+05:45	19	2021-05-23 09:53:22.922871+05:45	\N	+	\N	19	2	Acct001	2	2	\N	40	\N	\N
20	2020	2245		\N	Female	Day	A-Level20NS ( A-Level20NS)	 Non-Science"	A-Level	Running				2005-10-06					student_barcodes/Manjari_Lohani_6ADGhgV.png		\N	\N	\N		\N	\N	2021-05-23 09:53:23.33253+05:45	2021-05-23 09:53:23.332545+05:45	20	2021-05-23 09:53:23.333904+05:45	\N	+	\N	20	2	Acct001	2	2	\N	42	\N	\N
21	2020	2246		\N	Female	Day	A-Level20NS ( A-Level20NS)	 Non-Science"	A-Level	Running				2005-10-06					student_barcodes/Miksee_Rai_FmdLIpI.png		\N	\N	\N		\N	\N	2021-05-23 09:53:23.705123+05:45	2021-05-23 09:53:23.705138+05:45	21	2021-05-23 09:53:23.707112+05:45	\N	+	\N	21	2	Acct001	2	2	\N	44	\N	\N
22	2020	2189		\N	Male	Day	A-Level20NS ( A-Level20NS)	 Non-Science"	A-Level	Running				2005-08-11					student_barcodes/Nigesh_Pun_nJ0oP0I.png		\N	\N	\N		\N	\N	2021-05-23 09:53:24.075519+05:45	2021-05-23 09:53:24.075542+05:45	22	2021-05-23 09:53:24.076994+05:45	\N	+	\N	22	2	Busi001	2	2	\N	46	\N	\N
23	2020	2190		\N	Male	Day	A-Level20NS ( A-Level20NS)	 Non-Science"	A-Level	Running				2005-08-11					student_barcodes/Nishant_Bhandari_i2uurtq.png		\N	\N	\N		\N	\N	2021-05-23 09:53:24.474308+05:45	2021-05-23 09:53:24.474322+05:45	23	2021-05-23 09:53:24.47538+05:45	\N	+	\N	23	2	Acct001	2	2	\N	48	\N	\N
24	2020	2191		\N	Male	Day	A-Level20NS ( A-Level20NS)	 Non-Science"	A-Level	Running				2005-08-11					student_barcodes/Paarth_Man_Singh_Basnyat_yXczFgK.png		\N	\N	\N		\N	\N	2021-05-23 09:53:24.830668+05:45	2021-05-23 09:53:24.830682+05:45	24	2021-05-23 09:53:24.831761+05:45	\N	+	\N	24	2	Art001	2	2	\N	50	\N	\N
25	2020	2192		\N	Female	Day	A-Level20NS ( A-Level20NS)	 Non-Science"	A-Level	Running				2005-08-11					student_barcodes/Piya_Gurung_8nSIA1v.png		\N	\N	\N		\N	\N	2021-05-23 09:53:25.231731+05:45	2021-05-23 09:53:25.231756+05:45	25	2021-05-23 09:53:25.233192+05:45	\N	+	\N	25	2	Busi001	2	2	\N	52	\N	\N
26	2020	2214		\N	Male	Day	A-Level20NS ( A-Level20NS)	 Non-Science"	A-Level	Running				2005-08-11					student_barcodes/Poshan_Gurung_4rCARD7.png		\N	\N	\N		\N	\N	2021-05-23 09:53:25.617011+05:45	2021-05-23 09:53:25.617027+05:45	26	2021-05-23 09:53:25.618359+05:45	\N	+	\N	26	2	Busi001	2	2	\N	54	\N	\N
27	2020	2195		\N	Female	Day	A-Level20NS ( A-Level20NS)	 Non-Science"	A-Level	Running				2005-08-11					student_barcodes/Prasansha_Subba_PRCviEA.png		\N	\N	\N		\N	\N	2021-05-23 09:53:25.974144+05:45	2021-05-23 09:53:25.974157+05:45	27	2021-05-23 09:53:25.975243+05:45	\N	+	\N	27	2	Acct001	2	2	\N	56	\N	\N
28	2020	2196		\N	Female	Day	A-Level20NS ( A-Level20NS)	 Non-Science"	A-Level	Running				2005-08-11					student_barcodes/Pritishma_Shah_yorxHKB.png		\N	\N	\N		\N	\N	2021-05-23 09:53:26.430875+05:45	2021-05-23 09:53:26.430891+05:45	28	2021-05-23 09:53:26.432078+05:45	\N	+	\N	28	2	Acct001	2	2	\N	58	\N	\N
29	2020	2197		\N	Female	Day	A-Level20NS ( A-Level20NS)	 Non-Science"	A-Level	Running				2005-08-11					student_barcodes/Samishrika_Pariyar_DTyZr0o.png		\N	\N	\N		\N	\N	2021-05-23 09:53:26.790378+05:45	2021-05-23 09:53:26.790392+05:45	29	2021-05-23 09:53:26.791485+05:45	\N	+	\N	29	2	Art001	2	2	\N	60	\N	\N
60	2020	2255		\N	Male	Day	A-Level20S ( A-Level20S)	 Science"	A-Level	Running				2005-10-06					student_barcodes/Pragik_K.C._VNfz78B.png		\N	\N	\N		\N	\N	2021-05-23 09:54:09.364621+05:45	2021-05-23 09:54:09.364634+05:45	60	2021-05-23 09:54:09.365637+05:45	\N	+	\N	60	2	Comp001	2	2	\N	122	\N	\N
30	2020	2198		\N	Female	Day	A-Level20NS ( A-Level20NS)	 Non-Science"	A-Level	Running				2005-08-11					student_barcodes/Sarika_Koirala_cj7LRgj.png		\N	\N	\N		\N	\N	2021-05-23 09:53:27.144863+05:45	2021-05-23 09:53:27.144877+05:45	30	2021-05-23 09:53:27.146014+05:45	\N	+	\N	30	2	Acct001	2	2	\N	62	\N	\N
31	2020	2229		\N	Male	Day	A-Level20NS ( A-Level20NS)	 Non-Science"	A-Level	Running				2005-08-11					student_barcodes/Sarthak_Thapa_jMUu0Kc.png		\N	\N	\N		\N	\N	2021-05-23 09:53:27.52048+05:45	2021-05-23 09:53:27.520494+05:45	31	2021-05-23 09:53:27.521895+05:45	\N	+	\N	31	2	Art001	2	2	\N	64	\N	\N
32	2020	2199		\N	Female	Day	A-Level20NS ( A-Level20NS)	 Non-Science"	A-Level	Running				2005-08-11					student_barcodes/Shruti_Chhetri_zBvXrk6.png		\N	\N	\N		\N	\N	2021-05-23 09:53:27.879492+05:45	2021-05-23 09:53:27.879506+05:45	32	2021-05-23 09:53:27.88063+05:45	\N	+	\N	32	2	Acct001	2	2	\N	66	\N	\N
33	2020	2275		\N	Female	Day	A-Level20NS ( A-Level20NS)	 Non-Science"	A-Level	Running				2005-10-16					student_barcodes/Smriti_K.C._uFnXyuz.png		\N	\N	\N		\N	\N	2021-05-23 09:53:28.24645+05:45	2021-05-23 09:53:28.246467+05:45	33	2021-05-23 09:53:28.247614+05:45	\N	+	\N	33	2	Acct001	2	2	\N	68	\N	\N
34	2020	2200		\N	Male	Day	A-Level20NS ( A-Level20NS)	 Non-Science"	A-Level	Running				2005-08-11					student_barcodes/Sparsh_Roka_Magar_I7MLIk0.png		\N	\N	\N		\N	\N	2021-05-23 09:53:28.604323+05:45	2021-05-23 09:53:28.604336+05:45	34	2021-05-23 09:53:28.605521+05:45	\N	+	\N	34	2	Acct001	2	2	\N	70	\N	\N
35	2020	2201		\N	Male	Day	A-Level20NS ( A-Level20NS)	 Non-Science"	A-Level	Running				2005-08-11					student_barcodes/Sulav_Shrestha_z1k5Wfs.png		\N	\N	\N		\N	\N	2021-05-23 09:53:28.968484+05:45	2021-05-23 09:53:28.968498+05:45	35	2021-05-23 09:53:28.969715+05:45	\N	+	\N	35	2	Acct001	2	2	\N	72	\N	\N
36	2020	2202		\N	Female	Day	A-Level20NS ( A-Level20NS)	 Non-Science"	A-Level	Running				2005-08-11					student_barcodes/Vijita_Raut_HG4l9wg.png		\N	\N	\N		\N	\N	2021-05-23 09:53:29.328072+05:45	2021-05-23 09:53:29.328087+05:45	36	2021-05-23 09:53:29.329111+05:45	\N	+	\N	36	2	Acct001	2	2	\N	74	\N	\N
37	2020	2203		\N	Female	Day	A-Level20NS ( A-Level20NS)	 Non-Science"	A-Level	Running				2005-08-11					student_barcodes/Yaju_Maharjhan_NvSQkLR.png		\N	\N	\N		\N	\N	2021-05-23 09:53:29.714271+05:45	2021-05-23 09:53:29.714287+05:45	37	2021-05-23 09:53:29.715418+05:45	\N	+	\N	37	2	Acct001	2	2	\N	76	\N	\N
38	2020	2204		\N	Male	Day	A-Level20S ( A-Level20S)	 Science"	A-Level	Running				2005-08-11					student_barcodes/Aashutosh_Thakurati_UPQaXBq.png		\N	\N	\N		\N	\N	2021-05-23 09:54:01.308067+05:45	2021-05-23 09:54:01.308081+05:45	38	2021-05-23 09:54:01.31009+05:45	\N	+	\N	38	2	Chem001	2	2	\N	78	\N	\N
39	2020	2276		\N	Male	Day	A-Level20S ( A-Level20S)	 Science"	A-Level	Running				2005-10-16					student_barcodes/Anmol_Khadka_3guYggf.png		\N	\N	\N		\N	\N	2021-05-23 09:54:01.688052+05:45	2021-05-23 09:54:01.688066+05:45	39	2021-05-23 09:54:01.689303+05:45	\N	+	\N	39	2	Chem001	2	2	\N	80	\N	\N
40	2020	2205		\N	Female	Day	A-Level20S ( A-Level20S)	 Science"	A-Level	Running				2005-08-11					student_barcodes/Anne_Shrestha_VihKYRL.png		\N	\N	\N		\N	\N	2021-05-23 09:54:02.052857+05:45	2021-05-23 09:54:02.052875+05:45	40	2021-05-23 09:54:02.054192+05:45	\N	+	\N	40	2	Bio001	2	2	\N	82	\N	\N
41	2020	2206		\N	Male	Day	A-Level20S ( A-Level20S)	 Science"	A-Level	Running				2005-08-11					student_barcodes/Ashweeni_Paudel_J87YI7z.png		\N	\N	\N		\N	\N	2021-05-23 09:54:02.417477+05:45	2021-05-23 09:54:02.417491+05:45	41	2021-05-23 09:54:02.418659+05:45	\N	+	\N	41	2	Chem001	2	2	\N	84	\N	\N
42	2020	2248		\N	Female	Day	A-Level20S ( A-Level20S)	 Science"	A-Level	Running				2005-10-06					student_barcodes/Bidushi_Bajracharya_wAxT9pQ.png		\N	\N	\N		\N	\N	2021-05-23 09:54:02.773021+05:45	2021-05-23 09:54:02.773034+05:45	42	2021-05-23 09:54:02.774216+05:45	\N	+	\N	42	2	Art001	2	2	\N	86	\N	\N
43	2020	2207		\N	Male	Day	A-Level20S ( A-Level20S)	 Science"	A-Level	Running				2005-08-11					student_barcodes/Chirag_Timilsina_EFbuTPN.png		\N	\N	\N		\N	\N	2021-05-23 09:54:03.131962+05:45	2021-05-23 09:54:03.131976+05:45	43	2021-05-23 09:54:03.133333+05:45	\N	+	\N	43	2	Bio001	2	2	\N	88	\N	\N
44	2020	2268		\N	Male	Day	A-Level20S ( A-Level20S)	 Science"	A-Level	Running				2005-10-06					student_barcodes/Daniel_Sherchan_m5sVjEN.png		\N	\N	\N		\N	\N	2021-05-23 09:54:03.49501+05:45	2021-05-23 09:54:03.495025+05:45	44	2021-05-23 09:54:03.49631+05:45	\N	+	\N	44	2	Bio001	2	2	\N	90	\N	\N
45	2020	2208		\N	Male	Day	A-Level20S ( A-Level20S)	 Science"	A-Level	Running				2005-08-11					student_barcodes/Enrique_Bikram_Shrestha_bBvVd9M.png		\N	\N	\N		\N	\N	2021-05-23 09:54:03.85798+05:45	2021-05-23 09:54:03.857994+05:45	45	2021-05-23 09:54:03.858982+05:45	\N	+	\N	45	2	Bio001	2	2	\N	92	\N	\N
46	2020	2209		\N	Female	Day	A-Level20S ( A-Level20S)	 Science"	A-Level	Running				2005-08-11					student_barcodes/Harbisha_Gopali_YgexKmH.png		\N	\N	\N		\N	\N	2021-05-23 09:54:04.233965+05:45	2021-05-23 09:54:04.233983+05:45	46	2021-05-23 09:54:04.235047+05:45	\N	+	\N	46	2	Bio001	2	2	\N	94	\N	\N
47	2020	2250		\N	Female	Day	A-Level20S ( A-Level20S)	 Science"	A-Level	Running				2005-10-06					student_barcodes/Jeenam_Bhattarai_QbP0u3u.png		\N	\N	\N		\N	\N	2021-05-23 09:54:04.596205+05:45	2021-05-23 09:54:04.596219+05:45	47	2021-05-23 09:54:04.597263+05:45	\N	+	\N	47	2	Chem001	2	2	\N	96	\N	\N
48	2020	2241		\N	Female	Day	A-Level20S ( A-Level20S)	 Science"	A-Level	Running				2005-10-06					student_barcodes/Jeeya_Karki_go1NywA.png		\N	\N	\N		\N	\N	2021-05-23 09:54:04.952987+05:45	2021-05-23 09:54:04.953001+05:45	48	2021-05-23 09:54:04.954061+05:45	\N	+	\N	48	2	Acct001	2	2	\N	98	\N	\N
49	2020	2251		\N	Male	Day	A-Level20S ( A-Level20S)	 Science"	A-Level	Running				2005-10-06					student_barcodes/Leenum_Uprety_cN3DWO9.png		\N	\N	\N		\N	\N	2021-05-23 09:54:05.31707+05:45	2021-05-23 09:54:05.317085+05:45	49	2021-05-23 09:54:05.318126+05:45	\N	+	\N	49	2	Bio001	2	2	\N	100	\N	\N
50	2020	2272		\N	Female	Day	A-Level20S ( A-Level20S)	 Science"	A-Level	Running				2005-10-16					student_barcodes/Madhu_Kumari_Jayswal_xq8nWGk.png		\N	\N	\N		\N	\N	2021-05-23 09:54:05.707758+05:45	2021-05-23 09:54:05.707771+05:45	50	2021-05-23 09:54:05.708834+05:45	\N	+	\N	50	2	Bio001	2	2	\N	102	\N	\N
51	2020	2210		\N	Female	Day	A-Level20S ( A-Level20S)	 Science"	A-Level	Running				2005-08-11					student_barcodes/Manasha_Koirala_wty23ka.png		\N	\N	\N		\N	\N	2021-05-23 09:54:06.067119+05:45	2021-05-23 09:54:06.067133+05:45	51	2021-05-23 09:54:06.068174+05:45	\N	+	\N	51	2	Comp001	2	2	\N	104	\N	\N
52	2020	2211		\N	Male	Day	A-Level20S ( A-Level20S)	 Science"	A-Level	Running				2005-08-11					student_barcodes/Nawal_Rai_uF6m2kt.png		\N	\N	\N		\N	\N	2021-05-23 09:54:06.430561+05:45	2021-05-23 09:54:06.430575+05:45	52	2021-05-23 09:54:06.431669+05:45	\N	+	\N	52	2	Chem001	2	2	\N	106	\N	\N
53	2020	2212		\N	Male	Day	A-Level20S ( A-Level20S)	 Science"	A-Level	Running				2005-08-11					student_barcodes/Nayam_Barun_NFRc551.png		\N	\N	\N		\N	\N	2021-05-23 09:54:06.783882+05:45	2021-05-23 09:54:06.783895+05:45	53	2021-05-23 09:54:06.784904+05:45	\N	+	\N	53	2	Chem001	2	2	\N	108	\N	\N
54	2020	2252		\N	Male	Day	A-Level20S ( A-Level20S)	 Science"	A-Level	Running				2005-10-06					student_barcodes/Niraj_Pal_s9Si2wM.png		\N	\N	\N		\N	\N	2021-05-23 09:54:07.140126+05:45	2021-05-23 09:54:07.140139+05:45	54	2021-05-23 09:54:07.141124+05:45	\N	+	\N	54	2	Chem001	2	2	\N	110	\N	\N
55	2020	2213		\N	Male	Day	A-Level20S ( A-Level20S)	 Science"	A-Level	Running				2005-08-11					student_barcodes/Nitesh_Gurung_Cf88fHs.png		\N	\N	\N		\N	\N	2021-05-23 09:54:07.50618+05:45	2021-05-23 09:54:07.506194+05:45	55	2021-05-23 09:54:07.507308+05:45	\N	+	\N	55	2	Chem001	2	2	\N	112	\N	\N
56	2020	2273		\N	Female	Day	A-Level20S ( A-Level20S)	 Science"	A-Level	Running				2005-10-16					student_barcodes/Numa_Ghishing_l9W38t5.png		\N	\N	\N		\N	\N	2021-05-23 09:54:07.862258+05:45	2021-05-23 09:54:07.862271+05:45	56	2021-05-23 09:54:07.86329+05:45	\N	+	\N	56	2	Bio001	2	2	\N	114	\N	\N
57	2020	2253		\N	Male	Day	A-Level20S ( A-Level20S)	 Science"	A-Level	Running				2005-10-06					student_barcodes/Parth_Chalise_FZHnOrv.png		\N	\N	\N		\N	\N	2021-05-23 09:54:08.246279+05:45	2021-05-23 09:54:08.246294+05:45	57	2021-05-23 09:54:08.247515+05:45	\N	+	\N	57	2	Chem001	2	2	\N	116	\N	\N
58	2020	2254		\N	Male	Day	A-Level20S ( A-Level20S)	 Science"	A-Level	Running				2005-10-06					student_barcodes/Pawan_Khatiwada_XKAWARa.png		\N	\N	\N		\N	\N	2021-05-23 09:54:08.608952+05:45	2021-05-23 09:54:08.608966+05:45	58	2021-05-23 09:54:08.610065+05:45	\N	+	\N	58	2	Chem001	2	2	\N	118	\N	\N
59	2020	2215		\N	Male	Day	A-Level20S ( A-Level20S)	 Science"	A-Level	Running				2005-08-11					student_barcodes/Prabesh_Parajuli_aOaY8FL.png		\N	\N	\N		\N	\N	2021-05-23 09:54:08.968856+05:45	2021-05-23 09:54:08.968869+05:45	59	2021-05-23 09:54:08.969903+05:45	\N	+	\N	59	2	Chem001	2	2	\N	120	\N	\N
61	2020	2216		\N	Female	Day	A-Level20S ( A-Level20S)	 Science"	A-Level	Running				2005-08-11					student_barcodes/Prajita_Gurung_IE0WLff.png		\N	\N	\N		\N	\N	2021-05-23 09:54:09.757796+05:45	2021-05-23 09:54:09.757809+05:45	61	2021-05-23 09:54:09.758771+05:45	\N	+	\N	61	2	Bio001	2	2	\N	124	\N	\N
62	2020	2193		\N	Male	Day	A-Level20S ( A-Level20S)	 Science"	A-Level	Running				2005-08-11					student_barcodes/Pramish_Bhattarai_yzJFoTz.png		\N	\N	\N		\N	\N	2021-05-23 09:54:10.122448+05:45	2021-05-23 09:54:10.122462+05:45	62	2021-05-23 09:54:10.123703+05:45	\N	+	\N	62	2	Comp001	2	2	\N	126	\N	\N
63	2020	2217		\N	Male	Day	A-Level20S ( A-Level20S)	 Science"	A-Level	Running				2005-08-11					student_barcodes/Prasiddha_Dangol_IOJE6S4.png		\N	\N	\N		\N	\N	2021-05-23 09:54:10.482691+05:45	2021-05-23 09:54:10.482705+05:45	63	2021-05-23 09:54:10.483732+05:45	\N	+	\N	63	2	Chem001	2	2	\N	128	\N	\N
64	2020	2256		\N	Female	Day	A-Level20S ( A-Level20S)	 Science"	A-Level	Running				2005-10-06					student_barcodes/Puja_Kumari_Khadka_CekXOXQ.png		\N	\N	\N		\N	\N	2021-05-23 09:54:10.835945+05:45	2021-05-23 09:54:10.83596+05:45	64	2021-05-23 09:54:10.837022+05:45	\N	+	\N	64	2	Art001	2	2	\N	130	\N	\N
65	2020	2218		\N	Female	Day	A-Level20S ( A-Level20S)	 Science"	A-Level	Running				2005-08-11					student_barcodes/Rajina_Neupane_KodLLT2.png		\N	\N	\N		\N	\N	2021-05-23 09:54:11.191872+05:45	2021-05-23 09:54:11.191885+05:45	65	2021-05-23 09:54:11.193035+05:45	\N	+	\N	65	2	Art001	2	2	\N	132	\N	\N
66	2020	2219		\N	Male	Day	A-Level20S ( A-Level20S)	 Science"	A-Level	Running				2005-08-11					student_barcodes/Rasik_Raj_Bista_66jXXnV.png		\N	\N	\N		\N	\N	2021-05-23 09:54:11.557568+05:45	2021-05-23 09:54:11.557585+05:45	66	2021-05-23 09:54:11.558819+05:45	\N	+	\N	66	2	Bio001	2	2	\N	134	\N	\N
67	2020	2257		\N	Male	Day	A-Level20S ( A-Level20S)	 Science"	A-Level	Running				2005-10-06					student_barcodes/Raunak_Neupane_JC7eotM.png		\N	\N	\N		\N	\N	2021-05-23 09:54:11.914809+05:45	2021-05-23 09:54:11.914823+05:45	67	2021-05-23 09:54:11.915853+05:45	\N	+	\N	67	2	Chem001	2	2	\N	136	\N	\N
68	2020	2274		\N	Male	Day	A-Level20S ( A-Level20S)	 Science"	A-Level	Running				2005-10-16					student_barcodes/Rikesh_Bakhunche_yBO1v4Y.png		\N	\N	\N		\N	\N	2021-05-23 09:54:12.287958+05:45	2021-05-23 09:54:12.287974+05:45	68	2021-05-23 09:54:12.289397+05:45	\N	+	\N	68	2	Comp001	2	2	\N	138	\N	\N
69	2020	2220		\N	Male	Day	A-Level20S ( A-Level20S)	 Science"	A-Level	Running				2005-08-11					student_barcodes/Ritik_Kumar_Thakur_ZrdQayk.png		\N	\N	\N		\N	\N	2021-05-23 09:54:12.646362+05:45	2021-05-23 09:54:12.646376+05:45	69	2021-05-23 09:54:12.647448+05:45	\N	+	\N	69	2	Chem001	2	2	\N	140	\N	\N
70	2020	2221		\N	Female	Day	A-Level20S ( A-Level20S)	 Science"	A-Level	Running				2005-08-11					student_barcodes/Riya_Shrestha_KtJQ03z.png		\N	\N	\N		\N	\N	2021-05-23 09:54:13.008597+05:45	2021-05-23 09:54:13.008611+05:45	70	2021-05-23 09:54:13.009667+05:45	\N	+	\N	70	2	Bio001	2	2	\N	142	\N	\N
71	2020	2258		\N	Female	Day	A-Level20S ( A-Level20S)	 Science"	A-Level	Running				2005-10-06					student_barcodes/Roshani_Mahato_ffNHUzs.png		\N	\N	\N		\N	\N	2021-05-23 09:54:13.385271+05:45	2021-05-23 09:54:13.385285+05:45	71	2021-05-23 09:54:13.386396+05:45	\N	+	\N	71	2	Chem001	2	2	\N	144	\N	\N
72	2020	2222		\N	Female	Day	A-Level20S ( A-Level20S)	 Science"	A-Level	Running				2005-08-11					student_barcodes/Roshni_Lama_2c2Mws5.png		\N	\N	\N		\N	\N	2021-05-23 09:54:13.742089+05:45	2021-05-23 09:54:13.742103+05:45	72	2021-05-23 09:54:13.743236+05:45	\N	+	\N	72	2	Chem001	2	2	\N	146	\N	\N
73	2020	2259		\N	Male	Day	A-Level20S ( A-Level20S)	 Science"	A-Level	Running				2005-10-06					student_barcodes/Royal_Katuwal_uJWcxh7.png		\N	\N	\N		\N	\N	2021-05-23 09:54:14.112014+05:45	2021-05-23 09:54:14.112036+05:45	73	2021-05-23 09:54:14.11338+05:45	\N	+	\N	73	2	Comp001	2	2	\N	148	\N	\N
74	2020	2260		\N	Male	Day	A-Level20S ( A-Level20S)	 Science"	A-Level	Running				2005-10-06					student_barcodes/Sabal_Nemkul_h6rodmx.png		\N	\N	\N		\N	\N	2021-05-23 09:54:14.528739+05:45	2021-05-23 09:54:14.528753+05:45	74	2021-05-23 09:54:14.529991+05:45	\N	+	\N	74	2	Busi001	2	2	\N	150	\N	\N
75	2020	2261		\N	Male	Day	A-Level20S ( A-Level20S)	 Science"	A-Level	Running				2005-10-06					student_barcodes/Sabin_Raj_Pokharel_1q6jhQ0.png		\N	\N	\N		\N	\N	2021-05-23 09:54:14.88965+05:45	2021-05-23 09:54:14.889669+05:45	75	2021-05-23 09:54:14.890708+05:45	\N	+	\N	75	2	Chem001	2	2	\N	152	\N	\N
76	2020	2223		\N	Male	Day	A-Level20S ( A-Level20S)	 Science"	A-Level	Running				2005-08-11					student_barcodes/Sadhan_Ghimire_A8zNIqM.png		\N	\N	\N		\N	\N	2021-05-23 09:54:15.263806+05:45	2021-05-23 09:54:15.26382+05:45	76	2021-05-23 09:54:15.264915+05:45	\N	+	\N	76	2	Chem001	2	2	\N	154	\N	\N
77	2020	2277		\N	Male	Day	A-Level20S ( A-Level20S)	 Science"	A-Level	Running				2005-11-04					student_barcodes/Sailesh_Kumar_Tamang_L8Rs6FG.png		\N	\N	\N		\N	\N	2021-05-23 09:54:15.618311+05:45	2021-05-23 09:54:15.618324+05:45	77	2021-05-23 09:54:15.619313+05:45	\N	+	\N	77	2	Chem001	2	2	\N	156	\N	\N
78	2020	2224		\N	Male	Day	A-Level20S ( A-Level20S)	 Science"	A-Level	Running				2005-08-11					student_barcodes/Sakar_Upreti_evmMB6w.png		\N	\N	\N		\N	\N	2021-05-23 09:54:16.008497+05:45	2021-05-23 09:54:16.008511+05:45	78	2021-05-23 09:54:16.009667+05:45	\N	+	\N	78	2	Chem001	2	2	\N	158	\N	\N
79	2020	2262		\N	Female	Day	A-Level20S ( A-Level20S)	 Science"	A-Level	Running				2005-10-06					student_barcodes/Salina_Lama_OTqbuAT.png		\N	\N	\N		\N	\N	2021-05-23 09:54:16.390675+05:45	2021-05-23 09:54:16.390689+05:45	79	2021-05-23 09:54:16.3917+05:45	\N	+	\N	79	2	Bio001	2	2	\N	160	\N	\N
80	2020	2225		\N	Male	Day	A-Level20S ( A-Level20S)	 Science"	A-Level	Running				2005-08-11					student_barcodes/Samyak_Dhar_Tuladhar_a5wBvAD.png		\N	\N	\N		\N	\N	2021-05-23 09:54:16.745461+05:45	2021-05-23 09:54:16.745477+05:45	80	2021-05-23 09:54:16.746461+05:45	\N	+	\N	80	2	Chem001	2	2	\N	162	\N	\N
81	2020	2226		\N	Male	Day	A-Level20S ( A-Level20S)	 Science"	A-Level	Running				2005-08-11					student_barcodes/Samyam_Adhikari_IbMynW7.png		\N	\N	\N		\N	\N	2021-05-23 09:54:17.105988+05:45	2021-05-23 09:54:17.106003+05:45	81	2021-05-23 09:54:17.107048+05:45	\N	+	\N	81	2	Art001	2	2	\N	164	\N	\N
82	2020	2227		\N	Male	Day	A-Level20S ( A-Level20S)	 Science"	A-Level	Running				2005-08-11					student_barcodes/Sangam_Shrestha_0QTavT8.png		\N	\N	\N		\N	\N	2021-05-23 09:54:17.483211+05:45	2021-05-23 09:54:17.483225+05:45	82	2021-05-23 09:54:17.484732+05:45	\N	+	\N	82	2	Busi001	2	2	\N	166	\N	\N
83	2020	2228		\N	Male	Day	A-Level20S ( A-Level20S)	 Science"	A-Level	Running				2005-08-11					student_barcodes/Sarthak_Shrestha_cNh9nmA.png		\N	\N	\N		\N	\N	2021-05-23 09:54:17.863154+05:45	2021-05-23 09:54:17.863169+05:45	83	2021-05-23 09:54:17.864239+05:45	\N	+	\N	83	2	Chem001	2	2	\N	168	\N	\N
84	2020	2230		\N	Male	Day	A-Level20S ( A-Level20S)	 Science"	A-Level	Running				2005-08-11					student_barcodes/Sayal_Rai_gHIKjxy.png		\N	\N	\N		\N	\N	2021-05-23 09:54:18.2231+05:45	2021-05-23 09:54:18.223114+05:45	84	2021-05-23 09:54:18.224176+05:45	\N	+	\N	84	2	Bio001	2	2	\N	170	\N	\N
85	2020	2231		\N	Female	Day	A-Level20S ( A-Level20S)	 Science"	A-Level	Running				2005-08-11					student_barcodes/Sejal_Neupane_CpKNwvP.png		\N	\N	\N		\N	\N	2021-05-23 09:54:18.600234+05:45	2021-05-23 09:54:18.600248+05:45	85	2021-05-23 09:54:18.601283+05:45	\N	+	\N	85	2	Bio001	2	2	\N	172	\N	\N
86	2020	2232		\N	Female	Day	A-Level20S ( A-Level20S)	 Science"	A-Level	Running				2005-08-11					student_barcodes/Shalu_Maharjhan_CBP4V19.png		\N	\N	\N		\N	\N	2021-05-23 09:54:18.956572+05:45	2021-05-23 09:54:18.956586+05:45	86	2021-05-23 09:54:18.957645+05:45	\N	+	\N	86	2	Art001	2	2	\N	174	\N	\N
87	2020	2270		\N	Male	Day	A-Level20S ( A-Level20S)	 Science"	A-Level	Running				2005-10-06					student_barcodes/Sharmendra_Yadav_7ZWIgTm.png		\N	\N	\N		\N	\N	2021-05-23 09:54:19.32341+05:45	2021-05-23 09:54:19.323425+05:45	87	2021-05-23 09:54:19.324487+05:45	\N	+	\N	87	2	Bio001	2	2	\N	176	\N	\N
88	2020	2263		\N	Male	Day	A-Level20S ( A-Level20S)	 Science"	A-Level	Running				2005-10-06					student_barcodes/Shashank_Rai_5DhUGGa.png		\N	\N	\N		\N	\N	2021-05-23 09:54:19.679818+05:45	2021-05-23 09:54:19.679832+05:45	88	2021-05-23 09:54:19.680861+05:45	\N	+	\N	88	2	Bio001	2	2	\N	178	\N	\N
89	2020	2233		\N	Male	Day	A-Level20S ( A-Level20S)	 Science"	A-Level	Running				2005-08-11					student_barcodes/Shashwat_Shakya_GWWI7Qz.png		\N	\N	\N		\N	\N	2021-05-23 09:54:20.036878+05:45	2021-05-23 09:54:20.036893+05:45	89	2021-05-23 09:54:20.038042+05:45	\N	+	\N	89	2	Chem001	2	2	\N	180	\N	\N
90	2020	2234		\N	Male	Day	A-Level20S ( A-Level20S)	 Science"	A-Level	Running				2005-08-11					student_barcodes/Shirish_Shrestha_9KCylK9.png		\N	\N	\N		\N	\N	2021-05-23 09:54:20.402253+05:45	2021-05-23 09:54:20.402267+05:45	90	2021-05-23 09:54:20.403643+05:45	\N	+	\N	90	2	Chem001	2	2	\N	182	\N	\N
91	2020	2235		\N	Male	Day	A-Level20S ( A-Level20S)	 Science"	A-Level	Running				2005-08-11					student_barcodes/Shourav_Gurung_xN1OhH7.png		\N	\N	\N		\N	\N	2021-05-23 09:54:20.767958+05:45	2021-05-23 09:54:20.767973+05:45	91	2021-05-23 09:54:20.769123+05:45	\N	+	\N	91	2	Acct001	2	2	\N	184	\N	\N
92	2020	2236		\N	Male	Day	A-Level20S ( A-Level20S)	 Science"	A-Level	Running				2005-08-11					student_barcodes/Shrivatsa_Narayan_Manadhar_cEPcIfo.png		\N	\N	\N		\N	\N	2021-05-23 09:54:21.127888+05:45	2021-05-23 09:54:21.127904+05:45	92	2021-05-23 09:54:21.129485+05:45	\N	+	\N	92	2	Chem001	2	2	\N	186	\N	\N
93	2020	2264		\N	Male	Day	A-Level20S ( A-Level20S)	 Science"	A-Level	Running				2005-10-06					student_barcodes/Sujal_Rai_rjmdkBh.png		\N	\N	\N		\N	\N	2021-05-23 09:54:21.548995+05:45	2021-05-23 09:54:21.549011+05:45	93	2021-05-23 09:54:21.550471+05:45	\N	+	\N	93	2	Comp001	2	2	\N	188	\N	\N
94	2020	2265		\N	Male	Day	A-Level20S ( A-Level20S)	 Science"	A-Level	Running				2005-10-06					student_barcodes/Suren_Karki_hStC7ge.png		\N	\N	\N		\N	\N	2021-05-23 09:54:21.905695+05:45	2021-05-23 09:54:21.905709+05:45	94	2021-05-23 09:54:21.906827+05:45	\N	+	\N	94	2	Chem001	2	2	\N	190	\N	\N
95	2020	2237		\N	Male	Day	A-Level20S ( A-Level20S)	 Science"	A-Level	Running				2005-08-11					student_barcodes/Tenjin_Lhadon_Lama_8NxY8Wx.png		\N	\N	\N		\N	\N	2021-05-23 09:54:22.273438+05:45	2021-05-23 09:54:22.273452+05:45	95	2021-05-23 09:54:22.274753+05:45	\N	+	\N	95	2	Bio001	2	2	\N	192	\N	\N
96	2020	2238		\N	Male	Day	A-Level20S ( A-Level20S)	 Science"	A-Level	Running				2005-08-11					student_barcodes/Yubesh_Oli_rK64Pim.png		\N	\N	\N		\N	\N	2021-05-23 09:54:22.636234+05:45	2021-05-23 09:54:22.636249+05:45	96	2021-05-23 09:54:22.637318+05:45	\N	+	\N	96	2	Bio001	2	2	\N	194	\N	\N
97	2020	2267		\N	Male	Day	A-Level20S ( A-Level20S)	 Science"	A-Level	Running				2005-10-06					student_barcodes/Yubraj_Pandey_N4RZ6UQ.png		\N	\N	\N		\N	\N	2021-05-23 09:54:22.994382+05:45	2021-05-23 09:54:22.994395+05:45	97	2021-05-23 09:54:22.995501+05:45	\N	+	\N	97	2	Chem001	2	2	\N	196	\N	\N
98	2019	49	NS19001	\N	Female	Day	A-Level19NS ( A-Level19NS)	 Non-Science"	A-Level	Running	9808840686	Bhaktapur District (Bhaktapur)	Bhaktapur District (Bhaktapur)	2003-05-04					student_barcodes/Akanshya_Pokharel_7IYFAqF.png		\N	\N	\N		\N	\N	2021-05-23 09:54:43.065064+05:45	2021-05-23 09:54:43.065078+05:45	98	2021-05-23 09:54:43.06714+05:45	\N	+	\N	98	2	Econ001	1	1	\N	199	\N	\N
99	2019	33	NS19006	\N	Male	Day	A-Level19NS ( A-Level19NS)	 Non-Science"	A-Level	Running	9880844775	Bhaktapur District (Bhaktapur)	Bhaktapur District (Bhaktapur)	2003-04-21					student_barcodes/Amit_Sah_lUryz7D.png		\N	\N	\N		\N	\N	2021-05-23 09:54:43.426304+05:45	2021-05-23 09:54:43.426318+05:45	99	2021-05-23 09:54:43.42791+05:45	\N	+	\N	99	2	Acct001	1	1	\N	201	\N	\N
100	2019	35	NS19007	\N	Female	Day	A-Level19NS ( A-Level19NS)	 Non-Science"	A-Level	Running	9803433560	Bhaktapur District (Bhaktapur)	Bhaktapur District (Bhaktapur)	2003-09-03					student_barcodes/Amshula_Sthapit_kSHqqpq.png		\N	\N	\N		\N	\N	2021-05-23 09:54:43.78534+05:45	2021-05-23 09:54:43.785359+05:45	100	2021-05-23 09:54:43.787414+05:45	\N	+	\N	100	2	Acct001	1	1	\N	203	\N	\N
101	2019	14	NS19008	\N	Male	Day	A-Level19NS ( A-Level19NS)	 Non-Science"	A-Level	Running	9860864126	Bhaktapur District (Bhaktapur)	Bhaktapur District (Bhaktapur)	2004-08-02					student_barcodes/Aryan_Shrestha_EqBYPj5.png		\N	\N	\N		\N	\N	2021-05-23 09:54:44.148158+05:45	2021-05-23 09:54:44.14818+05:45	101	2021-05-23 09:54:44.149769+05:45	\N	+	\N	101	2	Busi001	1	1	\N	205	\N	\N
102	2019	63	NS19010	\N	Male	Day	A-Level19NS ( A-Level19NS)	 Non-Science"	A-Level	Running	9803734692	Bhaktapur District (Bhaktapur)	Bhaktapur District (Bhaktapur)	2003-12-09					student_barcodes/Avanish_Bhattarai_N0WVR1F.png		\N	\N	\N		\N	\N	2021-05-23 09:54:44.574993+05:45	2021-05-23 09:54:44.575011+05:45	102	2021-05-23 09:54:44.577069+05:45	\N	+	\N	102	2	Acct001	1	1	\N	207	\N	\N
103	2019	40	NS19012	\N	Male	Day	A-Level19NS ( A-Level19NS)	 Non-Science"	A-Level	Running	9825912132	Bhaktapur District (Bhaktapur)	Bhaktapur District (Bhaktapur)	2004-08-02					student_barcodes/Ayush_Limbu_LdMoJ1a.png		\N	\N	\N		\N	\N	2021-05-23 09:54:44.962557+05:45	2021-05-23 09:54:44.962575+05:45	103	2021-05-23 09:54:44.964157+05:45	\N	+	\N	103	2	Busi001	1	1	\N	209	\N	\N
104	2019	30	NS19013	\N	Male	Day	A-Level19NS ( A-Level19NS)	 Non-Science"	A-Level	Running		Bhaktapur District (Bhaktapur)	Bhaktapur District (Bhaktapur)	2003-05-22					student_barcodes/Ayush_Raj_Shrestha_TQh1tO5.png		\N	\N	\N		\N	\N	2021-05-23 09:54:45.348786+05:45	2021-05-23 09:54:45.348806+05:45	104	2021-05-23 09:54:45.350201+05:45	\N	+	\N	104	2	Busi001	1	1	\N	211	\N	\N
105	2019	46	NS19014	\N	Female	Day	A-Level19NS ( A-Level19NS)	 Non-Science"	A-Level	Running		Bhaktapur District (Bhaktapur)	Bhaktapur District (Bhaktapur)	2004-08-02					student_barcodes/Ayusha_Nakarmi_kMKZh8K.png		\N	\N	\N		\N	\N	2021-05-23 09:54:45.715095+05:45	2021-05-23 09:54:45.71511+05:45	105	2021-05-23 09:54:45.716262+05:45	\N	+	\N	105	2	Acct001	1	1	\N	213	\N	\N
106	2019	52	NS19016	\N	Male	Day	A-Level19NS ( A-Level19NS)	 Non-Science"	A-Level	Running		Bhaktapur District (Bhaktapur)	Bhaktapur District (Bhaktapur)	2004-08-02					student_barcodes/Binayak_Sapkota_9i5tqWs.png		\N	\N	\N		\N	\N	2021-05-23 09:54:46.072992+05:45	2021-05-23 09:54:46.073007+05:45	106	2021-05-23 09:54:46.074076+05:45	\N	+	\N	106	2	Comp001	1	1	\N	215	\N	\N
107	2019	43	NS19020	\N	Female	Day	A-Level19NS ( A-Level19NS)	 Non-Science"	A-Level	Running	14990696	Bhaktapur District (Bhaktapur)	Bhaktapur District (Bhaktapur)	2004-08-02					student_barcodes/Devika_Dhital_Bg3MguP.png		\N	\N	\N		\N	\N	2021-05-23 09:54:46.444167+05:45	2021-05-23 09:54:46.444186+05:45	107	2021-05-23 09:54:46.445438+05:45	\N	+	\N	107	2	Acct001	1	1	\N	217	\N	\N
108	2019	61	NS19024	\N	Male	Day	A-Level19NS ( A-Level19NS)	 Non-Science"	A-Level	Running	9860556363	Bhaktapur District (Bhaktapur)	Bhaktapur District (Bhaktapur)	2004-08-02					student_barcodes/Hardik_Agrawal_h5zg1Kf.png		\N	\N	\N		\N	\N	2021-05-23 09:54:46.811558+05:45	2021-05-23 09:54:46.811571+05:45	108	2021-05-23 09:54:46.812688+05:45	\N	+	\N	108	2	Acct001	1	1	\N	219	\N	\N
109	2019	60	NS19025	\N	Male	Day	A-Level19NS ( A-Level19NS)	 Non-Science"	A-Level	Running	9811854099	Bhaktapur District (Bhaktapur)	Bhaktapur District (Bhaktapur)	2003-01-11					student_barcodes/Himanshi_Adhikari_YLqIO1A.png		\N	\N	\N		\N	\N	2021-05-23 09:54:47.169223+05:45	2021-05-23 09:54:47.169237+05:45	109	2021-05-23 09:54:47.170375+05:45	\N	+	\N	109	2	Acct001	1	1	\N	221	\N	\N
110	2019	31	NS19026	\N	Male	Day	A-Level19NS ( A-Level19NS)	 Non-Science"	A-Level	Running	9803438404	Bhaktapur District (Bhaktapur)	Bhaktapur District (Bhaktapur)	2002-05-01					student_barcodes/Janhavi_Prasad_y15PaIw.png		\N	\N	\N		\N	\N	2021-05-23 09:54:47.533812+05:45	2021-05-23 09:54:47.53383+05:45	110	2021-05-23 09:54:47.534954+05:45	\N	+	\N	110	2	Lit001	1	1	\N	223	\N	\N
111	2019	59	NS19027	\N	Male	Day	A-Level19NS ( A-Level19NS)	 Non-Science"	A-Level	Running	9806941931	Bhaktapur District (Bhaktapur)	Bhaktapur District (Bhaktapur)	2002-12-20					student_barcodes/Kiran_Neupane_AWh93qq.png		\N	\N	\N		\N	\N	2021-05-23 09:54:47.89+05:45	2021-05-23 09:54:47.890014+05:45	111	2021-05-23 09:54:47.89115+05:45	\N	+	\N	111	2	Acct001	1	1	\N	225	\N	\N
112	2019	58	NS19030	\N	Female	Day	A-Level19NS ( A-Level19NS)	 Non-Science"	A-Level	Running	9840016490	Bhaktapur District (Bhaktapur)	Bhaktapur District (Bhaktapur)	2003-05-17					student_barcodes/Monique_KC_IcPZFuL.png		\N	\N	\N		\N	\N	2021-05-23 09:54:48.249715+05:45	2021-05-23 09:54:48.249731+05:45	112	2021-05-23 09:54:48.251138+05:45	\N	+	\N	112	2	Acct001	1	1	\N	227	\N	\N
113	2019	57	NS19031	\N	Male	Day	A-Level19NS ( A-Level19NS)	 Non-Science"	A-Level	Running		Bhaktapur District (Bhaktapur)	Bhaktapur District (Bhaktapur)	2004-08-02					student_barcodes/Nayan_Shrestha_zFKhslp.png		\N	\N	\N		\N	\N	2021-05-23 09:54:48.625362+05:45	2021-05-23 09:54:48.625378+05:45	113	2021-05-23 09:54:48.626525+05:45	\N	+	\N	113	2	Busi001	1	1	\N	229	\N	\N
114	2019	32	NS19034	\N	Male	Day	A-Level19NS ( A-Level19NS)	 Non-Science"	A-Level	Running	9861600621	Bhaktapur District (Bhaktapur)	Bhaktapur District (Bhaktapur)	2004-08-02					student_barcodes/Nishan_Budha_HRqRcER.png		\N	\N	\N		\N	\N	2021-05-23 09:54:48.986361+05:45	2021-05-23 09:54:48.986383+05:45	114	2021-05-23 09:54:48.98776+05:45	\N	+	\N	114	2	Acct001	1	1	\N	231	\N	\N
115	2019	56	NS19036	\N	Female	Day	A-Level19NS ( A-Level19NS)	 Non-Science"	A-Level	Running		Bhaktapur District (Bhaktapur)	Bhaktapur District (Bhaktapur)	2003-01-05					student_barcodes/Nyima_Choezom_Sherpa_ESfign1.png		\N	\N	\N		\N	\N	2021-05-23 09:54:49.362827+05:45	2021-05-23 09:54:49.362844+05:45	115	2021-05-23 09:54:49.364099+05:45	\N	+	\N	115	2	Acct001	1	1	\N	233	\N	\N
116	2019	44	NS19037	\N	Male	Day	A-Level19NS ( A-Level19NS)	 Non-Science"	A-Level	Running	9843698775	Bhaktapur District (Bhaktapur)	Bhaktapur District (Bhaktapur)	2004-08-02					student_barcodes/Oscar_Maharjan_fytjuRu.png		\N	\N	\N		\N	\N	2021-05-23 09:54:49.728252+05:45	2021-05-23 09:54:49.728266+05:45	116	2021-05-23 09:54:49.729319+05:45	\N	+	\N	116	2	Busi001	1	1	\N	235	\N	\N
117	2019	39	NS19039	\N	Male	Day	A-Level19NS ( A-Level19NS)	 Non-Science"	A-Level	Running		Bhaktapur District (Bhaktapur)	Bhaktapur District (Bhaktapur)	2004-02-16					student_barcodes/Prajesh_Kharel_MrBjOkm.png		\N	\N	\N		\N	\N	2021-05-23 09:54:50.084432+05:45	2021-05-23 09:54:50.084446+05:45	117	2021-05-23 09:54:50.085525+05:45	\N	+	\N	117	2	Busi001	1	1	\N	237	\N	\N
118	2019	64	NS19040	\N	Female	Day	A-Level19NS ( A-Level19NS)	 Non-Science"	A-Level	Running	9862701991	Bhaktapur District (Bhaktapur)	Bhaktapur District (Bhaktapur)	2004-08-02					student_barcodes/Pramisha_Tandan_Chhetri_GK8v4A0.png		\N	\N	\N		\N	\N	2021-05-23 09:54:50.459834+05:45	2021-05-23 09:54:50.459847+05:45	118	2021-05-23 09:54:50.461152+05:45	\N	+	\N	118	2	Acct001	1	1	\N	239	\N	\N
119	2019	36	NS19045	\N	Female	Day	A-Level19NS ( A-Level19NS)	 Non-Science"	A-Level	Running		Bhaktapur District (Bhaktapur)	Bhaktapur District (Bhaktapur)	2003-06-28					student_barcodes/Reeya_Gautam_F7moDzy.png		\N	\N	\N		\N	\N	2021-05-23 09:54:50.820363+05:45	2021-05-23 09:54:50.820377+05:45	119	2021-05-23 09:54:50.821532+05:45	\N	+	\N	119	2	Busi001	1	1	\N	241	\N	\N
120	2019	55	NS19047	\N	Male	Day	A-Level19NS ( A-Level19NS)	 Non-Science"	A-Level	Running	9843815722	Bhaktapur District (Bhaktapur)	Bhaktapur District (Bhaktapur)	2003-10-26					student_barcodes/Ritesh_Shrestha_amRqVEw.png		\N	\N	\N		\N	\N	2021-05-23 09:54:51.175642+05:45	2021-05-23 09:54:51.175656+05:45	120	2021-05-23 09:54:51.176835+05:45	\N	+	\N	120	2	Busi001	1	1	\N	243	\N	\N
121	2019	37	NS19049	\N	Female	Day	A-Level19NS ( A-Level19NS)	 Non-Science"	A-Level	Running	9841659865	Bhaktapur District (Bhaktapur)	Bhaktapur District (Bhaktapur)	2003-10-29					student_barcodes/Roshiya_Rana_4axYIYq.png		\N	\N	\N		\N	\N	2021-05-23 09:54:51.535176+05:45	2021-05-23 09:54:51.535192+05:45	121	2021-05-23 09:54:51.53636+05:45	\N	+	\N	121	2	Acct001	1	1	\N	245	\N	\N
122	2019	50	NS19050	\N	Female	Day	A-Level19NS ( A-Level19NS)	 Non-Science"	A-Level	Running	9860959551	Bhaktapur District (Bhaktapur)	Bhaktapur District (Bhaktapur)	2004-08-02					student_barcodes/Sabina_Gautam_0oT6nJi.png		\N	\N	\N		\N	\N	2021-05-23 09:54:51.895032+05:45	2021-05-23 09:54:51.895046+05:45	122	2021-05-23 09:54:51.896162+05:45	\N	+	\N	122	2	Acct001	1	1	\N	247	\N	\N
123	2019	34	NS19051	\N	Female	Day	A-Level19NS ( A-Level19NS)	 Non-Science"	A-Level	Running	9813169973	Bhaktapur District (Bhaktapur)	Bhaktapur District (Bhaktapur)	2002-11-14					student_barcodes/Sabina_Magar_k4TSGUa.png		\N	\N	\N		\N	\N	2021-05-23 09:54:52.256945+05:45	2021-05-23 09:54:52.256984+05:45	123	2021-05-23 09:54:52.258493+05:45	\N	+	\N	123	2	Acct001	1	1	\N	249	\N	\N
124	2019	48	NS19052	\N	Female	Day	A-Level19NS ( A-Level19NS)	 Non-Science"	A-Level	Running	9816906330	Bhaktapur District (Bhaktapur)	Bhaktapur District (Bhaktapur)	2003-06-08					student_barcodes/Sabina_Rai_EmxVhok.png		\N	\N	\N		\N	\N	2021-05-23 09:54:52.624732+05:45	2021-05-23 09:54:52.624747+05:45	124	2021-05-23 09:54:52.625979+05:45	\N	+	\N	124	2	Acct001	1	1	\N	251	\N	\N
125	2019	1	NS19053	\N	Male	Day	A-Level19NS ( A-Level19NS)	 Non-Science"	A-Level	Running		Bhaktapur District (Bhaktapur)	Bhaktapur District (Bhaktapur)	2003-06-11		3	Brihaspati Vidyasadan		student_barcodes/Safal_Bhattarai_6Z5g4S8.png		\N	\N	\N		\N	\N	2021-05-23 09:54:53.052797+05:45	2021-05-23 09:54:53.052812+05:45	125	2021-05-23 09:54:53.054078+05:45	\N	+	\N	125	2	Acct001	1	1	\N	253	\N	\N
126	2019	47	NS19056	\N	Female	Day	A-Level19NS ( A-Level19NS)	 Non-Science"	A-Level	Running		Bhaktapur District (Bhaktapur)	Bhaktapur District (Bhaktapur)	2004-08-02					student_barcodes/Samriddhi_Shrestha_c8I4K8K.png		\N	\N	\N		\N	\N	2021-05-23 09:54:53.420552+05:45	2021-05-23 09:54:53.420568+05:45	126	2021-05-23 09:54:53.421852+05:45	\N	+	\N	126	2	Lit001	1	1	\N	255	\N	\N
127	2019	38	NS19057	\N	Female	Day	A-Level19NS ( A-Level19NS)	 Non-Science"	A-Level	Running	9818088337	Bhaktapur District (Bhaktapur)	Bhaktapur District (Bhaktapur)	2004-08-02					student_barcodes/Sangay_Khandu_Sherpa_gOBL81c.png		\N	\N	\N		\N	\N	2021-05-23 09:54:53.80325+05:45	2021-05-23 09:54:53.803273+05:45	127	2021-05-23 09:54:53.805017+05:45	\N	+	\N	127	2	Acct001	1	1	\N	257	\N	\N
128	2019	42	NS19058	\N	Female	Day	A-Level19NS ( A-Level19NS)	 Non-Science"	A-Level	Running		Bhaktapur District (Bhaktapur)	Bhaktapur District (Bhaktapur)	2004-08-02					student_barcodes/Saswat_Gautam_khD6M93.png		\N	\N	\N		\N	\N	2021-05-23 09:54:54.181107+05:45	2021-05-23 09:54:54.181121+05:45	128	2021-05-23 09:54:54.182301+05:45	\N	+	\N	128	2	Acct001	1	1	\N	259	\N	\N
129	2019	53	NS19059	\N	Female	Day	A-Level19NS ( A-Level19NS)	 Non-Science"	A-Level	Running	9815009230	Bhaktapur District (Bhaktapur)	Bhaktapur District (Bhaktapur)	2004-08-02					student_barcodes/Shreya_Budhathoki_xWBHavx.png		\N	\N	\N		\N	\N	2021-05-23 09:54:54.549247+05:45	2021-05-23 09:54:54.549261+05:45	129	2021-05-23 09:54:54.550555+05:45	\N	+	\N	129	2	Acct001	1	1	\N	261	\N	\N
130	2019	41	NS19062	\N	Male	Day	A-Level19NS ( A-Level19NS)	 Non-Science"	A-Level	Running	14312020	Bhaktapur District (Bhaktapur)	Bhaktapur District (Bhaktapur)	2004-08-02					student_barcodes/Sonim_Sapkota_5tLr7kN.png		\N	\N	\N		\N	\N	2021-05-23 09:54:54.936873+05:45	2021-05-23 09:54:54.936889+05:45	130	2021-05-23 09:54:54.938135+05:45	\N	+	\N	130	2	Acct001	1	1	\N	263	\N	\N
131	2019	66	NS19063	\N	Male	Day	A-Level19NS ( A-Level19NS)	 Non-Science"	A-Level	Running	9841686990	Bhaktapur District (Bhaktapur)	Bhaktapur District (Bhaktapur)	2004-11-03					student_barcodes/Sugat_Shrestha_QY2YPb7.png		\N	\N	\N		\N	\N	2021-05-23 09:54:55.305879+05:45	2021-05-23 09:54:55.305899+05:45	131	2021-05-23 09:54:55.307328+05:45	\N	+	\N	131	2	Busi001	1	1	\N	265	\N	\N
132	2019	54	NS19064	\N	Male	Day	A-Level19NS ( A-Level19NS)	 Non-Science"	A-Level	Running	9861756205	Bhaktapur District (Bhaktapur)	Bhaktapur District (Bhaktapur)	2003-10-27					student_barcodes/Sumit_Kumar_Jha_7rDsVM7.png		\N	\N	\N		\N	\N	2021-05-23 09:54:55.663835+05:45	2021-05-23 09:54:55.663851+05:45	132	2021-05-23 09:54:55.665035+05:45	\N	+	\N	132	2	Acct001	1	1	\N	267	\N	\N
133	2019	51	NS19065	\N	Female	Day	A-Level19NS ( A-Level19NS)	 Non-Science"	A-Level	Running		Bhaktapur District (Bhaktapur)	Bhaktapur District (Bhaktapur)	2004-08-02					student_barcodes/Suprina_Rajbanshi_StGYrek.png		\N	\N	\N		\N	\N	2021-05-23 09:54:56.028421+05:45	2021-05-23 09:54:56.028436+05:45	133	2021-05-23 09:54:56.029647+05:45	\N	+	\N	133	2	Acct001	1	1	\N	269	\N	\N
134	2019	18	S19002	\N	Male	Day	A-Level19S ( A-Level19S)	 Science"	A-Level	Running	9864880116	Doti District (Dipayal)	Bardiya District (Gulariya)	2004-08-02					student_barcodes/Abhi_love_Devkota_Ro8Zcol.png		\N	\N	\N		\N	\N	2021-05-23 09:55:05.507393+05:45	2021-05-23 09:55:05.507407+05:45	134	2021-05-23 09:55:05.509706+05:45	\N	+	\N	134	2	Bio001	1	1	\N	271	\N	\N
135	2019	11	S19003	\N	Male	Day	A-Level19S ( A-Level19S)	 Science"	A-Level	Running	9849057374	Bhaktapur District (Bhaktapur)	Bhaktapur District (Bhaktapur)	2004-08-02					student_barcodes/Abinash_Thapa_6tk8LjP.png		\N	\N	\N		\N	\N	2021-05-23 09:55:05.872135+05:45	2021-05-23 09:55:05.87215+05:45	135	2021-05-23 09:55:05.873514+05:45	\N	+	\N	135	2	Bio001	1	1	\N	273	\N	\N
136	2019	45	S19004	\N	Female	Day	A-Level19S ( A-Level19S)	 Science"	A-Level	Running	9803269846	Bhaktapur District (Bhaktapur)	Bhaktapur District (Bhaktapur)	2006-03-14					student_barcodes/Agrima_Shrestha_RJQIXft.png		\N	\N	\N		\N	\N	2021-05-23 09:55:06.233105+05:45	2021-05-23 09:55:06.23312+05:45	136	2021-05-23 09:55:06.234567+05:45	\N	+	\N	136	2	Chem001	1	1	\N	275	\N	\N
137	2019	29	S19005	\N	Female	Day	A-Level19S ( A-Level19S)	 Science"	A-Level	Running	9818824086	Bhaktapur District (Bhaktapur)	Bhaktapur District (Bhaktapur)	2004-02-10					student_barcodes/Alina_Jargha_fWOc2nH.png		\N	\N	\N		\N	\N	2021-05-23 09:55:06.606733+05:45	2021-05-23 09:55:06.606748+05:45	137	2021-05-23 09:55:06.608046+05:45	\N	+	\N	137	2	Bio001	1	1	\N	277	\N	\N
138	2019	4	S19009	\N	Male	Day	A-Level19S ( A-Level19S)	 Science"	A-Level	Running	9813407250	Bhaktapur District (Bhaktapur)	Bhaktapur District (Bhaktapur)	2004-08-02					student_barcodes/Aryan_Singh_j8SM7GV.png		\N	\N	\N		\N	\N	2021-05-23 09:55:06.962668+05:45	2021-05-23 09:55:06.962682+05:45	138	2021-05-23 09:55:06.963914+05:45	\N	+	\N	138	2	Comp001	1	1	\N	279	\N	\N
139	2019	23	S19011	\N	Male	Day	A-Level19S ( A-Level19S)	 Science"	A-Level	Running	9848827253	Bhaktapur District (Bhaktapur)	Bhaktapur District (Bhaktapur)	2004-08-02					student_barcodes/Ayush_Gurung_lCEqXiw.png		\N	\N	\N		\N	\N	2021-05-23 09:55:07.338617+05:45	2021-05-23 09:55:07.33864+05:45	139	2021-05-23 09:55:07.340633+05:45	\N	+	\N	139	2	Chem001	1	1	\N	281	\N	\N
140	2019	9	S19018	\N	Male	Day	A-Level19S ( A-Level19S)	 Science"	A-Level	Running	9818547296	Bhaktapur District (Bhaktapur)	Bhaktapur District (Bhaktapur)	2004-08-02					student_barcodes/Biraj_Gaihre_hmmlk0B.png		\N	\N	\N		\N	\N	2021-05-23 09:55:07.711827+05:45	2021-05-23 09:55:07.711843+05:45	140	2021-05-23 09:55:07.713014+05:45	\N	+	\N	140	2	Bio001	1	1	\N	283	\N	\N
141	2019	7	S19019	\N	Male	Day	A-Level19S ( A-Level19S)	 Science"	A-Level	Running	9810348315	Bhaktapur District (Bhaktapur)	Bhaktapur District (Bhaktapur)	2004-08-02					student_barcodes/Bishad_Chaulagain_9ZFv6VE.png		\N	\N	\N		\N	\N	2021-05-23 09:55:08.076407+05:45	2021-05-23 09:55:08.076427+05:45	141	2021-05-23 09:55:08.077733+05:45	\N	+	\N	141	2	Comp001	1	1	\N	285	\N	\N
142	2019	12	S19022	\N	Male	Day	A-Level19S ( A-Level19S)	 Science"	A-Level	Running	9840285998	Bhaktapur District (Bhaktapur)	Bhaktapur District (Bhaktapur)	2004-08-02					student_barcodes/Ejen_Prajapati_X9SpWso.png		\N	\N	\N		\N	\N	2021-05-23 09:55:08.454783+05:45	2021-05-23 09:55:08.454799+05:45	142	2021-05-23 09:55:08.455961+05:45	\N	+	\N	142	2	Chem001	1	1	\N	287	\N	\N
143	2019	3	S19023	\N	Male	Day	A-Level19S ( A-Level19S)	 Science"	A-Level	Running	9808560089	Bhaktapur District (Bhaktapur)	Bhaktapur District (Bhaktapur)	2004-08-02					student_barcodes/Ganesh_Kumar_Shah_LXElOIb.png		\N	\N	\N		\N	\N	2021-05-23 09:55:08.817156+05:45	2021-05-23 09:55:08.817173+05:45	143	2021-05-23 09:55:08.818352+05:45	\N	+	\N	143	2	Chem001	1	1	\N	289	\N	\N
144	2019	2	S19028	\N	Female	Day	A-Level19S ( A-Level19S)	 Science"	A-Level	Running		Bhaktapur District (Bhaktapur)	Bhaktapur District (Bhaktapur)	2003-08-01					student_barcodes/Kusum_Acharya_Aoe75m0.png		\N	\N	\N		\N	\N	2021-05-23 09:55:09.175127+05:45	2021-05-23 09:55:09.175145+05:45	144	2021-05-23 09:55:09.176298+05:45	\N	+	\N	144	2	Chem001	1	1	\N	291	\N	\N
145	2019	6	S19029	\N	Male	Day	A-Level19S ( A-Level19S)	 Science"	A-Level	Running	9800657122	Bhaktapur District (Bhaktapur)	Bhaktapur District (Bhaktapur)	2004-08-02					student_barcodes/Manoj_Budha_N6hvUbo.png		\N	\N	\N		\N	\N	2021-05-23 09:55:09.559836+05:45	2021-05-23 09:55:09.55985+05:45	145	2021-05-23 09:55:09.560952+05:45	\N	+	\N	145	2	Chem001	1	1	\N	293	\N	\N
146	2019	8	S19032	\N	Male	Day	A-Level19S ( A-Level19S)	 Science"	A-Level	Running	9865488288	Bhaktapur District (Bhaktapur)	Bhaktapur District (Bhaktapur)	2004-08-02					student_barcodes/Newjewel_Shrestha_h40hZ6x.png		\N	\N	\N		\N	\N	2021-05-23 09:55:09.912718+05:45	2021-05-23 09:55:09.912732+05:45	146	2021-05-23 09:55:09.913889+05:45	\N	+	\N	146	2	Comp001	1	1	\N	295	\N	\N
147	2019	20	S19033	\N	Male	Day	A-Level19S ( A-Level19S)	 Science"	A-Level	Running		Bhaktapur District (Bhaktapur)	Bhaktapur District (Bhaktapur)	2004-08-02					student_barcodes/Nirjal_Neupane_hDJZwxw.png		\N	\N	\N		\N	\N	2021-05-23 09:55:10.269878+05:45	2021-05-23 09:55:10.269892+05:45	147	2021-05-23 09:55:10.270931+05:45	\N	+	\N	147	2	Comp001	1	1	\N	297	\N	\N
148	2019	17	S19035	\N	Male	Day	A-Level19S ( A-Level19S)	 Science"	A-Level	Running	9848127391	Bhaktapur District (Bhaktapur)	Bhaktapur District (Bhaktapur)	2004-08-02					student_barcodes/Nitesh_Subedi_1JOgXFB.png		\N	\N	\N		\N	\N	2021-05-23 09:55:10.631272+05:45	2021-05-23 09:55:10.631286+05:45	148	2021-05-23 09:55:10.632477+05:45	\N	+	\N	148	2	Bio001	1	1	\N	299	\N	\N
149	2019	15	S19038	\N	Female	Day	A-Level19S ( A-Level19S)	 Science"	A-Level	Running	9848892822	Bhaktapur District (Bhaktapur)	Bhaktapur District (Bhaktapur)	2004-08-02					student_barcodes/Pradhumna_Bhatt_DiLuAM4.png		\N	\N	\N		\N	\N	2021-05-23 09:55:10.985897+05:45	2021-05-23 09:55:10.98591+05:45	149	2021-05-23 09:55:10.987154+05:45	\N	+	\N	149	2	Comp001	1	1	\N	301	\N	\N
150	2019	26	S19042	\N	Male	Day	A-Level19S ( A-Level19S)	 Science"	A-Level	Running	9808069158	Bhaktapur District (Bhaktapur)	Bhaktapur District (Bhaktapur)	2003-11-06					student_barcodes/Pratham_Lama_IVyk3y5.png		\N	\N	\N		\N	\N	2021-05-23 09:55:11.359268+05:45	2021-05-23 09:55:11.359281+05:45	150	2021-05-23 09:55:11.360384+05:45	\N	+	\N	150	2	Comp001	1	1	\N	303	\N	\N
151	2019	16	S19043	\N	Female	Day	A-Level19S ( A-Level19S)	 Science"	A-Level	Running		Bhaktapur District (Bhaktapur)	Bhaktapur District (Bhaktapur)	2004-08-02					student_barcodes/Priya_Ishwor_Sunam_D7OXoPK.png		\N	\N	\N		\N	\N	2021-05-23 09:55:11.726677+05:45	2021-05-23 09:55:11.726691+05:45	151	2021-05-23 09:55:11.727919+05:45	\N	+	\N	151	2	Bio001	1	1	\N	305	\N	\N
152	2019	28	S19046	\N	Male	Day	A-Level19S ( A-Level19S)	 Science"	A-Level	Running		Bhaktapur District (Bhaktapur)	Bhaktapur District (Bhaktapur)	2003-06-16					student_barcodes/Rehan_Tamang_Ghising_WP3utxz.png		\N	\N	\N		\N	\N	2021-05-23 09:55:12.079694+05:45	2021-05-23 09:55:12.079708+05:45	152	2021-05-23 09:55:12.080762+05:45	\N	+	\N	152	2	Comp001	1	1	\N	307	\N	\N
153	2019	19	S19048	\N	Female	Day	A-Level19S ( A-Level19S)	 Science"	A-Level	Running		Bhaktapur District (Bhaktapur)	Bhaktapur District (Bhaktapur)	2004-08-02					student_barcodes/Rojina_Thapa_VRsgJhz.png		\N	\N	\N		\N	\N	2021-05-23 09:55:12.454559+05:45	2021-05-23 09:55:12.454574+05:45	153	2021-05-23 09:55:12.456368+05:45	\N	+	\N	153	2	Chem001	1	1	\N	309	\N	\N
154	2019	25	S19055	\N	Female	Day	A-Level19S ( A-Level19S)	 Science"	A-Level	Running		Bhaktapur District (Bhaktapur)	Bhaktapur District (Bhaktapur)	2004-08-02					student_barcodes/Samriddhi_Nepal_rZveh9H.png		\N	\N	\N		\N	\N	2021-05-23 09:55:12.811046+05:45	2021-05-23 09:55:12.811061+05:45	154	2021-05-23 09:55:12.812109+05:45	\N	+	\N	154	2	Bio001	1	1	\N	311	\N	\N
155	2019	10	S19060	\N	Male	Day	A-Level19S ( A-Level19S)	 Science"	A-Level	Running		Bhaktapur District (Bhaktapur)	Bhaktapur District (Bhaktapur)	2004-08-02					student_barcodes/Shubham_Kumar_Sah_THiabVz.png		\N	\N	\N		\N	\N	2021-05-23 09:55:13.164631+05:45	2021-05-23 09:55:13.164645+05:45	155	2021-05-23 09:55:13.165768+05:45	\N	+	\N	155	2	Comp001	1	1	\N	313	\N	\N
156	2019	21	S19061	\N	Female	Day	A-Level19S ( A-Level19S)	 Science"	A-Level	Running		Bhaktapur District (Bhaktapur)	Bhaktapur District (Bhaktapur)	2004-08-02					student_barcodes/Simran_Khatiwada_OEtY4eM.png		\N	\N	\N		\N	\N	2021-05-23 09:55:13.540169+05:45	2021-05-23 09:55:13.540185+05:45	156	2021-05-23 09:55:13.541276+05:45	\N	+	\N	156	2	Bio001	1	1	\N	315	\N	\N
1	2020	2271		\N	Male	Day	A-Level20NS ( A-Level20NS)	 Non-Science"	A-Level	Running				2005-10-16		\N	\N		student_barcodes/Aakash_Pal_jkai5l8.png		\N	\N	\N		\N	\N	2021-05-23 09:53:16.286379+05:45	2021-05-23 09:55:50.348768+05:45	157	2021-05-23 09:55:50.350964+05:45	\N	~	\N	1	2	Acct001	2	2	\N	4	\N	\N
1	2020	2271		\N	Male	Day	A-Level20NS ( A-Level20NS)	 Non-Science"	A-Level	Running				2005-10-16		\N	\N		student_barcodes/Aakash_Pal_CKb2fF0.png		\N	\N	\N		\N	\N	2021-05-23 09:53:16.286379+05:45	2021-05-23 09:55:50.361007+05:45	158	2021-05-23 09:55:50.36262+05:45	\N	~	\N	1	2	Acct001	2	2	\N	4	\N	\N
1	2020	2271		\N	Male	Day	A-Level20NS ( A-Level20NS)	 Non-Science"	A-Level	Running				2005-10-16		\N	\N		student_barcodes/Aakash_Pal_MFhRmjm.png		\N	\N	\N		\N	\N	2021-05-23 09:53:16.286379+05:45	2021-05-23 10:19:39.685801+05:45	159	2021-05-23 10:19:39.688061+05:45	\N	~	\N	1	4	Acct001	2	2	\N	4	\N	\N
\.


--
-- Data for Name: student_management_app_historicalsubject; Type: TABLE DATA; Schema: public; Owner: gci_mis2
--

COPY public.student_management_app_historicalsubject (subject_code, subject_name, created_at, updated_at, history_id, history_date, history_change_reason, history_type, course_id, history_user_id) FROM stdin;
Comp001	Computer Science	2021-05-23 09:50:16.322796+05:45	2021-05-23 09:50:16.322815+05:45	3	2021-05-23 09:50:16.323752+05:45	\N	+	\N	2
Art001	Art and Design	2021-05-23 09:50:21.053859+05:45	2021-05-23 09:50:21.05388+05:45	4	2021-05-23 09:50:21.054896+05:45	\N	+	\N	2
Acct001	Accounting	2021-05-23 09:50:25.304301+05:45	2021-05-23 09:50:25.304322+05:45	5	2021-05-23 09:50:25.30533+05:45	\N	+	\N	2
Busi001	Business	2021-05-23 09:50:32.797384+05:45	2021-05-23 09:50:32.797405+05:45	6	2021-05-23 09:50:32.798387+05:45	\N	+	\N	2
Econ001	Economics	2021-05-23 09:51:24.203152+05:45	2021-05-23 09:51:24.203174+05:45	7	2021-05-23 09:51:24.204092+05:45	\N	+	\N	2
Lit001	Literature in English	2021-05-23 09:51:41.820552+05:45	2021-05-23 09:51:41.820577+05:45	8	2021-05-23 09:51:41.821601+05:45	\N	+	\N	2
Bio001	Biology	2021-05-23 09:43:58.181948+05:45	2021-05-23 09:43:58.181975+05:45	1	2021-05-23 09:43:58.183412+05:45	\N	+	\N	\N
Chem001	Chemistry	2021-05-23 09:45:10.73154+05:45	2021-05-23 09:45:10.731559+05:45	2	2021-05-23 09:45:10.732549+05:45	\N	+	\N	\N
\.


--
-- Data for Name: student_management_app_subjectteacher; Type: TABLE DATA; Schema: public; Owner: gci_mis2
--

COPY public.student_management_app_subjectteacher (id, section_id, subject_id, teacher_id) FROM stdin;
\.


--
-- Data for Name: syllabus; Type: TABLE DATA; Schema: public; Owner: gci_mis2
--

COPY public.syllabus (id, title, file, description, semester_id) FROM stdin;
\.


--
-- Data for Name: tbl_Adminuser; Type: TABLE DATA; Schema: public; Owner: gci_mis2
--

COPY public."tbl_Adminuser" (id, dob, gender, religion, contact, address, join_date, image, status, created_at, updated_at, admin_user_id) FROM stdin;
\.


--
-- Data for Name: tbl_Certificatetemplate; Type: TABLE DATA; Schema: public; Owner: gci_mis2
--

COPY public."tbl_Certificatetemplate" (id, certificate_number, date_of_issue, salutations, passed_year, photo, created_at, updated_at, certificate_name, theme, main_middle_text, top_heading_title, top_heading_left, top_heading_middle, top_heading_right, footer_left_text, footer_middle_text, footer_right_text, background_image, student_id) FROM stdin;
\.


--
-- Data for Name: tbl_Complain; Type: TABLE DATA; Schema: public; Owner: gci_mis2
--

COPY public."tbl_Complain" (id, title, role, description, attachment, created_at, updated_at, user_id) FROM stdin;
\.


--
-- Data for Name: tbl_Course; Type: TABLE DATA; Schema: public; Owner: gci_mis2
--

COPY public."tbl_Course" (id, course_name, course_code, course_description, created_at, updated_at) FROM stdin;
\.


--
-- Data for Name: tbl_Customuser; Type: TABLE DATA; Schema: public; Owner: gci_mis2
--

COPY public."tbl_Customuser" (id, password, last_login, is_superuser, username, first_name, last_name, is_staff, is_active, date_joined, full_name, email, user_type_id) FROM stdin;
24	pbkdf2_sha256$260000$UYJEhtmIscFetvKPo7TDhA$bZN0cFijke2Sqa24ky+vZ9j0CiwAw21MQNxsywgeUjc=	\N	f	jwalandeep2181			f	t	2021-05-23 09:53:19.812606+05:45	Jwalandeep Adhikari		3
25	pbkdf2_sha256$260000$DNvVheV6pt0aBG9iu8V5r5$BdbyuuwVipY3IK8uk4IkekmcXgaa8EZ5sJmWc3GfS7Q=	\N	f	pkaustuv2182			f	t	2021-05-23 09:53:20.016661+05:45	('',)		4
26	pbkdf2_sha256$260000$djmrruHjFqs55saBgjlXVw$7mirEHyv0Uv1MgknHqRd/HhAmFfvFA1OBaGaoR+4qOs=	\N	f	kaustuv2182			f	t	2021-05-23 09:53:20.19874+05:45	Kaustuv Shrestha		3
3	pbkdf2_sha256$260000$Wk8yHwcZgFDGd3zHDyhQ7h$6c9hA18g1frPRhcfx3kSA3V4lm6IaLgpWulXCJWNd7g=	2021-05-23 09:57:48.650772+05:45	f	paakash2271			f	t	2021-05-23 09:53:15.894664+05:45	('',)		4
27	pbkdf2_sha256$260000$TP53ikJWWGYdRVUr1aWKhE$MDz54bwrBQsTHtXLbsqVYxNz1jiXGTg/iJvEojdng1w=	\N	f	pkishor2242			f	t	2021-05-23 09:53:20.386263+05:45	('',)		4
4	pbkdf2_sha256$260000$oKGSe2EhxdcW782cJIiUMC$4t7XQslGdYMiOZ+LdqXH1DCSn39V6rh+XvJbPgLVUCQ=	2021-05-23 10:19:39.66482+05:45	f	aakash2271			f	t	2021-05-23 09:53:16.09531+05:45	Aakash Pal		3
5	pbkdf2_sha256$260000$m54Fn3ekkAmH38ilG8BqUi$zJapUDzcEHP86tYrB4g6bp0m1IgFLjwSEw6e6Zpc79k=	\N	f	paayusha2174			f	t	2021-05-23 09:53:16.30112+05:45	('',)		4
6	pbkdf2_sha256$260000$wU0cSE4079KwvkjynfKddJ$8Qv82o8nn60Z3vc1V1CtWcWA6Gc+CkHypXhauYaDOtA=	\N	f	aayusha2174			f	t	2021-05-23 09:53:16.473787+05:45	Aayusha Karki		3
7	pbkdf2_sha256$260000$qzZSLgc1TJ6PFUapC0ZWpE$blrAa9XxKJCHCLorXD+QDfS1xRG52JtlmUcZ3wfmat4=	\N	f	pamogh2175			f	t	2021-05-23 09:53:16.714144+05:45	('',)		4
8	pbkdf2_sha256$260000$9YKvJxQzSNCU4UDowoQZPu$EI1oDi80eujRN3u7irStoM9YgcCzHdfBL1Ia21m02IQ=	\N	f	amogh2175			f	t	2021-05-23 09:53:16.889706+05:45	Amogh Guragai		3
9	pbkdf2_sha256$260000$YgbC6TPoIVvEEUwdLjXCeS$b+PR58DYS96wZhwh5hn7TvtpgKV75LN/5P27UbzZwEg=	\N	f	pashish2240			f	t	2021-05-23 09:53:17.078146+05:45	('',)		4
10	pbkdf2_sha256$260000$xXKO6nVI3eIjviXQ1jIYPi$hSBkQ5li8ZZlyiK/AFlurUkNAS3ZWAmq/4aRUxkYIxI=	\N	f	ashish2240			f	t	2021-05-23 09:53:17.266581+05:45	Ashish Sherpa		3
11	pbkdf2_sha256$260000$1sWZUXUihh8fjmfEPdPqMR$WprsxddgbL1FTLpZUF2cNbsMthTRkHnNkAVYcY1LHSs=	\N	f	pavyash2177			f	t	2021-05-23 09:53:17.452037+05:45	('',)		4
12	pbkdf2_sha256$260000$8IAdzkF7nCH7CEALH0Y47M$WAhI0krzl+mGC3CwdUJCSCHTHpG6apGB4BgTfkOk5II=	\N	f	avyash2177			f	t	2021-05-23 09:53:17.624805+05:45	Avyash Kurumbang Limbhu		3
13	pbkdf2_sha256$260000$4QBmF7iWvOk1OiZPxJUpvk$maD8+9wu2V2SMHbmH4bPmYO1nKBKa0yY7wX69afpMXw=	\N	f	pbarish2178			f	t	2021-05-23 09:53:17.809867+05:45	('',)		4
14	pbkdf2_sha256$260000$wtXRLAgZ14LOuHrY1xoqWK$OcJsEzmlxrfCDX0hqO42azrs1Fvx13qNQs7LF+5lO6s=	\N	f	barish2178			f	t	2021-05-23 09:53:17.98462+05:45	Barish Rai		3
15	pbkdf2_sha256$260000$5oRoa16NhnC3veWEuzbDmH$Zto1e0t1zNz9J0ZgIQfONgBRhxfHjPUHPLnT00CClX8=	\N	f	pdenisha2179			f	t	2021-05-23 09:53:18.178548+05:45	('',)		4
16	pbkdf2_sha256$260000$nPSMsEK2rYNT6Wn3Z0HOXr$y2guleIlArnEuZY8BlklWny+Q5gWkFw8Br5yxAL9xw0=	\N	f	denisha2179			f	t	2021-05-23 09:53:18.354639+05:45	Denisha Basnet		3
17	pbkdf2_sha256$260000$a7AfT2ul0Yig1EQSP2eP3S$eYLfq/4y2G3POSpCbpjhJJjB4H7cAa1U998geI7c2OA=	\N	f	pgobind2249			f	t	2021-05-23 09:53:18.544951+05:45	('',)		4
18	pbkdf2_sha256$260000$Ivt6QpNxTGlwLphNakB7SP$IZNCpn9AkLh/GHiK4PmE7HQgqQ90U4aaoZFfFGK9DOE=	\N	f	gobind2249			f	t	2021-05-23 09:53:18.718621+05:45	Gobind Mukhiya		3
19	pbkdf2_sha256$260000$3ZVDuMUowOT7TR2TN4qaOh$SW56/fQSwZbRZff4+Gu/9YB1zAcKtu1+UimXwfh9JtE=	\N	f	pjackson2269			f	t	2021-05-23 09:53:18.907989+05:45	('',)		4
20	pbkdf2_sha256$260000$wgrQJ1Uwu24wSIpXxuhyn0$8idZUjMJgzjVpu9hOsa0CZ8SUhjnN+Nlz+DasEq6+lA=	\N	f	jackson2269			f	t	2021-05-23 09:53:19.089616+05:45	Jackson Shahi		3
21	pbkdf2_sha256$260000$LR46dap7pTRRER6U7y8lq7$TzeI7Sc2a3hTUzPAKlZXKMn2kUvuEcKorF1nM5Y/Sfg=	\N	f	pjaya2180			f	t	2021-05-23 09:53:19.28272+05:45	('',)		4
22	pbkdf2_sha256$260000$lmtvgrEt2ZxcYanzrCbGUb$1S/98TIcNaNBcMPXko2xqtyeLzS2Z5qOHyXbtGW5JXI=	\N	f	jaya2180			f	t	2021-05-23 09:53:19.456244+05:45	Jaya Gupta		3
23	pbkdf2_sha256$260000$vREIGm2hWFU5Moza5Zo7z6$UAlW8fte/682pzRiYBmOmNIDQRacVcRPIcSa2PPOQr8=	\N	f	pjwalandeep2181			f	t	2021-05-23 09:53:19.638459+05:45	('',)		4
28	pbkdf2_sha256$260000$UcCxHnRdE7ci2faaifhEih$38xyZZv0Yc2Va39FHJjuUlIieXZ8yiHDTtw+0x9ED5M=	\N	f	kishor2242			f	t	2021-05-23 09:53:20.561379+05:45	Kishor Singh Bhandari		3
29	pbkdf2_sha256$260000$ADpVDO6VPn8C0nfEnPj405$TGDHYGmTv5hT0cbXatBiGeAq57ryZs77cr35VzNsl4M=	\N	f	pkrishna2184			f	t	2021-05-23 09:53:20.749665+05:45	('',)		4
30	pbkdf2_sha256$260000$BWAa7v96FMSk5ODx2y9Ave$iSPTL2Ei/qUfzyWBbL+nwYKIMK5HyhcdgUc043CuN70=	\N	f	krishna2184			f	t	2021-05-23 09:53:20.926626+05:45	Krishna Nepal		3
31	pbkdf2_sha256$260000$XoxsLGILqt78GUsf3o1ANM$qiCMce4tDYujDqq8mZ7KxWmU9cxAOwKg+KPy8fA5mSA=	\N	f	pkriti2185			f	t	2021-05-23 09:53:21.112202+05:45	('',)		4
32	pbkdf2_sha256$260000$o4uBrOXvn1VejTsWN2SLW1$1QiVMl3Js4K0S+sxVJzrbKEbpoDSlwL5kVLFgPYFKvA=	\N	f	kriti2185			f	t	2021-05-23 09:53:21.290242+05:45	Kriti Chhetri		3
33	pbkdf2_sha256$260000$9AuRNJgz4RIu9wfxddcQQl$UEdN/kHiXvh0WXZ9lrzgYX+cNnnL7KYP4T6Twdpzzas=	\N	f	pkritika2243			f	t	2021-05-23 09:53:21.474665+05:45	('',)		4
34	pbkdf2_sha256$260000$YMmadcaV30WXaayrlihUPx$67w2SS3aMusBonDj/ZFRqiuNxzgiGsGHoeIBkkATe7k=	\N	f	kritika2243			f	t	2021-05-23 09:53:21.648273+05:45	Kritika Khandelwal		3
35	pbkdf2_sha256$260000$1qmFxc6mTOHLEvqy8uWp7e$2ObAc6jCHBIeoPLHZnzl1OpU/DBMac5Dljva1TnF3FE=	\N	f	pkritika2186			f	t	2021-05-23 09:53:21.834094+05:45	('',)		4
36	pbkdf2_sha256$260000$Oll9U6kjPyJPbise3RsdAQ$0cuRnQukEsq7Ps5SefzN+IoqghsjYP3rYsCNdwV0uzs=	\N	f	kritika2186			f	t	2021-05-23 09:53:22.006303+05:45	Kritika Singh		3
37	pbkdf2_sha256$260000$AiRNfVJ922xMXvANZQrDFR$8LH3LOXreivfU3cCpm1Uls2zY9fgC/m3N88s924TPC0=	\N	f	pmanash2187			f	t	2021-05-23 09:53:22.200653+05:45	('',)		4
38	pbkdf2_sha256$260000$pt2g1d2NqojNGq0i1GnXUf$+4iB+nK3dDszyMMSOnbgu6YmgfoR+y8DjgrPX6eeewU=	\N	f	manash2187			f	t	2021-05-23 09:53:22.375657+05:45	Manash Raj Sharma		3
39	pbkdf2_sha256$260000$2vuejk5hZX8CkN58iL8DTk$8Yimiz2oKaUfdLFDJfIX8LwIjLdXq/ao9QfiNYVj74E=	\N	f	pmanik2188			f	t	2021-05-23 09:53:22.567323+05:45	('',)		4
40	pbkdf2_sha256$260000$9W2AoXKMyY1UYooyizo2QW$SjkAkUCTD1zB4m0g5fy0licDlaFlPs/0J2R6RofhmzY=	\N	f	manik2188			f	t	2021-05-23 09:53:22.743983+05:45	Manik Sharma Bhattarai		3
41	pbkdf2_sha256$260000$wm4fCL47STuEWlSRCrkQCK$uc1BuMoKt1cHYnWT/MCL/LF/w5ZzAzgKDCk+HwvNzaA=	\N	f	pmanjari2245			f	t	2021-05-23 09:53:22.93276+05:45	('',)		4
42	pbkdf2_sha256$260000$MMo1SL0NMvqkrEilICj5fK$dknS92WMJdnWXr/7u07njZupxQxVY8cXdQsSRWhPjzY=	\N	f	manjari2245			f	t	2021-05-23 09:53:23.115655+05:45	Manjari Lohani		3
43	pbkdf2_sha256$260000$1bSyMT4sXagK1tR5ANNOWW$Re8fpVDNjL4wb3MHv96na05wRBb/AfhZJ+ez4obbDeY=	\N	f	pmiksee2246			f	t	2021-05-23 09:53:23.34785+05:45	('',)		4
2	pbkdf2_sha256$260000$0ndRb1YXZOo99CABYankx5$qveUenYjrT2g2ZZ9D5nW7his3O4jMrbBWZBkNucC51g=	2021-05-23 10:28:48.319012+05:45	t	nirmal			t	t	2021-05-23 09:49:06.315327+05:45			\N
44	pbkdf2_sha256$260000$t5K9TqpVkCDZ5K4eu5BJVd$YfYum2Nkb3m0lhdNa3tsYquminUvtf9n86BBmi3chgM=	\N	f	miksee2246			f	t	2021-05-23 09:53:23.527117+05:45	Miksee Rai		3
45	pbkdf2_sha256$260000$UCF7nIHKsGfhSTv3TLAMsA$8tXjZzDiTlvo7S7zUTTtPoJ8lvzzCCYFaXlrU/TVXRI=	\N	f	pnigesh2189			f	t	2021-05-23 09:53:23.716552+05:45	('',)		4
46	pbkdf2_sha256$260000$GMoJWsJGareBZcTSibVCjK$wbg2r93EEY7nz4i640dW1QN2BlS/FSYwp4r2aGEKUTs=	\N	f	nigesh2189			f	t	2021-05-23 09:53:23.891275+05:45	Nigesh Pun		3
47	pbkdf2_sha256$260000$dnhJM77x0AQsdnV2vMdkCt$EvFNxFPwtfwOSUZuGI+2hQwn+ri8emQL8SE3c5BcbKc=	\N	f	pnishant2190			f	t	2021-05-23 09:53:24.088554+05:45	('',)		4
48	pbkdf2_sha256$260000$SBvLQUAESMUtNvr2mVOdc7$90/KhJtiF8CbKX/Iwt8gCXaW+59pD4DfknDjtJ7AGlg=	\N	f	nishant2190			f	t	2021-05-23 09:53:24.297435+05:45	Nishant Bhandari		3
49	pbkdf2_sha256$260000$mAZwBgCzXtHIDPSX77XGL6$mViawln8y3+AcTkITFMNBXxWaEKuiqh9e4ZFM5RwN+g=	\N	f	ppaarth2191			f	t	2021-05-23 09:53:24.484012+05:45	('',)		4
50	pbkdf2_sha256$260000$AlaOxFeB05orDC8QW7wbKQ$Q1GSDxXtwR4u7trIUq4B1noFUjGgDelTniihIY88qVQ=	\N	f	paarth2191			f	t	2021-05-23 09:53:24.656213+05:45	Paarth Man Singh Basnyat		3
51	pbkdf2_sha256$260000$62WP1YtfCZFQHglTt9MQLU$KS/9c8IhpvkPQt2N1uNZLoISlPS/QacIzy65I/CS9bM=	\N	f	ppiya2192			f	t	2021-05-23 09:53:24.842122+05:45	('',)		4
52	pbkdf2_sha256$260000$yrS264m57RsB4wyrEM19Z7$GLh88lGJk5FIyPae5nNnHBJmSYWBXefaQvZpvLjWNYM=	\N	f	piya2192			f	t	2021-05-23 09:53:25.038683+05:45	Piya Gurung		3
53	pbkdf2_sha256$260000$cZDlQtNvjntUmjRrcJEMAO$dFr8yEFLnHxw+zV6v5fH5C5eFJYEw/0V83RjZh9qciQ=	\N	f	pposhan2214			f	t	2021-05-23 09:53:25.246124+05:45	('',)		4
54	pbkdf2_sha256$260000$GxsTf3wzZL2JaOuwUUQfIA$3QEjprz7c+g7sOjtrWVTm6wHmrqokkMgsY+2K/58b0U=	\N	f	poshan2214			f	t	2021-05-23 09:53:25.44093+05:45	Poshan Gurung		3
55	pbkdf2_sha256$260000$DjTE2B18lnthFZc9gDCXj4$5RbT7XfS8+6ImcYsb7fo7FN6u61onHRvGo1ng4CbrPQ=	\N	f	pprasansha2195			f	t	2021-05-23 09:53:25.62691+05:45	('',)		4
56	pbkdf2_sha256$260000$1cKPQVaFKUrsW2a5404RuF$O7/Kv337N1iv/+6trRGzxza4DQruRu2O6Mg5bMvZCEk=	\N	f	prasansha2195			f	t	2021-05-23 09:53:25.799732+05:45	Prasansha Subba		3
57	pbkdf2_sha256$260000$p4MpevTB4h31wqiu2Lhsd6$cGCsIelAbwaUvXD5mmQBTLUsPgo73R+7hQhJYFee6Og=	\N	f	ppritishma2196			f	t	2021-05-23 09:53:25.983493+05:45	('',)		4
58	pbkdf2_sha256$260000$Jrdmuv3cV9gyWTZ4RHnNXY$j6JIWpWjEz59DD3GZ9uufMFyeg6t0ae/fH6JG8SBXPQ=	\N	f	pritishma2196			f	t	2021-05-23 09:53:26.24991+05:45	Pritishma Shah		3
59	pbkdf2_sha256$260000$G60jVWSucUJIDEBUwoUNCn$D20cjwe0hQvKaov6+5LICPkEk4pVuaf/0+E0UQO0+SY=	\N	f	psamishrika2197			f	t	2021-05-23 09:53:26.440264+05:45	('',)		4
60	pbkdf2_sha256$260000$7C7ViL6I0iD2ov2X9d7Wpn$bqx/eQ5V763nq8ZmzBeOIHGlqsqrqD2Y2YkUJSLDVT4=	\N	f	samishrika2197			f	t	2021-05-23 09:53:26.6176+05:45	Samishrika Pariyar		3
61	pbkdf2_sha256$260000$TiYmPq8n33TxAu27u651sm$5uoSx+9zGIQCU0YgpHxvy5fhgg8I1BVp12ilXxePxo4=	\N	f	psarika2198			f	t	2021-05-23 09:53:26.799617+05:45	('',)		4
62	pbkdf2_sha256$260000$os5bxIPZEgjeV8SFEMei6K$WqnV+KaTtGyNn/cWXWKs90lBprv6NTirJQhkjMJHjXQ=	\N	f	sarika2198			f	t	2021-05-23 09:53:26.970835+05:45	Sarika Koirala		3
63	pbkdf2_sha256$260000$2QJSVRJHCOpYbLXJBSzBS8$JmmuO01kfFuxAMjmkdDvtR72laandbmjckdsa7c3C/c=	\N	f	psarthak2229			f	t	2021-05-23 09:53:27.160112+05:45	('',)		4
64	pbkdf2_sha256$260000$MWyjHQ7I4vuybaXQbeiJEQ$UCp3pGHNFJgqTdAcqBqCZVJdNQv1n4xPaFdPxwXCsvk=	\N	f	sarthak2229			f	t	2021-05-23 09:53:27.347794+05:45	Sarthak Thapa		3
65	pbkdf2_sha256$260000$DGzKlY5GnprGVI6Ux8cLiN$0zIZ5mXFVv2GDOeCeDIfUI2vjiAECgDZwjkjrgoGfRo=	\N	f	pshruti2199			f	t	2021-05-23 09:53:27.530215+05:45	('',)		4
66	pbkdf2_sha256$260000$VbR5NHAPPyEtMsHf80neB4$UgczGw0W8Uz/EYT5R5A07iBiKnsVgA36m0rFlBZb7Us=	\N	f	shruti2199			f	t	2021-05-23 09:53:27.705932+05:45	Shruti Chhetri		3
67	pbkdf2_sha256$260000$RJR8ym8ipi3F0bECSGIUAt$bl9wPTPs6hjGJOx4QSZnjcu1joSdsscsKqI+Ir3Vyo4=	\N	f	psmriti2275			f	t	2021-05-23 09:53:27.888831+05:45	('',)		4
68	pbkdf2_sha256$260000$hbIrVCmZrP0nmWodQhkpuB$gEywn0aunu34rP+SCk8VUFMrear5Nv4/EPbfHAOhErY=	\N	f	smriti2275			f	t	2021-05-23 09:53:28.063866+05:45	Smriti K.C.		3
69	pbkdf2_sha256$260000$me3Ktcg4oCvZaZMtu6wnYE$/Do3A+x4i/45MJe0LPKomp6fUkhPF12Z/r3FwcG2MQA=	\N	f	psparsh2200			f	t	2021-05-23 09:53:28.255961+05:45	('',)		4
70	pbkdf2_sha256$260000$vpNCxkjYWY2jU1FJnXfiMA$C17gKyuqMSzbUNMNWxapQ2bMnCinVgMcKYVM2Jm+sIE=	\N	f	sparsh2200			f	t	2021-05-23 09:53:28.431533+05:45	Sparsh Roka Magar		3
71	pbkdf2_sha256$260000$aizgGFkowmxPgMlZ8vq5ce$A0r4uMKONsWIZX/dgZGxdXp3eKP0EoqE6UYEihj8fKA=	\N	f	psulav2201			f	t	2021-05-23 09:53:28.613634+05:45	('',)		4
72	pbkdf2_sha256$260000$nc22ZIFxzRBPaaFyfkYHR5$lBtNE0G1K3xBzYc4D1MoK0GF9r3ghKOrLvSswSYfUlI=	\N	f	sulav2201			f	t	2021-05-23 09:53:28.793619+05:45	Sulav Shrestha		3
73	pbkdf2_sha256$260000$OiHcGvUobEHbP8SleBlCdd$EWxC9vXMpRAdtb5JkG96CRzvhPs+fpC+RKs+jy6UmcI=	\N	f	pvijita2202			f	t	2021-05-23 09:53:28.977793+05:45	('',)		4
74	pbkdf2_sha256$260000$WbPh0E17yj4nREy8C3nBoo$+KD4BqEQKwAWHtKrsriL4tk45j6+0tzDM+p17LoREcE=	\N	f	vijita2202			f	t	2021-05-23 09:53:29.149618+05:45	Vijita Raut		3
75	pbkdf2_sha256$260000$OJWHNu2IIeNaMXKLZyCkwp$qSBkgJOS2udmrV/JppaztygTextdbfGaIdRdfioYkc8=	\N	f	pyaju2203			f	t	2021-05-23 09:53:29.337202+05:45	('',)		4
76	pbkdf2_sha256$260000$wHY83MJp57Z9fuCoXurgsl$zj2VyYN85dOAHD7UBlAw0pHdo6KQMWXvu06RtASpYHk=	\N	f	yaju2203			f	t	2021-05-23 09:53:29.511559+05:45	Yaju Maharjhan		3
77	pbkdf2_sha256$260000$NPFOmgGUWKPj7yy0LqFgcV$6N+v3QXcoYK3zoroReivVjldtiZa8GDFju6amepDTro=	\N	f	paashutosh2204			f	t	2021-05-23 09:54:00.944149+05:45	('',)		4
78	pbkdf2_sha256$260000$VgXAuZcBNsoQoORR54yXRS$qysRkiGnL0EGjHZpOfFTQ3eleS4xp8Xij/K95+AFLOI=	\N	f	aashutosh2204			f	t	2021-05-23 09:54:01.122759+05:45	Aashutosh Thakurati		3
79	pbkdf2_sha256$260000$F32s5IxUOcd7eXALlk7V83$PXTl/6NbT745P77yX1EuYsj2oFIHOd4NGi4b7kYeePk=	\N	f	panmol2276			f	t	2021-05-23 09:54:01.31988+05:45	('',)		4
80	pbkdf2_sha256$260000$uXMw0qhfVio9IE9mFdvKcF$0z08nTjnpoF5P31eP+/DyTZ1zQ+LyQU2ca1OdzWUXxQ=	\N	f	anmol2276			f	t	2021-05-23 09:54:01.496902+05:45	Anmol Khadka		3
81	pbkdf2_sha256$260000$Nc2Y931wDm5D24lCvAkOGb$TXjfbfAX6Sw7tfN1JPofhuSDuLn6W92FwMxA2MgnzPM=	\N	f	panne2205			f	t	2021-05-23 09:54:01.69964+05:45	('',)		4
82	pbkdf2_sha256$260000$S5LPO31qUw5EQQf2jS6q4R$DAp57FVs6Y8Vn2Ps/H/7dyGLGCer5tU+aT7IN5cKFYw=	\N	f	anne2205			f	t	2021-05-23 09:54:01.875635+05:45	Anne Shrestha		3
83	pbkdf2_sha256$260000$09XE4YKdgqVqsadJfaUZSS$tv4NiU+FWutaOQWJhv76nWZ0W38yrWgVbNlU1ULoiYg=	\N	f	pashweeni2206			f	t	2021-05-23 09:54:02.062866+05:45	('',)		4
84	pbkdf2_sha256$260000$HHS5ypqTSkLDGBRaip0jzs$0L2WAqNqrLFY14L1qERArUsN/rskVMsiF8wkpXI8PDk=	\N	f	ashweeni2206			f	t	2021-05-23 09:54:02.243089+05:45	Ashweeni Paudel		3
85	pbkdf2_sha256$260000$2mHJnaopIsWQGUDGxJwz4F$Jr9ZlwRgcPxCpNi3otYK8Z5DUs/F9jIYi8SKUwpxEjQ=	\N	f	pbidushi2248			f	t	2021-05-23 09:54:02.427168+05:45	('',)		4
86	pbkdf2_sha256$260000$nlpFSe89RpPdJSEYjJPKiM$UjzEwyRfe6Cc04+AIb1gmBw4sU7ohb9BIIwDgR9ypr4=	\N	f	bidushi2248			f	t	2021-05-23 09:54:02.599633+05:45	Bidushi Bajracharya		3
87	pbkdf2_sha256$260000$AuShFXSZXoROqVKB9AH9IG$Ecs2RWlFPhrYTfFgqSEzDFwxCuH2e70g08lDdIBaA1E=	\N	f	pchirag2207			f	t	2021-05-23 09:54:02.782763+05:45	('',)		4
88	pbkdf2_sha256$260000$dIEgTnw6k8KKR3yZUz1zgg$cgz2JhKLMFNrot3cABnlEGcUYL/o+0e2SMLTlkLUtIo=	\N	f	chirag2207			f	t	2021-05-23 09:54:02.957328+05:45	Chirag Timilsina		3
89	pbkdf2_sha256$260000$nacdJiQnTw0twoMcEUTFpP$Tm6/qG0p41iLOduSOJhbDTLsx0wUwJ+KfQJgmX5VC/c=	\N	f	pdaniel2268			f	t	2021-05-23 09:54:03.142061+05:45	('',)		4
90	pbkdf2_sha256$260000$kmMenD05iXrqdh6FWXIywT$M8Mb3BXokhLnVJei3Oj8oDhVyS1oyAXjHGTEBCRJ4CY=	\N	f	daniel2268			f	t	2021-05-23 09:54:03.321369+05:45	Daniel Sherchan		3
91	pbkdf2_sha256$260000$v4ezcf6OicNwYwYLOWQUVD$CV86uGLFy7Rqto/mjEDQJAxaN64rTNLn1dWnRWaJJ/I=	\N	f	penrique2208			f	t	2021-05-23 09:54:03.507281+05:45	('',)		4
92	pbkdf2_sha256$260000$AwJB9X9WcmsWylcK2qR0nP$WWtZFYzsNsE+snDCSDbd7RwF/xvoiNmhsNYglcA4bfg=	\N	f	enrique2208			f	t	2021-05-23 09:54:03.682991+05:45	Enrique Bikram Shrestha		3
93	pbkdf2_sha256$260000$FfqWaqTABjTr9KDOeUrr0Y$IlQPC21PXV5Ln/wI3N3MWWVKrUIyQ4ykX1CvcGAKXhA=	\N	f	pharbisha2209			f	t	2021-05-23 09:54:03.868293+05:45	('',)		4
94	pbkdf2_sha256$260000$2tNJfdZhVphqxGjsEb38tR$AsMiZv7YTpRdTWwsHL3Jdr6YYKrG7uZ67vIH5j/j7Qw=	\N	f	harbisha2209			f	t	2021-05-23 09:54:04.042974+05:45	Harbisha Gopali		3
95	pbkdf2_sha256$260000$SO1c5Xm64nEBPIMmA7JKXC$U5CKcS/43SgNr6Od5sMbciJ+ECODopxq7LmtLOAdq2A=	\N	f	pjeenam2250			f	t	2021-05-23 09:54:04.244746+05:45	('',)		4
96	pbkdf2_sha256$260000$ZBeRmjUVTf4VU2kLhboIbs$8GRl+6WwOs+/YzEOJJszj0fIOyBjuNmfFgFQSYVrsX8=	\N	f	jeenam2250			f	t	2021-05-23 09:54:04.423097+05:45	Jeenam Bhattarai		3
97	pbkdf2_sha256$260000$O5T7BouNXrX2D9e3QtQYzv$x3rCMsarfU3hdEZZtQChX/BQNtH33mLvKrincoIpCgE=	\N	f	pjeeya2241			f	t	2021-05-23 09:54:04.605095+05:45	('',)		4
98	pbkdf2_sha256$260000$4k1zB0ObetBL6G45QFshaI$lckgvve5boBxDl4wIrjbMMULAeh2BBoDb/HehfWBJNo=	\N	f	jeeya2241			f	t	2021-05-23 09:54:04.777815+05:45	Jeeya Karki		3
99	pbkdf2_sha256$260000$LkWAyyzyeE4Ai33jA0VHoL$avqJdABbt3tWvRtWX2EnAUOVLoPN8oHHWwG84Dzjb4A=	\N	f	pleenum2251			f	t	2021-05-23 09:54:04.962136+05:45	('',)		4
100	pbkdf2_sha256$260000$KAdJg1lK8ivA2TcQFD7DhB$yw2JhQLNL2FCZGT8VnbsWSfdAKqhfEhX2OTOe5KsjE8=	\N	f	leenum2251			f	t	2021-05-23 09:54:05.134197+05:45	Leenum Uprety		3
101	pbkdf2_sha256$260000$6g0NaHPuxpWiol8MaYQumK$GMbWn/qmVOgjmEhs/BztHbgVrR5uuPSM4MIn/itGrWg=	\N	f	pmadhu2272			f	t	2021-05-23 09:54:05.326275+05:45	('',)		4
102	pbkdf2_sha256$260000$KbspMsBt63DncJX6OtC6y5$RCoufp3hxK+4/WpePdRRtT7vXL2Rhpq35UsDLRak6vg=	\N	f	madhu2272			f	t	2021-05-23 09:54:05.530069+05:45	Madhu Kumari Jayswal		3
103	pbkdf2_sha256$260000$03g1x330vNgS50O5P9mDel$pr4WwtPF0tO5Vf+YY88UCCRjStHwDvq+3IjkC6D9lOo=	\N	f	pmanasha2210			f	t	2021-05-23 09:54:05.716977+05:45	('',)		4
104	pbkdf2_sha256$260000$rmx296bzKu1al3G1s0nw13$+8Lpf5b5eME/JIUqrk8UdNKeKkZubmNcWELB0D0nbIY=	\N	f	manasha2210			f	t	2021-05-23 09:54:05.890236+05:45	Manasha Koirala		3
105	pbkdf2_sha256$260000$5nxy22GIHPtkL2o5n5hnHD$632hhC/fAAe3cPLaumNBd2SdIhvIvGLYgXKUhJXDDXw=	\N	f	pnawal2211			f	t	2021-05-23 09:54:06.07656+05:45	('',)		4
106	pbkdf2_sha256$260000$63WXy1NEJTVJOHGwf7q54t$+l4jR7wrJ0QRUjpEZ+IOv/Or/RPBPKTxJ0KjvtttnB4=	\N	f	nawal2211			f	t	2021-05-23 09:54:06.255661+05:45	Nawal Rai		3
107	pbkdf2_sha256$260000$hoZslOoaXPjaLXrj7Bm6YA$mtAHD71CWqer40gUXSOIKWUyFW+O9qxYxZSPFsq2XWI=	\N	f	pnayam2212			f	t	2021-05-23 09:54:06.439476+05:45	('',)		4
108	pbkdf2_sha256$260000$JcGbcThNkdOC4H9zYPs27B$5oS7EjWng0k3Agb0qt7eLFU+iISJQ+phuvJ05tWbxT0=	\N	f	nayam2212			f	t	2021-05-23 09:54:06.611152+05:45	Nayam Barun		3
109	pbkdf2_sha256$260000$NNzqjy3g6lnnQe2WR26DIQ$92YxwriM+voE8OWWaLcUDmORSzsB8iWRk6txgmdVExk=	\N	f	pniraj2252			f	t	2021-05-23 09:54:06.794322+05:45	('',)		4
110	pbkdf2_sha256$260000$B1HD6UygXwvtYwHuNbbki3$T69PN9NibsB6rGHOcGPhgQ0RcBz3EXlLhRhrM7tvqBs=	\N	f	niraj2252			f	t	2021-05-23 09:54:06.966667+05:45	Niraj Pal		3
111	pbkdf2_sha256$260000$wLfOTDKinaGWUzS2IRH8pZ$vBc6lD01lkjyPMZGHm15mBaiEzezV/68VksnKOSFFyc=	\N	f	pnitesh2213			f	t	2021-05-23 09:54:07.149051+05:45	('',)		4
112	pbkdf2_sha256$260000$lGLmPJWP1ze6Jq9IU37cSD$tI+ktu+1KHPZEttGrKNtzlImXKQGUaDAUI1dH5o4p48=	\N	f	nitesh2213			f	t	2021-05-23 09:54:07.329545+05:45	Nitesh Gurung		3
113	pbkdf2_sha256$260000$WW0IKW6MUNk4P9HDP2jPmp$Olj8vm4V8Vvz1pOxAsGs+ww/AZXwtVAgkgtVaf6esOA=	\N	f	pnuma2273			f	t	2021-05-23 09:54:07.515598+05:45	('',)		4
114	pbkdf2_sha256$260000$JXAYLwQgwvbJgMk41EWi6k$TB4H/WheHiw71a2/64isAXfpiiWRCQeZ+P3LYp3iCNs=	\N	f	numa2273			f	t	2021-05-23 09:54:07.689198+05:45	Numa Ghishing		3
115	pbkdf2_sha256$260000$BHg1q20jl3JrkXDpMxosJv$QyfECL/t59t4/5NMfMq2dBMSdcQ6y63foXH/yD4KhEg=	\N	f	pparth2253			f	t	2021-05-23 09:54:07.87171+05:45	('',)		4
116	pbkdf2_sha256$260000$Ki3ToNpaTWEGNyPpbHxKb8$Urnqb3pRaAdqLxI6Nw1TwX2q0Hbw2qN3QaibPcItZN0=	\N	f	parth2253			f	t	2021-05-23 09:54:08.0492+05:45	Parth Chalise		3
117	pbkdf2_sha256$260000$U8gPSS0lsXzUSvutwhs52C$nNPgK2Ku27a7V6A4AdpLLPAp4k1vGvb4JG8gPKeOd2E=	\N	f	ppawan2254			f	t	2021-05-23 09:54:08.256134+05:45	('',)		4
118	pbkdf2_sha256$260000$5srYw6j2ZOaeaVzc5JxY9S$u5t7tSgUiZ+WtdTMZ725rd9ryyd29+K6HpAkz4zz8Ec=	\N	f	pawan2254			f	t	2021-05-23 09:54:08.431503+05:45	Pawan Khatiwada		3
119	pbkdf2_sha256$260000$Xnfehg4R2dGmMlS8zVMcAH$U4qja7/5+y2B23FgfyCU74TnC3pExb5oSc06IHW3iHE=	\N	f	pprabesh2215			f	t	2021-05-23 09:54:08.618208+05:45	('',)		4
120	pbkdf2_sha256$260000$WkBH7XsOovkS5gfS0YNLGQ$Z5CA2jItMTE5I44GA5Tg2kAmKOQAC5hv1Z56Cig82dc=	\N	f	prabesh2215			f	t	2021-05-23 09:54:08.795382+05:45	Prabesh Parajuli		3
121	pbkdf2_sha256$260000$ph3b9orhHhZEAqKP51ZIvl$EWLEUwePuaWAoPC4Bmq+EMhuV0Kj3qEITnjEzl/uDzg=	\N	f	ppragik2255			f	t	2021-05-23 09:54:08.978374+05:45	('',)		4
122	pbkdf2_sha256$260000$BAiH52y544gfX1Vb1oNIuz$N2aOtyrrZheCyHTvFZuLzMwEpiouX7l+JlQGkZnhssM=	\N	f	pragik2255			f	t	2021-05-23 09:54:09.169209+05:45	Pragik K.C.		3
123	pbkdf2_sha256$260000$WWR8Eat924acKfpzduA2Os$Nq2sy1T3ipWKJX2+UOvVntJq0QhA8XEz08soJpKuLBw=	\N	f	pprajita2216			f	t	2021-05-23 09:54:09.373716+05:45	('',)		4
124	pbkdf2_sha256$260000$MnIyId6rxxqD41hJHtda32$xClIIX3xAWxl8gAbS4J02Kbezcyo0dh8pJZ70g6w+9I=	\N	f	prajita2216			f	t	2021-05-23 09:54:09.573547+05:45	Prajita Gurung		3
125	pbkdf2_sha256$260000$39eUcI3BvYAyTqY5jHmw22$eL6x3CoxWMu6sUZOKkdC/o5wEsU/0QT0q/ltsot2Rng=	\N	f	ppramish2193			f	t	2021-05-23 09:54:09.767018+05:45	('',)		4
126	pbkdf2_sha256$260000$tykIY3tX5FQKX7IcGYy9AB$0upyJrjdm/583Zhqq37LvCrSyOLsl/2RGafK0c3CgT0=	\N	f	pramish2193			f	t	2021-05-23 09:54:09.943175+05:45	Pramish Bhattarai		3
127	pbkdf2_sha256$260000$5J09dUIUI7PgvnzqnSmOTO$d/he/o77DMd94CyczydOoqo1lA7P5cFtA7qsTstW5mQ=	\N	f	pprasiddha2217			f	t	2021-05-23 09:54:10.131536+05:45	('',)		4
128	pbkdf2_sha256$260000$9QXs5lUggWibXyyibpe1vE$a2iSpAM1T/TXwg0Fbxjyzqg/vbWifWG5NqXV+fo2q1U=	\N	f	prasiddha2217			f	t	2021-05-23 09:54:10.307779+05:45	Prasiddha Dangol		3
129	pbkdf2_sha256$260000$kjM8KQWbefcNJfBCik255M$Z+c6U4cSL1LNMH9iT1xHn1Y4zAof+pwiUWNsvRn7DPo=	\N	f	ppuja2256			f	t	2021-05-23 09:54:10.492123+05:45	('',)		4
130	pbkdf2_sha256$260000$YahWCLZqINPPSuacKKW8uU$SuI14Vx9lTlyl/zE95ss3WwsbIACblXIgWnubG4F1do=	\N	f	puja2256			f	t	2021-05-23 09:54:10.663328+05:45	Puja Kumari Khadka		3
131	pbkdf2_sha256$260000$lSO1L5eD3u8Y7O5Z20NXKP$9LmFqxVO0CjclGLQSc6lutLC45z676ZEu52Uweu40Mw=	\N	f	prajina2218			f	t	2021-05-23 09:54:10.844898+05:45	('',)		4
132	pbkdf2_sha256$260000$lviTth2XgF3XwWOVtZyWtj$UCue14PZKzm1posDL0y4xnjIWD5MFgG11op2HpsIcMg=	\N	f	rajina2218			f	t	2021-05-23 09:54:11.019444+05:45	Rajina Neupane		3
133	pbkdf2_sha256$260000$SodsUrtZxXCMHG0TzVnixn$7flLbQx1Kp6lyyRueKn5kRfETqqf4qPx7ojBn3L297I=	\N	f	prasik2219			f	t	2021-05-23 09:54:11.201113+05:45	('',)		4
134	pbkdf2_sha256$260000$8rbPE0zsU3lXrYQHA8c0NK$GCldgo+FaLE1J/GPaCS43s+idBBQFWMjg26kn01o1AI=	\N	f	rasik2219			f	t	2021-05-23 09:54:11.381091+05:45	Rasik Raj Bista		3
135	pbkdf2_sha256$260000$CrEM56JkPa84vg2QiJgxG0$FZojExiJGIeAvmGKbpDoCXxwLIWh+VEG+MjiOgmMpzc=	\N	f	praunak2257			f	t	2021-05-23 09:54:11.567621+05:45	('',)		4
136	pbkdf2_sha256$260000$kjcu9U6HCa8SU0PHttx3id$vQsaLL9bHDxWthN+ajpzQJzCwKuSI36Fx+1T+oVMIv0=	\N	f	raunak2257			f	t	2021-05-23 09:54:11.740746+05:45	Raunak Neupane		3
137	pbkdf2_sha256$260000$HlsoqfbnZb2ZM9gWVSwZFI$Y+EDpM53eRw/lJslyDqsNfXZpWXWQj41p2gp+xch3oI=	\N	f	prikesh2274			f	t	2021-05-23 09:54:11.923987+05:45	('',)		4
138	pbkdf2_sha256$260000$rDPCGo5YqnoNm23J5EM5Ok$SwxwUT7WPUNkAdhLvxFiX4KgHRzqgi6plmIRB+/L6lw=	\N	f	rikesh2274			f	t	2021-05-23 09:54:12.105821+05:45	Rikesh Bakhunche		3
139	pbkdf2_sha256$260000$UgZIvvd1mvKdFklYBnQfhv$PCtmA0mEumdSuy0JDzZE292r7jaznIBQ8em6k02FiRg=	\N	f	pritik2220			f	t	2021-05-23 09:54:12.298362+05:45	('',)		4
140	pbkdf2_sha256$260000$OLYqXx5Heff6bYP2IgQ75V$LsfwLa793lGuriWhLqnpEsF/ecF8tyM1Ld6lmaf9Ffw=	\N	f	ritik2220			f	t	2021-05-23 09:54:12.471995+05:45	Ritik Kumar Thakur		3
141	pbkdf2_sha256$260000$Wzq2LwYpRdQR3ReR64McKc$SdkhFoU97qswfBfpB9sBLe4OZ/4XOWf34Aa8IcOxGOs=	\N	f	priya2221			f	t	2021-05-23 09:54:12.655726+05:45	('',)		4
142	pbkdf2_sha256$260000$qiEffxPgVqxPjhBi1MZo4R$VrQe1CkcVDjQeRfhaxZrooAHZZOyv/EMvYX1mTDhTKQ=	\N	f	riya2221			f	t	2021-05-23 09:54:12.829109+05:45	Riya Shrestha		3
143	pbkdf2_sha256$260000$LPp0moHW9zUs1zbfEvFkJC$wKMI3OXSseEC/bYEvP17p190+pz569MdX/JGEsXXVEA=	\N	f	proshani2258			f	t	2021-05-23 09:54:13.018148+05:45	('',)		4
144	pbkdf2_sha256$260000$5QJ7VkOrHDpwlYWRnRJB2G$0GHM4Kg0AjZfOq3FO1AZ2IVjK1eETB1oX7hBqFx21a4=	\N	f	roshani2258			f	t	2021-05-23 09:54:13.207717+05:45	Roshani Mahato		3
145	pbkdf2_sha256$260000$1ZMCCeOz2IHGGpvFa9MrP9$OHCyc7inwE8FWSFt7FgYnVnibCipC8cc+dx/3XIzDCc=	\N	f	proshni2222			f	t	2021-05-23 09:54:13.39435+05:45	('',)		4
146	pbkdf2_sha256$260000$Mc6yGWKjwZShbIcw888ZQt$+V33RXOqdRTtCXnZby0DNmMD5H/DP9jYaldF+n2Bx8Q=	\N	f	roshni2222			f	t	2021-05-23 09:54:13.568058+05:45	Roshni Lama		3
147	pbkdf2_sha256$260000$oGysGF33FQmmzvXnRwNd2F$K/UBR/p2dxe2ZEihMmyd7n6uFnsRllJSRwa2k9sR7WA=	\N	f	proyal2259			f	t	2021-05-23 09:54:13.752404+05:45	('',)		4
148	pbkdf2_sha256$260000$wineBhDwTPYgBmhCmojBNb$8irY6gJ5MaOaVWG0z25gvCMHttOxkDolMe0dRf7AofU=	\N	f	royal2259			f	t	2021-05-23 09:54:13.92739+05:45	Royal Katuwal		3
149	pbkdf2_sha256$260000$ELUGTXwvRhI3ydVUqjSNMY$20vcTRuaMB7kWBe9UABP6mtuKJt+91qyeAC1RnhF6kI=	\N	f	psabal2260			f	t	2021-05-23 09:54:14.124252+05:45	('',)		4
150	pbkdf2_sha256$260000$J23bIMyQ31bInJj36UdPho$kRskbnzCMyH2bE24nM1CkcEhuR+laB9HxuNInTJehS8=	\N	f	sabal2260			f	t	2021-05-23 09:54:14.351504+05:45	Sabal Nemkul		3
151	pbkdf2_sha256$260000$JOXkVC6tR2ILkPcFVTRxQu$1grH0NvSZ9Zb+mNSC925S35lGWtfGP6oSV0uELX2CQQ=	\N	f	psabin2261			f	t	2021-05-23 09:54:14.538198+05:45	('',)		4
152	pbkdf2_sha256$260000$ZkDpCAGOTJZEoQYsYQ95qC$ZEwYzJbThxteyU2mGiPqWz144UguVYRaHPRR9+tDPJc=	\N	f	sabin2261			f	t	2021-05-23 09:54:14.713113+05:45	Sabin Raj Pokharel		3
153	pbkdf2_sha256$260000$E7N3v5cii2irNRq3LNFVH7$BBhhc8awgSAGzsLaCAPyVhShd2QCRenDgJUpl5n5DnY=	\N	f	psadhan2223			f	t	2021-05-23 09:54:14.899246+05:45	('',)		4
154	pbkdf2_sha256$260000$WO5DPHN2G3p3OK33RIYvz8$L0SqKXYwJUE/Lw7AobpZgueKzzDiFkc/yUzaNhQreZs=	\N	f	sadhan2223			f	t	2021-05-23 09:54:15.073865+05:45	Sadhan Ghimire		3
155	pbkdf2_sha256$260000$phMHkTiyQI9sb6tnxHMfPf$FH3UqhscsUr58cvHKVhTiWHnGY69ynb9Y/WPF9QetMg=	\N	f	psailesh2277			f	t	2021-05-23 09:54:15.273014+05:45	('',)		4
156	pbkdf2_sha256$260000$4bplCz8bV4op9H4BYfB4nb$Er0F1CbBQmOc0ZfShbUYjrbMJr1v/+eGvCkySiYHPs4=	\N	f	sailesh2277			f	t	2021-05-23 09:54:15.44458+05:45	Sailesh Kumar Tamang		3
157	pbkdf2_sha256$260000$AgRgaL8VEXwzJ5J1EZbhFk$laGyu6j8WfbpDYgfn7ly7C5naqPdG3DmCxawNeUMbno=	\N	f	psakar2224			f	t	2021-05-23 09:54:15.627428+05:45	('',)		4
158	pbkdf2_sha256$260000$WPrVi7VRfbyNpm9yMFjEk5$Rj4dzNVdg4JvbmN5Mb2zeLl2M6dgG10gBuUqgk8zzR0=	\N	f	sakar2224			f	t	2021-05-23 09:54:15.803466+05:45	Sakar Upreti		3
159	pbkdf2_sha256$260000$DSWJfdwsQ65iqGrNwOAV0H$JMNevuYCEuIFdko3rDIgabU4CztUoepdppoKkh3UqDE=	\N	f	psalina2262			f	t	2021-05-23 09:54:16.018351+05:45	('',)		4
160	pbkdf2_sha256$260000$XCMFYqMKP0w6yTKKf8KEZB$ceN7zJ7EyjPqpTFcpwr4Ea/zPOJksMoREF/2NPd187k=	\N	f	salina2262			f	t	2021-05-23 09:54:16.208751+05:45	Salina Lama		3
161	pbkdf2_sha256$260000$5ZNlMcmVNGGkiQkdDbVIWV$aOcx2HmkZspeNMgi6tATPrSDtwr2sQB/mjCZv2q9+Lg=	\N	f	psamyak2225			f	t	2021-05-23 09:54:16.399545+05:45	('',)		4
162	pbkdf2_sha256$260000$9Zbkad0MwDkXoLNMmDsvHh$Mgqs3o+1tGGdMdLQD2FJkLeyc2rLjQj7ag8Ro7zaAVQ=	\N	f	samyak2225			f	t	2021-05-23 09:54:16.570343+05:45	Samyak Dhar Tuladhar		3
163	pbkdf2_sha256$260000$v93t5WMSzYzQ6fAB3loksL$+Ti8Oa+ogw8JLPw7UFdkvHmaBy7kthhEceDV4S6T3do=	\N	f	psamyam2226			f	t	2021-05-23 09:54:16.754313+05:45	('',)		4
164	pbkdf2_sha256$260000$0DmSBmvLOIRXgItNEmyrQz$lZ6C+wvswcXbVbF5bS7M2/q/dfWNOINjWUDlXNkOZ4g=	\N	f	samyam2226			f	t	2021-05-23 09:54:16.929358+05:45	Samyam Adhikari		3
165	pbkdf2_sha256$260000$jkGTLcs1jkkFTwhToHTen5$9qvtq9vNNY3WH362m4+nyLfeFA/IuBVXRhVTyquIpow=	\N	f	psangam2227			f	t	2021-05-23 09:54:17.115245+05:45	('',)		4
166	pbkdf2_sha256$260000$UAwbrrgiI5PGh9t2fbsJja$Z1H3QkeFjVnwsvvjEZviPuBnRVkrLiiW2vG0Ap9yWPQ=	\N	f	sangam2227			f	t	2021-05-23 09:54:17.304606+05:45	Sangam Shrestha		3
167	pbkdf2_sha256$260000$WQyUSzzCAheaf1LALVGK15$7KyZrsHRO3ooZfJaGJLPR8SSbUqJxCMCAdDdEYILdis=	\N	f	psarthak2228			f	t	2021-05-23 09:54:17.49272+05:45	('',)		4
168	pbkdf2_sha256$260000$tS83MMJVg0zVeseeOSBJFT$XcRwUAXt5HrBYj96bTADlulf5UrZW0mTdwGPaRILlIo=	\N	f	sarthak2228			f	t	2021-05-23 09:54:17.680239+05:45	Sarthak Shrestha		3
169	pbkdf2_sha256$260000$tuJ8O7p7Tk44wqmcQx4PT9$wg17MVlkswER+Z7oCxDxExw0exufmR7C7C0su5JIsC8=	\N	f	psayal2230			f	t	2021-05-23 09:54:17.872606+05:45	('',)		4
170	pbkdf2_sha256$260000$qwmXLJxqJcrvnhxH8Oms4v$B+YYpaV70u8Z7+xPA3Aj7Fdcy0zVq6FOaJLOp4SpgV8=	\N	f	sayal2230			f	t	2021-05-23 09:54:18.046026+05:45	Sayal Rai		3
171	pbkdf2_sha256$260000$jixobT0MgYD1kiADxjlkzl$iz1s9VXgp0iY4km/USLqgQtGHJ8socvFghNoQmGSJec=	\N	f	psejal2231			f	t	2021-05-23 09:54:18.246857+05:45	('',)		4
172	pbkdf2_sha256$260000$foJ7wAMWtPHccdhgrXgJx8$XTCJSw8gG5Rrs0guCpr44SPX/QuV8mRFodwVjg8mP44=	\N	f	sejal2231			f	t	2021-05-23 09:54:18.425463+05:45	Sejal Neupane		3
173	pbkdf2_sha256$260000$mghiIrNEj21JlUIrBw6A2h$hzsYqkHjdY55rbavYMOEQdpiRFuOZqt+QulOK1fbohg=	\N	f	pshalu2232			f	t	2021-05-23 09:54:18.609499+05:45	('',)		4
174	pbkdf2_sha256$260000$0txzA9xVEZf2MqnpW3AmwN$D0bJ0FYvHAWa2mkVaQ2v+CyFZWVc7eifDKJPyPBp/zk=	\N	f	shalu2232			f	t	2021-05-23 09:54:18.783163+05:45	Shalu Maharjhan		3
175	pbkdf2_sha256$260000$Elwt2zXIR1EFSa4QSyKdKO$erQ8C3733hHMXFzcaS5Sn+0e6mTJEHtFZMPlnDT6vOc=	\N	f	psharmendra2270			f	t	2021-05-23 09:54:18.965833+05:45	('',)		4
176	pbkdf2_sha256$260000$KgnLaoDMlu58Eiu7ETRvd8$V2wD62NT55r03cWw2x/xm1/I1ZwUeDnX43H8JpYOnxI=	\N	f	sharmendra2270			f	t	2021-05-23 09:54:19.139618+05:45	Sharmendra Yadav		3
177	pbkdf2_sha256$260000$f3wb96E6OZjop6Hcc2VeeD$fedpFPXlWlTwwLXKJ07Vvjb50e5p5kQHndNozZ6iGjk=	\N	f	pshashank2263			f	t	2021-05-23 09:54:19.334807+05:45	('',)		4
178	pbkdf2_sha256$260000$RExBNZVRtBnTDqP9GqGIr5$XA6pv3nOw/i7WCJT9+oKrkU+dZ0a+hakMXHgvNy2oEE=	\N	f	shashank2263			f	t	2021-05-23 09:54:19.507496+05:45	Shashank Rai		3
179	pbkdf2_sha256$260000$e6t85zpSRyEDhqih9NHidO$xgB60AG+wMv6jXrvcnkTqmbi0iu8tFQcqYcOAWF07ko=	\N	f	pshashwat2233			f	t	2021-05-23 09:54:19.689377+05:45	('',)		4
180	pbkdf2_sha256$260000$UNcgcsts21BNAd80zB50UC$RSIp/vj8sV7R8SEHtD5JFlKsp/DjI+FG395snkuzWhw=	\N	f	shashwat2233			f	t	2021-05-23 09:54:19.862251+05:45	Shashwat Shakya		3
181	pbkdf2_sha256$260000$0zBUh1nzem2oejqEYS4eGx$jFPvrjjMQSSABIJtl/KAVSHzU3GBzl9bfLB5oEXDMOU=	\N	f	pshirish2234			f	t	2021-05-23 09:54:20.045959+05:45	('',)		4
182	pbkdf2_sha256$260000$jMHd2KvOAY9oflbqJSMu3R$q8mUv/qoNsAf0V5DgCmqp4upSBYouOBc1puuN4NLIXU=	\N	f	shirish2234			f	t	2021-05-23 09:54:20.218617+05:45	Shirish Shrestha		3
183	pbkdf2_sha256$260000$TV4CrZ3OMZs4jVfY3vAaI6$wOHiOKqY4/of33FiYExzacsWJCkQi3a/hIZW2wgHh2Y=	\N	f	pshourav2235			f	t	2021-05-23 09:54:20.412424+05:45	('',)		4
184	pbkdf2_sha256$260000$0fhtT8H3WwO3NTNOspulkZ$dFi+pjSEyeycoUGthU6DDV+QKRcTkYiLJkRabfNEnWQ=	\N	f	shourav2235			f	t	2021-05-23 09:54:20.594461+05:45	Shourav Gurung		3
185	pbkdf2_sha256$260000$843m2TGgP8yt310oSHhuwL$3V5/sD+HL1Eczi2W7xfG38AFJRDOsEJM5KRt6CF7NJw=	\N	f	pshrivatsa2236			f	t	2021-05-23 09:54:20.777662+05:45	('',)		4
186	pbkdf2_sha256$260000$jV4jenQchnfW96x1UkcWBR$/bgI01jWQJ2CkYejL7kX9MKYByQd9qhQKL2aRIAIt2s=	\N	f	shrivatsa2236			f	t	2021-05-23 09:54:20.950319+05:45	Shrivatsa Narayan Manadhar		3
187	pbkdf2_sha256$260000$6OpdC75Izxe4EMTNfPCsbO$pSutUGnua6EBSC522cu12dgeL0uOxFmPhAOlVBkOv4w=	\N	f	psujal2264			f	t	2021-05-23 09:54:21.138369+05:45	('',)		4
188	pbkdf2_sha256$260000$TdTGImVJqhmKS8pcVqOeUJ$oErDK8IkN+ljTQmh7O3Pr9lXoPaDElaNIadd/TnqM/0=	\N	f	sujal2264			f	t	2021-05-23 09:54:21.346805+05:45	Sujal Rai		3
189	pbkdf2_sha256$260000$ExSc1ZlyOYoUJfavognfby$qwpJHW1Sy1wqz6Wf8zRZ53Sg1we3ZBL8ccJzrGzXxc8=	\N	f	psuren2265			f	t	2021-05-23 09:54:21.559284+05:45	('',)		4
190	pbkdf2_sha256$260000$VDI5JOaVmKtwEGvwXZtRd1$jRKFf1+w1vhmDbYs8w7FsAmk/nL+jsm2n73SybvtOIY=	\N	f	suren2265			f	t	2021-05-23 09:54:21.733082+05:45	Suren Karki		3
191	pbkdf2_sha256$260000$zS3Hdi7D3gvD0kiOSpe1Al$amr43YQZVcveOM7pPDS/niz22gkP8rQnmzrkq0KWjgc=	\N	f	ptenjin2237			f	t	2021-05-23 09:54:21.915124+05:45	('',)		4
192	pbkdf2_sha256$260000$kUOgOeN3nojpuV9tQwZPF9$lXYCzt2AIJAxyw0K0YNMDdI5jxzRpWhoJAc96WvnpjQ=	\N	f	tenjin2237			f	t	2021-05-23 09:54:22.08733+05:45	Tenjin Lhadon Lama		3
193	pbkdf2_sha256$260000$h7T6iOCFLVDWjQ7TD5I6iA$g36uyo9W6kudBnxoBFps4dX9poNmLYzjmpQgP7G66A0=	\N	f	pyubesh2238			f	t	2021-05-23 09:54:22.283082+05:45	('',)		4
194	pbkdf2_sha256$260000$urA433wQib9J4ce8XoD7S5$8IvuZKe0IwCjQ1tyHuLV9QUwsbqH4JS+j1yEEp+y378=	\N	f	yubesh2238			f	t	2021-05-23 09:54:22.458814+05:45	Yubesh Oli		3
195	pbkdf2_sha256$260000$R4yP3pNtLpNpKq0G5BaeY5$0PYy/MdR8/qt+P6JF+IAkvHYtVNC7+gULvndcoT1N7M=	\N	f	pyubraj2267			f	t	2021-05-23 09:54:22.646015+05:45	('',)		4
196	pbkdf2_sha256$260000$nCEc8I0RFEGAlXMxDsXCzC$FtISBiqdtJULRFK5LzfRB6XCNJJOUXNXbfa5ymezECQ=	\N	f	yubraj2267			f	t	2021-05-23 09:54:22.818642+05:45	Yubraj Pandey		3
198	pbkdf2_sha256$260000$JtfW1bkenWDu4YjSXzqmkz$sNA2PLzVNxPNFZU/4qrQw4yu+3RmKpYwU9PgSlNTmK8=	\N	f	pakanshya49			f	t	2021-05-23 09:54:42.709338+05:45	('Prabin Pokharel',)		4
199	pbkdf2_sha256$260000$fH9KRTNIgZRBQeCVhSv3TZ$Qw4UfYnlMrIV1xvqXpbTMh8xG/Eg9/umYUO7M3Vhv1o=	\N	f	akanshya49			f	t	2021-05-23 09:54:42.891472+05:45	Akanshya Pokharel		3
200	pbkdf2_sha256$260000$x6xygQPbVp8cSOPXmLkes0$tJsgGjg29WdABl/RyYYYL7cIkbOuZ0L4tEGJCJL42Og=	\N	f	pamit33			f	t	2021-05-23 09:54:43.0771+05:45	('Manoj Sah',)		4
201	pbkdf2_sha256$260000$6gFtV24dG321KVhUhKioDA$phdWsB/siwOUVJSkA2QgH56ipXeVRnOTrG52HnTfG0I=	\N	f	amit33			f	t	2021-05-23 09:54:43.24968+05:45	Amit Sah		3
202	pbkdf2_sha256$260000$N2PunmdDjVbaz3gblIuZqx$3RxF04vemKNya7PKRffmS23pBGRHigU+tgGsrcVam/8=	\N	f	pamshula35			f	t	2021-05-23 09:54:43.43689+05:45	('',)		4
203	pbkdf2_sha256$260000$vjUgzrhgF2Hm55qzoCthHr$FxBz9LmUM6ShBwgXpr6n1NPb6NUCzXvO7ZX4w9EnZOE=	\N	f	amshula35			f	t	2021-05-23 09:54:43.610897+05:45	Amshula Sthapit		3
204	pbkdf2_sha256$260000$dQ6FGQwf7uMr4W4lz1LZUq$rfWI79swqCsGIJh8w3aFCuB0eoFwSsUa1W44Vj+tNaI=	\N	f	paryan14			f	t	2021-05-23 09:54:43.798331+05:45	('Niraj Shrestha',)		4
205	pbkdf2_sha256$260000$8snaTzzWzSmeiR8myZn7c7$I2rsktc/LDfjAJiVy1e2+3MfOLmTsoO7mVbkGg63I4M=	\N	f	aryan14			f	t	2021-05-23 09:54:43.972346+05:45	Aryan Shrestha		3
206	pbkdf2_sha256$260000$j1CxHTdDZY0CFtQ5CPJy2J$Ky6iKSoQIyaBBUZmr/6C6/lYsgrICT71kh7QX40Gsgg=	\N	f	pavanish63			f	t	2021-05-23 09:54:44.159645+05:45	('Suman Kumar Bhattarai',)		4
207	pbkdf2_sha256$260000$YxUR1sCx5PStD3cdRAehH5$chS8V/IOKGI7CQE54UXDe9wAHUaJqWbGuNhpZSg+UmY=	\N	f	avanish63			f	t	2021-05-23 09:54:44.361289+05:45	Avanish Bhattarai		3
208	pbkdf2_sha256$260000$R4NAl9EledA0sa3QdicN2C$nuLEUM6ONxX38XJGBvaLRlqW7rZXztz6tmEIGgMJ6VQ=	\N	f	payush40			f	t	2021-05-23 09:54:44.591304+05:45	('Anil Limbu',)		4
209	pbkdf2_sha256$260000$G2RRKdR1JR4TzcsUdI7xmX$EhH2rKQCBroXWelO7g3y1ZfN0psjioRBv6J3aFGDJIs=	\N	f	ayush40			f	t	2021-05-23 09:54:44.786256+05:45	Ayush Limbu		3
210	pbkdf2_sha256$260000$tXPafUixVcwjge2iQEdRwy$oaQ6ToDWYkn2k542dSE9fK3qyhAOPeamxThooFThBAw=	\N	f	payush30			f	t	2021-05-23 09:54:44.974227+05:45	('Piyush Raj Shrestha',)		4
211	pbkdf2_sha256$260000$L7QQjp3SmuenMMzPbIEVjV$WfnPY9H6s+Ha9nWQB5H76KAoVByxBhNqHYS48eP0RmQ=	\N	f	ayush30			f	t	2021-05-23 09:54:45.156696+05:45	Ayush Raj Shrestha		3
212	pbkdf2_sha256$260000$awPCXAOMeB0PVnaJTB658X$ooDYRvdKsPYflq+MxmcMzbhLr9O+y6QVlO11bzvTtmU=	\N	f	payusha46			f	t	2021-05-23 09:54:45.359491+05:45	('Sameer Nakarmi',)		4
213	pbkdf2_sha256$260000$9DjoLMwJuSKA0WiFrs2hOu$9f33Qse/t4VIRBcaM6hTGTjHbw5Kxo7IGyMdV8tSC0M=	\N	f	ayusha46			f	t	2021-05-23 09:54:45.534021+05:45	Ayusha Nakarmi		3
214	pbkdf2_sha256$260000$tWkEseEvnGdLf6yeYfW7xQ$mv3l7fAr4WnIwHr7AGnUrnUw/YwPkQzSaX6FMpq8Vto=	\N	f	pbinayak52			f	t	2021-05-23 09:54:45.724714+05:45	('Krishna Chandra Sapkota',)		4
215	pbkdf2_sha256$260000$dtODYsLYcsO9XIQQ2WpwJk$a8cHekD0sZZqImUZqGcjwaBoQLOkhq1reZr1HV84J+k=	\N	f	binayak52			f	t	2021-05-23 09:54:45.897001+05:45	Binayak Sapkota		3
216	pbkdf2_sha256$260000$pt1Zs9kDmpK3BLXEMm6HB2$4SHVByzhovqeF2iQRGFer9/5rb//MvFZSbPSfjSGfQY=	\N	f	pdevika43			f	t	2021-05-23 09:54:46.082569+05:45	('Netra Prasad Dhital',)		4
217	pbkdf2_sha256$260000$NheMLJv9yMeeE6lOV9F7gY$eSIwK+a9iD0OIdMqzWZXnj2t74FzEmxY82lBCSUI9ZE=	\N	f	devika43			f	t	2021-05-23 09:54:46.259397+05:45	Devika Dhital		3
218	pbkdf2_sha256$260000$Rz3eqflkdY6MvdYTlo8fxU$dnowRWApguUdKCOjDBEGSO1H6Br/laNEuEar7ky2ipw=	\N	f	phardik61			f	t	2021-05-23 09:54:46.455172+05:45	('Purushottam Agrawal',)		4
219	pbkdf2_sha256$260000$bDocofg6qQqtYfLewMAb6R$eTshL+oKL5SzHY84Um/OFAIZYZHptVxfqdLSagp7mDU=	\N	f	hardik61			f	t	2021-05-23 09:54:46.638099+05:45	Hardik Agrawal		3
220	pbkdf2_sha256$260000$p5KT52gqG6RsmfyBz0bPtU$idSM2bQC1FSByBH6apa1jyphdSDeVGY+QM9ZDF3eXOg=	\N	f	phimanshi60			f	t	2021-05-23 09:54:46.82125+05:45	('Rajesh Adhikari',)		4
221	pbkdf2_sha256$260000$RXjNfepOeg83DGkVzwlm5Q$+OsyXQpDeKLqWEEpuCfmFi56uW2sIgeoDSvgqWWdbEE=	\N	f	himanshi60			f	t	2021-05-23 09:54:46.99646+05:45	Himanshi Adhikari		3
222	pbkdf2_sha256$260000$CqPJr1pfFrvMpomNjAGox8$m6Fqej6k7vYo1WxH+nBZZIqoGS1JNG9u83ADoOoqQFQ=	\N	f	pjanhavi31			f	t	2021-05-23 09:54:47.178644+05:45	('Sunil Kumar Prasad',)		4
223	pbkdf2_sha256$260000$w1wnMU9E7fRCWMkN3Yeaib$3190UmDRgsWkGlzSBlfoZoI7dmUe0Smwfm92xBvPWZY=	\N	f	janhavi31			f	t	2021-05-23 09:54:47.356462+05:45	Janhavi Prasad		3
224	pbkdf2_sha256$260000$YdOvnX1y5SAtQ5JSG9CN91$WHNDmKBVmDiamBgp0h9hQomrLp/WAEPfXuGeAHXPlJ0=	\N	f	pkiran59			f	t	2021-05-23 09:54:47.543238+05:45	('Narayan Prasad Neupane',)		4
225	pbkdf2_sha256$260000$fsmWmBNfhxFtijQcmKT9Vk$9lK1I8VE7sPTjcLXjQwNzF39uAP0y/h2O7OmtzC95xs=	\N	f	kiran59			f	t	2021-05-23 09:54:47.71493+05:45	Kiran Neupane		3
226	pbkdf2_sha256$260000$Pp2WwIXL5gKFqcV5LbTe4G$hDogPdjhSmUz8OSAqff/kwgqH351tOeoxVf8mnrmYdU=	\N	f	pmonique58			f	t	2021-05-23 09:54:47.899691+05:45	('Jaya Ram KC',)		4
227	pbkdf2_sha256$260000$1ygEYKywC5fLAt7uNQ53wd$JRvPe5NDq3VmP2Hwo1kxrrdXjtM303H09MKGt6jkmtc=	\N	f	monique58			f	t	2021-05-23 09:54:48.074399+05:45	Monique KC		3
228	pbkdf2_sha256$260000$QYCykXzBs5s2P1fhhczX9H$um1wyuOlivz5BGWDR2N98jHn780AcmLbTdF0tGiABFM=	\N	f	pnayan57			f	t	2021-05-23 09:54:48.266093+05:45	('Ram Kaji Shrestha',)		4
229	pbkdf2_sha256$260000$hgp1ent7lNotELh2N8eDzt$0cHfSxhUmVUSIi/QlxeW22YtJCHprvGc57MSeHrnIiI=	\N	f	nayan57			f	t	2021-05-23 09:54:48.452338+05:45	Nayan Shrestha		3
230	pbkdf2_sha256$260000$hP0uMqwPYMhNklkL8DYIXX$ExqTLebOy9/FZPp0qWcNyKOHlauPKTd2uyPrrCBC14M=	\N	f	pnishan32			f	t	2021-05-23 09:54:48.635163+05:45	('Akil Bdr Budha',)		4
231	pbkdf2_sha256$260000$DaC38aJj4acnDeKeVZNWZr$2bNDPL/GX1YNRJKNoSMfaUxwBkqVILxH3T7ZWFcw8JY=	\N	f	nishan32			f	t	2021-05-23 09:54:48.812137+05:45	Nishan Budha		3
232	pbkdf2_sha256$260000$hMJRJCl4XCaL2kmFEAf1sX$yoaz7GvaJg53MdPKGkV1ceuUFOTFK3HRHRv05eSil2A=	\N	f	pnyima56			f	t	2021-05-23 09:54:48.997233+05:45	('Ngima Dawa Sherpa',)		4
233	pbkdf2_sha256$260000$GsmDerQn4VXoL4mVLvNrH1$0KHQ87NOSy/UHqAa+lbgsOaQyNgQWjEVVt9noc3l/J0=	\N	f	nyima56			f	t	2021-05-23 09:54:49.172358+05:45	Nyima Choezom Sherpa		3
234	pbkdf2_sha256$260000$xwC6wO1wwVQvx2qoG1DWQd$VGQ51iTVdjPrzndYfhNB/3KcV5Icdgh+y0AacvnmkeE=	\N	f	poscar44			f	t	2021-05-23 09:54:49.373655+05:45	('Chiranjeebi Maharjan',)		4
235	pbkdf2_sha256$260000$UzGPcMpLQb0Xq9QNl1qB3Q$kxFa6blM7vyDo1I6VQjgxni0QIaUf/q8KCFhwbX5Evw=	\N	f	oscar44			f	t	2021-05-23 09:54:49.547478+05:45	Oscar Maharjan		3
236	pbkdf2_sha256$260000$kEDHCmPxKdP7Vnw4b7ttg0$i+wMKC+eYpeQXQi+ZRST/vRvKswrdTn0KQft2q8rDgI=	\N	f	pprajesh39			f	t	2021-05-23 09:54:49.73791+05:45	('Deepak Kharel',)		4
237	pbkdf2_sha256$260000$kL0rNPYBvlQ5OR992adzXe$Iole7fxiGj32ldAp4d82FWvyCokJiy0opYhleySGm3Y=	\N	f	prajesh39			f	t	2021-05-23 09:54:49.910574+05:45	Prajesh Kharel		3
238	pbkdf2_sha256$260000$moE0JkC6VnmlGr4P2PWzaX$CAXg/baaO0Kyl8STILr2eIc3FMzdQrhuYp59hjj38A8=	\N	f	ppramisha64			f	t	2021-05-23 09:54:50.093915+05:45	('Pratap Tandon',)		4
239	pbkdf2_sha256$260000$lIa6Vx8HW0QdqBuAfuCrXK$dAxs/41hIfbWglB8N6Nxj8OtYsOwNKZL03UOnyIdC/I=	\N	f	pramisha64			f	t	2021-05-23 09:54:50.26976+05:45	Pramisha Tandan Chhetri		3
240	pbkdf2_sha256$260000$2moTsFklQv1rQEFOKBUl0k$xIEdSw5fP4GVP/b5U22pDOpPWSt5IKzn0xN9I0sygws=	\N	f	preeya36			f	t	2021-05-23 09:54:50.469445+05:45	('Surendra Gautam',)		4
241	pbkdf2_sha256$260000$GlDPIeJWmEEgsfy7jJ2AZn$yjGgokZ4K0oanpDP9eR9Ao/TJ4FAx551rBUGD9bF7+4=	\N	f	reeya36			f	t	2021-05-23 09:54:50.641966+05:45	Reeya Gautam		3
242	pbkdf2_sha256$260000$Kskk3AyPBG1bpkusUMCK8N$TNxzTOIIWJ7n/TOkgChWY9Iz8a3Us8rLoIyFCSdCf50=	\N	f	pritesh55			f	t	2021-05-23 09:54:50.82994+05:45	('Raju Shrestha',)		4
243	pbkdf2_sha256$260000$oLy0zGeNjoy6pSRV57jIzu$xLlQktsOe5TmQDFnMt6PfE0QanL/6d+e8jwNP8wlUjk=	\N	f	ritesh55			f	t	2021-05-23 09:54:51.002518+05:45	Ritesh Shrestha		3
244	pbkdf2_sha256$260000$RtNniIirsdBxzN2lEEx7lU$ZA+UEyx6+b5LPgfymS0hVNUO0f4IfiCot4z2U/o1WVM=	\N	f	proshiya37			f	t	2021-05-23 09:54:51.185134+05:45	('Roshan Kumar Rana',)		4
245	pbkdf2_sha256$260000$c8uCuiipCqb1kF2seH6MB3$78k2vb82fCS2BN4PMBeOykAIcFrmSNuvQKRWAsemOLQ=	\N	f	roshiya37			f	t	2021-05-23 09:54:51.361247+05:45	Roshiya Rana		3
246	pbkdf2_sha256$260000$gHdATkuFDTxxxbxQ94iUWg$43DA01+9wUBI8/n3fulMu9r7HeqP6JNPBT7dT7YXsJA=	\N	f	psabina50			f	t	2021-05-23 09:54:51.545844+05:45	('Bal Bahadur Gautam',)		4
247	pbkdf2_sha256$260000$Vz61BS0PRYLNDoqLpMhFMN$A/ZZvECkWAw0BFq1e4EbLBnDEWUwCifvJdO74MpofKQ=	\N	f	sabina50			f	t	2021-05-23 09:54:51.721455+05:45	Sabina Gautam		3
248	pbkdf2_sha256$260000$XKgvLtzihMeTEOWZISM2KP$HgRNFG/lCg510rjvAyryuyNmpIGilzjFnDFaVU7b5IA=	\N	f	psabina34			f	t	2021-05-23 09:54:51.904766+05:45	('Netra Bdr Magar',)		4
249	pbkdf2_sha256$260000$rAQmOIzzkkFgGcEO66K9jw$fHmi9TRfQYICpyyA4vjLKxeeEYdbDLUHwyi2WiDLC5Q=	\N	f	sabina34			f	t	2021-05-23 09:54:52.07754+05:45	Sabina Magar		3
250	pbkdf2_sha256$260000$fv6J8EOocX3rFNFm4jRaeT$Ksx/2cDIwfL1XR6lmFiPQcUlsoXM2Vn4dEq8C1cqs9c=	\N	f	psabina48			f	t	2021-05-23 09:54:52.267538+05:45	('Parshuram Rai',)		4
251	pbkdf2_sha256$260000$xiWahPwUzHoP6qpL5K2wlc$LeaT2Tu/BK/seC0cGtJS0+9TZi/RXu/loLpYBaUbS+I=	\N	f	sabina48			f	t	2021-05-23 09:54:52.451831+05:45	Sabina Rai		3
252	pbkdf2_sha256$260000$Xnt1veSF3mZzGuGgVbghR9$lZRYHbHW2gqYXAs5YtBkgxSRSQpBvw4hSbrf5ArQAZ4=	\N	f	psafal1			f	t	2021-05-23 09:54:52.634381+05:45	('Balaram Bhattarai',)		4
253	pbkdf2_sha256$260000$Ywmbq6haTg7U7xz3RedP9r$VUBlmvMm9yQvJaYtfvrcxyMIaHXnYQ+rAFMRzQQ6m2s=	\N	f	safal1			f	t	2021-05-23 09:54:52.873975+05:45	Safal Bhattarai		3
254	pbkdf2_sha256$260000$YVq6o2dGiymYcL1H1EhILI$69aqI5hsxZRipoBFlFJ/nC6yIu40AsJkAuVLb8BuZB8=	\N	f	psamriddhi47			f	t	2021-05-23 09:54:53.063145+05:45	('Binod Shrestha',)		4
255	pbkdf2_sha256$260000$9Iif0hQjxixHiLZyS9kHGl$SdGR2wFC00DHFzDxWy05t3Bx21bvfNwvWfBIkmkcd3A=	\N	f	samriddhi47			f	t	2021-05-23 09:54:53.239545+05:45	Samriddhi Shrestha		3
256	pbkdf2_sha256$260000$tZvOKw0ChypGtxLHPZ9Cit$FoPrRtebxAKz1ioAtI3yQC+HNWCHrAE2KmcTOi1PZjM=	\N	f	psangay38			f	t	2021-05-23 09:54:53.432244+05:45	('Tashi Sherpa',)		4
257	pbkdf2_sha256$260000$E1G4ROt1lqJCPJoTzVn3a0$jOlSaQgIrUJbvxmbnsI+nV8DwJv4i7A7tiJ9eC9BKhM=	\N	f	sangay38			f	t	2021-05-23 09:54:53.609533+05:45	Sangay Khandu Sherpa		3
258	pbkdf2_sha256$260000$lH6efeQhYaCXDWej8LD9rO$WIN3jdPqDmOYmwGTYRri7gQzlgqeWiujx3LgVHsOMQ4=	\N	f	psaswat42			f	t	2021-05-23 09:54:53.815339+05:45	('Saroj Gautam',)		4
259	pbkdf2_sha256$260000$VR2kMxmaTFSX4OLcGdoU70$bc1e1Jtb394fijV6ZdfVyGlbPcy6IE3DStMrCZwBrq8=	\N	f	saswat42			f	t	2021-05-23 09:54:53.998969+05:45	Saswat Gautam		3
260	pbkdf2_sha256$260000$DsXGZGVZPaTbpy3qbK1yyL$vT7dhEUVlhpfHbPDLyfT2PkQ2hRSv/hzp8Jm0Qgj0k8=	\N	f	pshreya53			f	t	2021-05-23 09:54:54.191097+05:45	('Jetcndra Budhathoki',)		4
261	pbkdf2_sha256$260000$YSn5cGUnqn8xt7EyugUruY$tNYCIDdZ9ittVtleOYFztPvMMFF/3+skGlzIQviNIn0=	\N	f	shreya53			f	t	2021-05-23 09:54:54.373389+05:45	Shreya Budhathoki		3
262	pbkdf2_sha256$260000$FyotaCj5g4m5UXmy6bu4mY$xxj/t/+EUFdTybemMkiRXcmQ8iTwqPbFt2n27mmh/m4=	\N	f	psonim41			f	t	2021-05-23 09:54:54.559613+05:45	('Ganesh Sapkota',)		4
263	pbkdf2_sha256$260000$JDqX5DlcsdtB3WS7RFBrx7$i6Xfss6pRqb3WCdvTLjaEQI7WWfj4cTctC/ZpBNxHf0=	\N	f	sonim41			f	t	2021-05-23 09:54:54.73978+05:45	Sonim Sapkota		3
264	pbkdf2_sha256$260000$oeLhoq8cHVBlyZpijrpN5i$AWx/u2sJ/CpS5HXBwiu6+9HCOQH7fjh6v5g5djMzm1k=	\N	f	psugat66			f	t	2021-05-23 09:54:54.947115+05:45	('shreemat shretha',)		4
265	pbkdf2_sha256$260000$OkOKqF3DJoLesvVCl3eSHQ$uNx8HOaGV8LFZcxlAQ2fIzOSk31o6Lw2qTQzKYZYN64=	\N	f	sugat66			f	t	2021-05-23 09:54:55.120069+05:45	Sugat Shrestha		3
266	pbkdf2_sha256$260000$7O5jJh2tZN95RZHZZYmAAT$GLdGMvesHG4/fA79qKd+sw0oPlk41SUZkkV0zB2RyKU=	\N	f	psumit54			f	t	2021-05-23 09:54:55.316644+05:45	('Digambar Jha',)		4
267	pbkdf2_sha256$260000$PfEyfIhg2ilyDe1iua5Puq$FOFAwfFBWXAuD6QwttnjKRn2pUQlN+Spsl1VR0RQie0=	\N	f	sumit54			f	t	2021-05-23 09:54:55.489628+05:45	Sumit Kumar Jha		3
268	pbkdf2_sha256$260000$XZImDMf7s42p9VRnQkpM6c$H0tMfruC0UWsnbCet03HEowQ7Dmo2l0T3R82C+30wik=	\N	f	psuprina51			f	t	2021-05-23 09:54:55.673955+05:45	('Jattish Lal Rajbanshi',)		4
269	pbkdf2_sha256$260000$XmyazctbMMKHmeoddNOXTR$/YMy2gBRq99u/ZAnicLjeoq6RDdotZ+/BUK3ZHZMpJ0=	\N	f	suprina51			f	t	2021-05-23 09:54:55.855613+05:45	Suprina Rajbanshi		3
270	pbkdf2_sha256$260000$7Q4nXJhufuNo7ChIhBoMJm$ADOElAaHx6Jf9v6KqH6l9o9tHV9Q7nv05TXF5srV2wA=	\N	f	pabhi18			f	t	2021-05-23 09:55:05.083004+05:45	('Bharat Parsad Devkota',)		4
271	pbkdf2_sha256$260000$8JAg8DtQRun3AUu3V3ocPX$bBr2rv55KySSntdVs0EzBiDFkPu6IYLOyKcBcUltvFw=	\N	f	abhi18			f	t	2021-05-23 09:55:05.284813+05:45	Abhi love Devkota		3
272	pbkdf2_sha256$260000$NagwkY8a4Myy0aWtWI6YdK$7sikFX1ZBt/i7FRtcew2dYiWS2lDq4Ig3hyUMnWL0NI=	\N	f	pabinash11			f	t	2021-05-23 09:55:05.520114+05:45	('Bel Bahadur Thapa',)		4
273	pbkdf2_sha256$260000$93UUdKYPD7iP2RJDtVjuU7$gOfljgsrR14jRHVEboH8vb+v0LT0zTCvgEFoAPMBIns=	\N	f	abinash11			f	t	2021-05-23 09:55:05.697891+05:45	Abinash Thapa		3
274	pbkdf2_sha256$260000$vsNru82a0yJ39QEn9vWT6Z$JrtzKz2t23ZMVgC76B9poWtgkZkw+e+B8m/GpxYkb7k=	\N	f	pagrima45			f	t	2021-05-23 09:55:05.882792+05:45	('Raj Kumar Shrestha',)		4
275	pbkdf2_sha256$260000$qrPgRmnclMTgN3m0sPREpP$zGKmsd5smr/LQjVo/qicqOSnbUT78IJ5jWNy4XojU1U=	\N	f	agrima45			f	t	2021-05-23 09:55:06.057345+05:45	Agrima Shrestha		3
276	pbkdf2_sha256$260000$2bOJzqrt76XvBvG6No963b$vynl0VT/2S2TqQSjguvw/vM6nPdfS6DnFadaH/YMGiQ=	\N	f	palina29			f	t	2021-05-23 09:55:06.244187+05:45	('Om Bahadur Jargha',)		4
277	pbkdf2_sha256$260000$ua80BLaRnSht0SeqCzh2eJ$loVn+l7LAxKIDTa7hCnEsY30VkJ4mqriU6fL6ClnI34=	\N	f	alina29			f	t	2021-05-23 09:55:06.422309+05:45	Alina Jargha		3
278	pbkdf2_sha256$260000$QZWi8Sd4ORWZWBL6UAe5GI$GXWbUPnEwxCYWc3wdovA+xtQqIrI7vLvnOYWPqxkJ4E=	\N	f	paryan4			f	t	2021-05-23 09:55:06.616613+05:45	('Kumar Rajiva Singh',)		4
279	pbkdf2_sha256$260000$lkLCGIwPuMdoltD6ZZrYlA$Z2RRcRkC+Xg6U29W9aGrrDiPkO4R/MuielEt3EzVdEM=	\N	f	aryan4			f	t	2021-05-23 09:55:06.790045+05:45	Aryan Singh		3
280	pbkdf2_sha256$260000$KZtntrzhWBqcURRgNlJa1U$1k0CttScMcgMioP4ieaZWWps5Flmxu7XNQyARu5oaC4=	\N	f	payush23			f	t	2021-05-23 09:55:06.972736+05:45	('Manikaji Gurung',)		4
281	pbkdf2_sha256$260000$kodlbYBHINMGxm83uAVWYO$Y3KfugOE+USjwlRogu5EfOdF5EqWtfcca0N9uTaAAIA=	\N	f	ayush23			f	t	2021-05-23 09:55:07.14409+05:45	Ayush Gurung		3
282	pbkdf2_sha256$260000$Ppfluff6MvhXCCjcknDiwl$8Nttgj4kByzlvH8yh6IOhCXUINDqOVzZJS74OsZ/rgM=	\N	f	pbiraj9			f	t	2021-05-23 09:55:07.350117+05:45	('Bhavishwor Gaihre',)		4
283	pbkdf2_sha256$260000$Vxh4LBwdW5wbLlvNNnQT6O$84oiE60v0MtOtGLcg7dMRVWiok60z1uwXkkPyv8LpT0=	\N	f	biraj9			f	t	2021-05-23 09:55:07.531436+05:45	Biraj Gaihre		3
284	pbkdf2_sha256$260000$zyKTZaBs49c8FxzfNQiAAy$22HwQHvumRXjG/8nGViUqY1Wy955TbrEkCFHIqQZ+Ag=	\N	f	pbishad7			f	t	2021-05-23 09:55:07.721934+05:45	('Balkrishna Chaulagain',)		4
285	pbkdf2_sha256$260000$yYsowEs8VrjVd1SHOrJFkJ$6eo3xma0FyX/UVLYfQXslF429M0RAxWE0yFQ2Zuuqh4=	\N	f	bishad7			f	t	2021-05-23 09:55:07.897308+05:45	Bishad Chaulagain		3
286	pbkdf2_sha256$260000$MBbxiWVWHUeL3tbUSGrkVW$SWyQz2A8Oa+b/QGcZnF/MB67MGlx80z8k4WyMv0sWNc=	\N	f	pejen12			f	t	2021-05-23 09:55:08.086982+05:45	('Gagan Prajapati',)		4
287	pbkdf2_sha256$260000$SCJtSbZrcHucHTbUxDAzM3$lWp5Ihv5KLF0V2vg2taTkOPmyuTvUOjVfmFUtCuHoDc=	\N	f	ejen12			f	t	2021-05-23 09:55:08.261113+05:45	Ejen Prajapati		3
288	pbkdf2_sha256$260000$l9eeGQ8mQdpgI2iw3b7CJq$jWUS5s00NR1nqmXkA18Xb1fR7mDvGuQZdhEsiEs83fw=	\N	f	pganesh3			f	t	2021-05-23 09:55:08.464098+05:45	('Shankar Shah',)		4
289	pbkdf2_sha256$260000$p3JxqbHFSGrWCv3cBKhV1n$nrz0Didp+hBd2a/7AO4A3V5EK++VoLlStJIla6H1OsQ=	\N	f	ganesh3			f	t	2021-05-23 09:55:08.636086+05:45	Ganesh Kumar Shah		3
290	pbkdf2_sha256$260000$DaCYDIQdDmn716zsBKzYAK$gGaBSuHqU2lzepYcKLUAddmV611yfQsrnFzGNmuriB8=	\N	f	pkusum2			f	t	2021-05-23 09:55:08.826809+05:45	('Dolindra Prasad Sharma',)		4
291	pbkdf2_sha256$260000$Nt5hMhwp5Sc12tGpTgT1dI$T2RFuJ2iOVprfL/UNGeLqLoTZZs2byAj+ouyrQ8/8K0=	\N	f	kusum2			f	t	2021-05-23 09:55:08.999114+05:45	Kusum Acharya		3
292	pbkdf2_sha256$260000$Z2HPMG6OwZD3zyERT5SH1H$Q/tmmlLs97hd8tzBjkX7p7aehb3GlzJ9LuEki4Nb5Ak=	\N	f	pmanoj6			f	t	2021-05-23 09:55:09.184954+05:45	('Tek Bahadur Budha',)		4
293	pbkdf2_sha256$260000$LalC27PnmscURrMDtCaqFY$eKkfSBaXZNvK2gYHbT4xs9Wjn9isUWvi4NLeL3sviIM=	\N	f	manoj6			f	t	2021-05-23 09:55:09.387498+05:45	Manoj Budha		3
294	pbkdf2_sha256$260000$ZJP0KBCyBN1YCbcNTF4fqp$/P43cPA8Wimq0m1dZe1D4R4MD3zd/GdQ630LYL68GAs=	\N	f	pnewjewel8			f	t	2021-05-23 09:55:09.569197+05:45	('Nabindra Man Shrestha',)		4
295	pbkdf2_sha256$260000$U8UxbeuVeN6GnmydqY72Oe$uktEFSVoUZOrEkGau2ZWh4gxF43sYSHvnrKZEVrY4oE=	\N	f	newjewel8			f	t	2021-05-23 09:55:09.740342+05:45	Newjewel Shrestha		3
296	pbkdf2_sha256$260000$Mr4W7jWj2bH4LWLse8JejH$AzI/x9bDSkM83PHxIMzNXSG4bDytjRaA3BfJPo9uolo=	\N	f	pnirjal20			f	t	2021-05-23 09:55:09.922559+05:45	('Bhupendra Neupane',)		4
297	pbkdf2_sha256$260000$4G3ouvEcHZtfEkehexXknx$cnZmhn+t632esSK0zYAQjzlpgbRhrJqNHm6d1sBslCc=	\N	f	nirjal20			f	t	2021-05-23 09:55:10.096452+05:45	Nirjal Neupane		3
298	pbkdf2_sha256$260000$dY3FWiLNeVrs4dlSnBMNcX$CNcVOzWmmTJ3ylJ6h271BxXKmC8vh1W0DO3gGRLQVu8=	\N	f	pnitesh17			f	t	2021-05-23 09:55:10.279135+05:45	('Narayan Subedi',)		4
299	pbkdf2_sha256$260000$JQeFwhSi1ZmbNXpXaL2B20$EWkekznc19mShNxut4xg7KEVGQGUp7yLL0YoK3cWI90=	\N	f	nitesh17			f	t	2021-05-23 09:55:10.458714+05:45	Nitesh Subedi		3
300	pbkdf2_sha256$260000$rAx10D37TGNB3Llt4bz4jm$VlIAVJNTV1j4dUnEAxtS57vhKpimJsw7h2xooDUYt5M=	\N	f	ppradhumna15			f	t	2021-05-23 09:55:10.640938+05:45	('Krishna Prasad Bhatt',)		4
301	pbkdf2_sha256$260000$wiz2OfK6hj4EUpiHEPUN8D$g6VRGLelQY1VVvwCGQB/7zfemYdl59c3PjAaQgzv51A=	\N	f	pradhumna15			f	t	2021-05-23 09:55:10.812125+05:45	Pradhumna Bhatt		3
302	pbkdf2_sha256$260000$iCWclynQGvSeQ8g76eYhMC$QQv2ja3m72/DsP9vM+6cHbxdwU5VjCNWcC692fh2qq0=	\N	f	ppratham26			f	t	2021-05-23 09:55:10.995851+05:45	('Purna Lama',)		4
303	pbkdf2_sha256$260000$Kyd1KHXrHws2hhFWH716jE$Ffco5GyQIiycAss4nIRmrXPL6MZLbYGx2eSGKTtvL8I=	\N	f	pratham26			f	t	2021-05-23 09:55:11.167298+05:45	Pratham Lama		3
304	pbkdf2_sha256$260000$Ut4BY8UsK08mtARpilk5PH$Lzx91SfmafM4cEwmdzNuxRPEAE1Nq6L0E6MxgrPTUaI=	\N	f	ppriya16			f	t	2021-05-23 09:55:11.368932+05:45	('Ishwor Sunam',)		4
305	pbkdf2_sha256$260000$sViJ2gEhO3zATbpQRTklOc$174WTuxwdfut5RDhxI3YlaCebXtPpnqQT+Zlpcjm8ZI=	\N	f	priya16			f	t	2021-05-23 09:55:11.553676+05:45	Priya Ishwor Sunam		3
306	pbkdf2_sha256$260000$VPFCiQj07ZRvyAvrqHneco$ohIzbKqGLmdmRlR/lcJY4q0KfuRoAXicjYVekbrzZm0=	\N	f	prehan28			f	t	2021-05-23 09:55:11.736069+05:45	('Kumar Tamang Ghising',)		4
307	pbkdf2_sha256$260000$eKmsx3wMb0uznOGBVyfa8m$bHBpqLpfrvhjLTRUnAxItFqxc52U/tdz1WoP1JXhU5s=	\N	f	rehan28			f	t	2021-05-23 09:55:11.907636+05:45	Rehan Tamang Ghising		3
308	pbkdf2_sha256$260000$DPtAyrC9WZb1GzhgTaf0Xb$eK6DdACS+ZqTuC6f8NANCU3MzbncEYla1qLI1x/D330=	\N	f	projina19			f	t	2021-05-23 09:55:12.089064+05:45	('Rajendra Jung Thapa',)		4
309	pbkdf2_sha256$260000$96JiZZ9gBFOzpTe5ksuOBR$6Km3vH+98Ix1L3fcO1bpjbLcLFFurdp0Q0cAsvbEC04=	\N	f	rojina19			f	t	2021-05-23 09:55:12.269449+05:45	Rojina Thapa		3
310	pbkdf2_sha256$260000$ZEmBIIka9cTQnVqNWnYAJX$BdkhGFbeTF4vn5S2Mnbxfs74gHr3zdKwrGnma2X9YoM=	\N	f	psamriddhi25			f	t	2021-05-23 09:55:12.466117+05:45	('Prabin Kumar Nepal',)		4
311	pbkdf2_sha256$260000$pnpU7BUupgYGfyrlWf1NMz$+yB6NIEyUfTtn6gbE3VH3VhR4NPq9UY5p4+DNtn5JE4=	\N	f	samriddhi25			f	t	2021-05-23 09:55:12.639041+05:45	Samriddhi Nepal		3
312	pbkdf2_sha256$260000$LCkf80mtN9wKDI2GiXHOGm$1P0dA0Y6lz16Dus3lSh0++fbQRhKLzBuEBTHR4w/wAA=	\N	f	pshubham10			f	t	2021-05-23 09:55:12.820076+05:45	('Sanjay Kumar Sah',)		4
313	pbkdf2_sha256$260000$5C1u6nmPfOHIb5ENc3hf3z$6NWjYrnA0V8ElXxNWhe9b6EalYDO8IOJMUSSAmS7PHw=	\N	f	shubham10			f	t	2021-05-23 09:55:12.990929+05:45	Shubham Kumar Sah		3
314	pbkdf2_sha256$260000$Uq4icTSay6bJA7l99jkg91$c47n//rM1SO1z01+TJ2wV5rYgbNTviESmLhIToryXK8=	\N	f	psimran21			f	t	2021-05-23 09:55:13.173772+05:45	('Shyam Chandra Khatiwada',)		4
315	pbkdf2_sha256$260000$NreyPZqA8Hw7YkDTtrdR6R$oAG2PgvAwWE95OUbL1CrJ833CFzLrJX+d4OxYAr6uh0=	\N	f	simran21			f	t	2021-05-23 09:55:13.355974+05:45	Simran Khatiwada		3
197	pbkdf2_sha256$260000$pqH8qFv619Tc5lNLBFv05D$2TcViQofeWTdieMd/JamSbwm0cBuZZXfnjdKeiBJD28=	2021-05-23 10:17:15.818445+05:45	f	teacher1			f	t	2021-05-23 09:54:41.433395+05:45	teacher1		2
316	pbkdf2_sha256$260000$vV0YVxwmFEKextNogxxFer$JVgOwP7FziSJsd1ke3bbT2CdWFFhwYewECJuzRoDsic=	2021-05-23 10:31:14.189913+05:45	t	admin			t	t	2021-05-23 10:30:59.330761+05:45			\N
\.


--
-- Data for Name: tbl_Customuser_groups; Type: TABLE DATA; Schema: public; Owner: gci_mis2
--

COPY public."tbl_Customuser_groups" (id, customuser_id, group_id) FROM stdin;
1	3	4
2	4	3
3	5	4
4	6	3
5	7	4
6	8	3
7	9	4
8	10	3
9	11	4
10	12	3
11	13	4
12	14	3
13	15	4
14	16	3
15	17	4
16	18	3
17	19	4
18	20	3
19	21	4
20	22	3
21	23	4
22	24	3
23	25	4
24	26	3
25	27	4
26	28	3
27	29	4
28	30	3
29	31	4
30	32	3
31	33	4
32	34	3
33	35	4
34	36	3
35	37	4
36	38	3
37	39	4
38	40	3
39	41	4
40	42	3
41	43	4
42	44	3
43	45	4
44	46	3
45	47	4
46	48	3
47	49	4
48	50	3
49	51	4
50	52	3
51	53	4
52	54	3
53	55	4
54	56	3
55	57	4
56	58	3
57	59	4
58	60	3
59	61	4
60	62	3
61	63	4
62	64	3
63	65	4
64	66	3
65	67	4
66	68	3
67	69	4
68	70	3
69	71	4
70	72	3
71	73	4
72	74	3
73	75	4
74	76	3
75	77	4
76	78	3
77	79	4
78	80	3
79	81	4
80	82	3
81	83	4
82	84	3
83	85	4
84	86	3
85	87	4
86	88	3
87	89	4
88	90	3
89	91	4
90	92	3
91	93	4
92	94	3
93	95	4
94	96	3
95	97	4
96	98	3
97	99	4
98	100	3
99	101	4
100	102	3
101	103	4
102	104	3
103	105	4
104	106	3
105	107	4
106	108	3
107	109	4
108	110	3
109	111	4
110	112	3
111	113	4
112	114	3
113	115	4
114	116	3
115	117	4
116	118	3
117	119	4
118	120	3
119	121	4
120	122	3
121	123	4
122	124	3
123	125	4
124	126	3
125	127	4
126	128	3
127	129	4
128	130	3
129	131	4
130	132	3
131	133	4
132	134	3
133	135	4
134	136	3
135	137	4
136	138	3
137	139	4
138	140	3
139	141	4
140	142	3
141	143	4
142	144	3
143	145	4
144	146	3
145	147	4
146	148	3
147	149	4
148	150	3
149	151	4
150	152	3
151	153	4
152	154	3
153	155	4
154	156	3
155	157	4
156	158	3
157	159	4
158	160	3
159	161	4
160	162	3
161	163	4
162	164	3
163	165	4
164	166	3
165	167	4
166	168	3
167	169	4
168	170	3
169	171	4
170	172	3
171	173	4
172	174	3
173	175	4
174	176	3
175	177	4
176	178	3
177	179	4
178	180	3
179	181	4
180	182	3
181	183	4
182	184	3
183	185	4
184	186	3
185	187	4
186	188	3
187	189	4
188	190	3
189	191	4
190	192	3
191	193	4
192	194	3
193	195	4
194	196	3
195	197	2
196	198	4
197	199	3
198	200	4
199	201	3
200	202	4
201	203	3
202	204	4
203	205	3
204	206	4
205	207	3
206	208	4
207	209	3
208	210	4
209	211	3
210	212	4
211	213	3
212	214	4
213	215	3
214	216	4
215	217	3
216	218	4
217	219	3
218	220	4
219	221	3
220	222	4
221	223	3
222	224	4
223	225	3
224	226	4
225	227	3
226	228	4
227	229	3
228	230	4
229	231	3
230	232	4
231	233	3
232	234	4
233	235	3
234	236	4
235	237	3
236	238	4
237	239	3
238	240	4
239	241	3
240	242	4
241	243	3
242	244	4
243	245	3
244	246	4
245	247	3
246	248	4
247	249	3
248	250	4
249	251	3
250	252	4
251	253	3
252	254	4
253	255	3
254	256	4
255	257	3
256	258	4
257	259	3
258	260	4
259	261	3
260	262	4
261	263	3
262	264	4
263	265	3
264	266	4
265	267	3
266	268	4
267	269	3
268	270	4
269	271	3
270	272	4
271	273	3
272	274	4
273	275	3
274	276	4
275	277	3
276	278	4
277	279	3
278	280	4
279	281	3
280	282	4
281	283	3
282	284	4
283	285	3
284	286	4
285	287	3
286	288	4
287	289	3
288	290	4
289	291	3
290	292	4
291	293	3
292	294	4
293	295	3
294	296	4
295	297	3
296	298	4
297	299	3
298	300	4
299	301	3
300	302	4
301	303	3
302	304	4
303	305	3
304	306	4
305	307	3
306	308	4
307	309	3
308	310	4
309	311	3
310	312	4
311	313	3
312	314	4
313	315	3
\.


--
-- Data for Name: tbl_Customuser_user_permissions; Type: TABLE DATA; Schema: public; Owner: gci_mis2
--

COPY public."tbl_Customuser_user_permissions" (id, customuser_id, permission_id) FROM stdin;
\.


--
-- Data for Name: tbl_Documentfile; Type: TABLE DATA; Schema: public; Owner: gci_mis2
--

COPY public."tbl_Documentfile" (id, title, file, created_at, updated_at, extra_user_id, parent_id, staff_id, student_id) FROM stdin;
\.


--
-- Data for Name: tbl_Extrauser; Type: TABLE DATA; Schema: public; Owner: gci_mis2
--

COPY public."tbl_Extrauser" (id, dob, gender, religion, contact, address, join_date, image, status, created_at, updated_at, extra_user_id, role_id) FROM stdin;
35	\N	Male				\N		t	2021-05-23 09:53:22.17716+05:45	2021-05-23 09:53:22.193588+05:45	36	\N
2	\N	Male				\N		t	2021-05-23 09:53:16.080993+05:45	2021-05-23 09:57:48.657795+05:45	3	\N
36	\N	Male				\N		t	2021-05-23 09:53:22.363414+05:45	2021-05-23 09:53:22.367126+05:45	37	\N
3	\N	Male				\N		t	2021-05-23 09:53:16.263116+05:45	2021-05-23 10:19:39.693288+05:45	4	\N
4	\N	Male				\N		t	2021-05-23 09:53:16.463132+05:45	2021-05-23 09:53:16.467093+05:45	5	\N
5	\N	Male				\N		t	2021-05-23 09:53:16.691776+05:45	2021-05-23 09:53:16.706995+05:45	6	\N
6	\N	Male				\N		t	2021-05-23 09:53:16.877976+05:45	2021-05-23 09:53:16.882082+05:45	7	\N
56	\N	Male				\N		t	2021-05-23 09:53:26.232481+05:45	2021-05-23 09:53:26.241652+05:45	57	\N
7	\N	Male				\N		t	2021-05-23 09:53:17.054043+05:45	2021-05-23 09:53:17.070897+05:45	8	\N
8	\N	Male				\N		t	2021-05-23 09:53:17.252737+05:45	2021-05-23 09:53:17.257571+05:45	9	\N
37	\N	Male				\N		t	2021-05-23 09:53:22.542174+05:45	2021-05-23 09:53:22.560016+05:45	38	\N
9	\N	Male				\N		t	2021-05-23 09:53:17.429686+05:45	2021-05-23 09:53:17.445002+05:45	10	\N
10	\N	Male				\N		t	2021-05-23 09:53:17.614846+05:45	2021-05-23 09:53:17.618449+05:45	11	\N
11	\N	Male				\N		t	2021-05-23 09:53:17.786889+05:45	2021-05-23 09:53:17.802294+05:45	12	\N
12	\N	Male				\N		t	2021-05-23 09:53:17.974973+05:45	2021-05-23 09:53:17.978416+05:45	13	\N
38	\N	Male				\N		t	2021-05-23 09:53:22.733544+05:45	2021-05-23 09:53:22.737345+05:45	39	\N
13	\N	Male				\N		t	2021-05-23 09:53:18.152351+05:45	2021-05-23 09:53:18.170787+05:45	14	\N
14	\N	Male				\N		t	2021-05-23 09:53:18.343799+05:45	2021-05-23 09:53:18.347631+05:45	15	\N
15	\N	Male				\N		t	2021-05-23 09:53:18.522862+05:45	2021-05-23 09:53:18.538093+05:45	16	\N
16	\N	Male				\N		t	2021-05-23 09:53:18.708088+05:45	2021-05-23 09:53:18.711798+05:45	17	\N
17	\N	Male				\N		t	2021-05-23 09:53:18.885594+05:45	2021-05-23 09:53:18.901273+05:45	18	\N
18	\N	Male				\N		t	2021-05-23 09:53:19.073966+05:45	2021-05-23 09:53:19.078981+05:45	19	\N
39	\N	Male				\N		t	2021-05-23 09:53:22.906328+05:45	2021-05-23 09:53:22.925279+05:45	40	\N
19	\N	Male				\N		t	2021-05-23 09:53:19.259908+05:45	2021-05-23 09:53:19.27596+05:45	20	\N
20	\N	Male				\N		t	2021-05-23 09:53:19.445725+05:45	2021-05-23 09:53:19.449705+05:45	21	\N
21	\N	Male				\N		t	2021-05-23 09:53:19.617202+05:45	2021-05-23 09:53:19.631652+05:45	22	\N
22	\N	Male				\N		t	2021-05-23 09:53:19.80188+05:45	2021-05-23 09:53:19.806424+05:45	23	\N
40	\N	Male				\N		t	2021-05-23 09:53:23.102152+05:45	2021-05-23 09:53:23.107282+05:45	41	\N
23	\N	Male				\N		t	2021-05-23 09:53:19.991904+05:45	2021-05-23 09:53:20.008705+05:45	24	\N
24	\N	Male				\N		t	2021-05-23 09:53:20.188858+05:45	2021-05-23 09:53:20.192607+05:45	25	\N
25	\N	Male				\N		t	2021-05-23 09:53:20.359888+05:45	2021-05-23 09:53:20.376708+05:45	26	\N
26	\N	Male				\N		t	2021-05-23 09:53:20.550438+05:45	2021-05-23 09:53:20.554627+05:45	27	\N
68	\N	Male				\N		t	2021-05-23 09:53:28.421763+05:45	2021-05-23 09:53:28.425241+05:45	69	\N
27	\N	Male				\N		t	2021-05-23 09:53:20.726793+05:45	2021-05-23 09:53:20.742691+05:45	28	\N
28	\N	Male				\N		t	2021-05-23 09:53:20.915753+05:45	2021-05-23 09:53:20.919824+05:45	29	\N
41	\N	Male				\N		t	2021-05-23 09:53:23.319962+05:45	2021-05-23 09:53:23.338381+05:45	42	\N
29	\N	Male				\N		t	2021-05-23 09:53:21.089907+05:45	2021-05-23 09:53:21.105187+05:45	30	\N
30	\N	Male				\N		t	2021-05-23 09:53:21.280011+05:45	2021-05-23 09:53:21.283572+05:45	31	\N
31	\N	Male				\N		t	2021-05-23 09:53:21.451568+05:45	2021-05-23 09:53:21.467457+05:45	32	\N
32	\N	Male				\N		t	2021-05-23 09:53:21.638384+05:45	2021-05-23 09:53:21.642028+05:45	33	\N
42	\N	Male				\N		t	2021-05-23 09:53:23.516944+05:45	2021-05-23 09:53:23.520699+05:45	43	\N
33	\N	Male				\N		t	2021-05-23 09:53:21.812347+05:45	2021-05-23 09:53:21.827324+05:45	34	\N
34	\N	Male				\N		t	2021-05-23 09:53:21.996249+05:45	2021-05-23 09:53:21.9997+05:45	35	\N
57	\N	Male				\N		t	2021-05-23 09:53:26.418388+05:45	2021-05-23 09:53:26.433739+05:45	58	\N
43	\N	Male				\N		t	2021-05-23 09:53:23.692571+05:45	2021-05-23 09:53:23.708949+05:45	44	\N
44	\N	Male				\N		t	2021-05-23 09:53:23.881156+05:45	2021-05-23 09:53:23.884775+05:45	45	\N
58	\N	Male				\N		t	2021-05-23 09:53:26.607368+05:45	2021-05-23 09:53:26.611087+05:45	59	\N
45	\N	Male				\N		t	2021-05-23 09:53:24.060754+05:45	2021-05-23 09:53:24.07941+05:45	46	\N
46	\N	Male				\N		t	2021-05-23 09:53:24.286273+05:45	2021-05-23 09:53:24.290097+05:45	47	\N
47	\N	Male				\N		t	2021-05-23 09:53:24.461915+05:45	2021-05-23 09:53:24.477265+05:45	48	\N
48	\N	Male				\N		t	2021-05-23 09:53:24.64598+05:45	2021-05-23 09:53:24.649582+05:45	49	\N
49	\N	Male				\N		t	2021-05-23 09:53:24.817777+05:45	2021-05-23 09:53:24.833895+05:45	50	\N
50	\N	Male				\N		t	2021-05-23 09:53:25.028705+05:45	2021-05-23 09:53:25.032405+05:45	51	\N
59	\N	Male				\N		t	2021-05-23 09:53:26.778637+05:45	2021-05-23 09:53:26.793134+05:45	60	\N
51	\N	Male				\N		t	2021-05-23 09:53:25.210866+05:45	2021-05-23 09:53:25.236673+05:45	52	\N
52	\N	Male				\N		t	2021-05-23 09:53:25.430912+05:45	2021-05-23 09:53:25.434594+05:45	53	\N
53	\N	Male				\N		t	2021-05-23 09:53:25.604141+05:45	2021-05-23 09:53:25.620302+05:45	54	\N
54	\N	Male				\N		t	2021-05-23 09:53:25.790063+05:45	2021-05-23 09:53:25.793546+05:45	55	\N
60	\N	Male				\N		t	2021-05-23 09:53:26.961229+05:45	2021-05-23 09:53:26.964666+05:45	61	\N
55	\N	Male				\N		t	2021-05-23 09:53:25.962437+05:45	2021-05-23 09:53:25.976952+05:45	56	\N
82	\N	Male				\N		t	2021-05-23 09:54:02.231017+05:45	2021-05-23 09:54:02.234806+05:45	83	\N
61	\N	Male				\N		t	2021-05-23 09:53:27.133215+05:45	2021-05-23 09:53:27.147817+05:45	62	\N
62	\N	Male				\N		t	2021-05-23 09:53:27.338146+05:45	2021-05-23 09:53:27.341521+05:45	63	\N
69	\N	Male				\N		t	2021-05-23 09:53:28.592655+05:45	2021-05-23 09:53:28.607199+05:45	70	\N
63	\N	Male				\N		t	2021-05-23 09:53:27.50839+05:45	2021-05-23 09:53:27.523668+05:45	64	\N
64	\N	Male				\N		t	2021-05-23 09:53:27.695657+05:45	2021-05-23 09:53:27.699518+05:45	65	\N
65	\N	Male				\N		t	2021-05-23 09:53:27.867857+05:45	2021-05-23 09:53:27.882328+05:45	66	\N
66	\N	Male				\N		t	2021-05-23 09:53:28.054179+05:45	2021-05-23 09:53:28.057629+05:45	67	\N
70	\N	Male				\N		t	2021-05-23 09:53:28.783424+05:45	2021-05-23 09:53:28.787066+05:45	71	\N
67	\N	Male				\N		t	2021-05-23 09:53:28.23424+05:45	2021-05-23 09:53:28.249335+05:45	68	\N
75	\N	Male				\N		t	2021-05-23 09:53:29.699514+05:45	2021-05-23 09:53:29.717347+05:45	76	\N
71	\N	Male				\N		t	2021-05-23 09:53:28.956635+05:45	2021-05-23 09:53:28.971426+05:45	72	\N
72	\N	Male				\N		t	2021-05-23 09:53:29.139878+05:45	2021-05-23 09:53:29.143462+05:45	73	\N
73	\N	Male				\N		t	2021-05-23 09:53:29.31596+05:45	2021-05-23 09:53:29.330764+05:45	74	\N
74	\N	Male				\N		t	2021-05-23 09:53:29.502118+05:45	2021-05-23 09:53:29.505515+05:45	75	\N
76	\N	Male				\N		t	2021-05-23 09:54:01.11173+05:45	2021-05-23 09:54:01.115771+05:45	77	\N
79	\N	Male				\N		t	2021-05-23 09:54:01.658082+05:45	2021-05-23 09:54:01.691075+05:45	80	\N
77	\N	Male				\N		t	2021-05-23 09:54:01.294755+05:45	2021-05-23 09:54:01.312341+05:45	78	\N
78	\N	Male				\N		t	2021-05-23 09:54:01.486429+05:45	2021-05-23 09:54:01.490219+05:45	79	\N
80	\N	Male				\N		t	2021-05-23 09:54:01.865387+05:45	2021-05-23 09:54:01.869104+05:45	81	\N
81	\N	Male				\N		t	2021-05-23 09:54:02.040497+05:45	2021-05-23 09:54:02.055994+05:45	82	\N
84	\N	Male				\N		t	2021-05-23 09:54:02.58962+05:45	2021-05-23 09:54:02.593236+05:45	85	\N
83	\N	Male				\N		t	2021-05-23 09:54:02.405754+05:45	2021-05-23 09:54:02.420316+05:45	84	\N
86	\N	Male				\N		t	2021-05-23 09:54:02.947258+05:45	2021-05-23 09:54:02.950873+05:45	87	\N
85	\N	Male				\N		t	2021-05-23 09:54:02.760625+05:45	2021-05-23 09:54:02.775959+05:45	86	\N
88	\N	Male				\N		t	2021-05-23 09:54:03.311545+05:45	2021-05-23 09:54:03.315152+05:45	89	\N
87	\N	Male				\N		t	2021-05-23 09:54:03.119649+05:45	2021-05-23 09:54:03.135093+05:45	88	\N
90	\N	Male				\N		t	2021-05-23 09:54:03.673235+05:45	2021-05-23 09:54:03.676816+05:45	91	\N
89	\N	Male				\N		t	2021-05-23 09:54:03.482557+05:45	2021-05-23 09:54:03.498151+05:45	90	\N
1	\N	Male				\N		t	2021-05-23 09:49:06.481703+05:45	2021-05-23 10:28:48.32298+05:45	2	\N
91	\N	Male				\N		t	2021-05-23 09:54:03.845843+05:45	2021-05-23 09:54:03.860589+05:45	92	\N
92	\N	Male				\N		t	2021-05-23 09:54:04.032672+05:45	2021-05-23 09:54:04.036559+05:45	93	\N
166	\N	Male				\N		t	2021-05-23 09:54:17.668777+05:45	2021-05-23 09:54:17.674009+05:45	167	\N
93	\N	Male				\N		t	2021-05-23 09:54:04.210149+05:45	2021-05-23 09:54:04.236845+05:45	94	\N
94	\N	Male				\N		t	2021-05-23 09:54:04.413724+05:45	2021-05-23 09:54:04.41706+05:45	95	\N
127	\N	Male				\N		t	2021-05-23 09:54:10.470724+05:45	2021-05-23 09:54:10.485385+05:45	128	\N
95	\N	Male				\N		t	2021-05-23 09:54:04.584772+05:45	2021-05-23 09:54:04.59879+05:45	96	\N
96	\N	Male				\N		t	2021-05-23 09:54:04.768524+05:45	2021-05-23 09:54:04.771933+05:45	97	\N
97	\N	Male				\N		t	2021-05-23 09:54:04.941037+05:45	2021-05-23 09:54:04.955721+05:45	98	\N
98	\N	Male				\N		t	2021-05-23 09:54:05.124432+05:45	2021-05-23 09:54:05.127964+05:45	99	\N
128	\N	Male				\N		t	2021-05-23 09:54:10.653887+05:45	2021-05-23 09:54:10.65728+05:45	129	\N
99	\N	Male				\N		t	2021-05-23 09:54:05.300107+05:45	2021-05-23 09:54:05.319881+05:45	100	\N
100	\N	Male				\N		t	2021-05-23 09:54:05.520653+05:45	2021-05-23 09:54:05.524082+05:45	101	\N
101	\N	Male				\N		t	2021-05-23 09:54:05.695063+05:45	2021-05-23 09:54:05.710587+05:45	102	\N
102	\N	Male				\N		t	2021-05-23 09:54:05.880602+05:45	2021-05-23 09:54:05.884154+05:45	103	\N
147	\N	Male				\N		t	2021-05-23 09:54:14.091956+05:45	2021-05-23 09:54:14.115742+05:45	148	\N
103	\N	Male				\N		t	2021-05-23 09:54:06.055446+05:45	2021-05-23 09:54:06.06981+05:45	104	\N
104	\N	Male				\N		t	2021-05-23 09:54:06.24388+05:45	2021-05-23 09:54:06.248409+05:45	105	\N
129	\N	Male				\N		t	2021-05-23 09:54:10.824282+05:45	2021-05-23 09:54:10.838632+05:45	130	\N
105	\N	Male				\N		t	2021-05-23 09:54:06.418948+05:45	2021-05-23 09:54:06.433237+05:45	106	\N
106	\N	Male				\N		t	2021-05-23 09:54:06.601178+05:45	2021-05-23 09:54:06.604765+05:45	107	\N
107	\N	Male				\N		t	2021-05-23 09:54:06.771916+05:45	2021-05-23 09:54:06.786645+05:45	108	\N
108	\N	Male				\N		t	2021-05-23 09:54:06.956743+05:45	2021-05-23 09:54:06.960319+05:45	109	\N
130	\N	Male				\N		t	2021-05-23 09:54:11.008386+05:45	2021-05-23 09:54:11.012316+05:45	131	\N
109	\N	Male				\N		t	2021-05-23 09:54:07.12842+05:45	2021-05-23 09:54:07.142844+05:45	110	\N
110	\N	Male				\N		t	2021-05-23 09:54:07.315141+05:45	2021-05-23 09:54:07.318987+05:45	111	\N
111	\N	Male				\N		t	2021-05-23 09:54:07.494042+05:45	2021-05-23 09:54:07.509046+05:45	112	\N
112	\N	Male				\N		t	2021-05-23 09:54:07.679151+05:45	2021-05-23 09:54:07.68281+05:45	113	\N
113	\N	Male				\N		t	2021-05-23 09:54:07.850714+05:45	2021-05-23 09:54:07.865+05:45	114	\N
114	\N	Male				\N		t	2021-05-23 09:54:08.039687+05:45	2021-05-23 09:54:08.043069+05:45	115	\N
131	\N	Male				\N		t	2021-05-23 09:54:11.180114+05:45	2021-05-23 09:54:11.194643+05:45	132	\N
115	\N	Male				\N		t	2021-05-23 09:54:08.226641+05:45	2021-05-23 09:54:08.249266+05:45	116	\N
116	\N	Male				\N		t	2021-05-23 09:54:08.421804+05:45	2021-05-23 09:54:08.425222+05:45	117	\N
117	\N	Male				\N		t	2021-05-23 09:54:08.596605+05:45	2021-05-23 09:54:08.611789+05:45	118	\N
118	\N	Male				\N		t	2021-05-23 09:54:08.785631+05:45	2021-05-23 09:54:08.789166+05:45	119	\N
132	\N	Male				\N		t	2021-05-23 09:54:11.371257+05:45	2021-05-23 09:54:11.374809+05:45	133	\N
119	\N	Male				\N		t	2021-05-23 09:54:08.956582+05:45	2021-05-23 09:54:08.971818+05:45	120	\N
120	\N	Male				\N		t	2021-05-23 09:54:09.15954+05:45	2021-05-23 09:54:09.163024+05:45	121	\N
121	\N	Male				\N		t	2021-05-23 09:54:09.352831+05:45	2021-05-23 09:54:09.367285+05:45	122	\N
122	\N	Male				\N		t	2021-05-23 09:54:09.562511+05:45	2021-05-23 09:54:09.566786+05:45	123	\N
148	\N	Male				\N		t	2021-05-23 09:54:14.337095+05:45	2021-05-23 09:54:14.340661+05:45	149	\N
123	\N	Male				\N		t	2021-05-23 09:54:09.74641+05:45	2021-05-23 09:54:09.76048+05:45	124	\N
124	\N	Male				\N		t	2021-05-23 09:54:09.932447+05:45	2021-05-23 09:54:09.936966+05:45	125	\N
133	\N	Male				\N		t	2021-05-23 09:54:11.545267+05:45	2021-05-23 09:54:11.560699+05:45	134	\N
125	\N	Male				\N		t	2021-05-23 09:54:10.110682+05:45	2021-05-23 09:54:10.125304+05:45	126	\N
126	\N	Male				\N		t	2021-05-23 09:54:10.297796+05:45	2021-05-23 09:54:10.30156+05:45	127	\N
134	\N	Male				\N		t	2021-05-23 09:54:11.730825+05:45	2021-05-23 09:54:11.734393+05:45	135	\N
135	\N	Male				\N		t	2021-05-23 09:54:11.90286+05:45	2021-05-23 09:54:11.91747+05:45	136	\N
136	\N	Male				\N		t	2021-05-23 09:54:12.092452+05:45	2021-05-23 09:54:12.097825+05:45	137	\N
159	\N	Male				\N		t	2021-05-23 09:54:16.375764+05:45	2021-05-23 09:54:16.393285+05:45	160	\N
137	\N	Male				\N		t	2021-05-23 09:54:12.275276+05:45	2021-05-23 09:54:12.291241+05:45	138	\N
138	\N	Male				\N		t	2021-05-23 09:54:12.462487+05:45	2021-05-23 09:54:12.465853+05:45	139	\N
149	\N	Male				\N		t	2021-05-23 09:54:14.516654+05:45	2021-05-23 09:54:14.531769+05:45	150	\N
139	\N	Male				\N		t	2021-05-23 09:54:12.634725+05:45	2021-05-23 09:54:12.649136+05:45	140	\N
140	\N	Male				\N		t	2021-05-23 09:54:12.818013+05:45	2021-05-23 09:54:12.82218+05:45	141	\N
141	\N	Male				\N		t	2021-05-23 09:54:12.996342+05:45	2021-05-23 09:54:13.011415+05:45	142	\N
142	\N	Male				\N		t	2021-05-23 09:54:13.197582+05:45	2021-05-23 09:54:13.201143+05:45	143	\N
150	\N	Male				\N		t	2021-05-23 09:54:14.70283+05:45	2021-05-23 09:54:14.706587+05:45	151	\N
143	\N	Male				\N		t	2021-05-23 09:54:13.373415+05:45	2021-05-23 09:54:13.388062+05:45	144	\N
144	\N	Male				\N		t	2021-05-23 09:54:13.558504+05:45	2021-05-23 09:54:13.561819+05:45	145	\N
145	\N	Male				\N		t	2021-05-23 09:54:13.730642+05:45	2021-05-23 09:54:13.744892+05:45	146	\N
146	\N	Male				\N		t	2021-05-23 09:54:13.917522+05:45	2021-05-23 09:54:13.92111+05:45	147	\N
151	\N	Male				\N		t	2021-05-23 09:54:14.877722+05:45	2021-05-23 09:54:14.892428+05:45	152	\N
152	\N	Male				\N		t	2021-05-23 09:54:15.064183+05:45	2021-05-23 09:54:15.067711+05:45	153	\N
160	\N	Male				\N		t	2021-05-23 09:54:16.561163+05:45	2021-05-23 09:54:16.564514+05:45	161	\N
153	\N	Male				\N		t	2021-05-23 09:54:15.251277+05:45	2021-05-23 09:54:15.266609+05:45	154	\N
154	\N	Male				\N		t	2021-05-23 09:54:15.434883+05:45	2021-05-23 09:54:15.438346+05:45	155	\N
155	\N	Male				\N		t	2021-05-23 09:54:15.606606+05:45	2021-05-23 09:54:15.62094+05:45	156	\N
156	\N	Male				\N		t	2021-05-23 09:54:15.792482+05:45	2021-05-23 09:54:15.796514+05:45	157	\N
157	\N	Male				\N		t	2021-05-23 09:54:15.996869+05:45	2021-05-23 09:54:16.011424+05:45	158	\N
158	\N	Male				\N		t	2021-05-23 09:54:16.197853+05:45	2021-05-23 09:54:16.201807+05:45	159	\N
161	\N	Male				\N		t	2021-05-23 09:54:16.733732+05:45	2021-05-23 09:54:16.748048+05:45	162	\N
162	\N	Male				\N		t	2021-05-23 09:54:16.91967+05:45	2021-05-23 09:54:16.923199+05:45	163	\N
170	\N	Male				\N		t	2021-05-23 09:54:18.414776+05:45	2021-05-23 09:54:18.418835+05:45	171	\N
163	\N	Male				\N		t	2021-05-23 09:54:17.093696+05:45	2021-05-23 09:54:17.108774+05:45	164	\N
164	\N	Male				\N		t	2021-05-23 09:54:17.295122+05:45	2021-05-23 09:54:17.298608+05:45	165	\N
167	\N	Male				\N		t	2021-05-23 09:54:17.846112+05:45	2021-05-23 09:54:17.866014+05:45	168	\N
165	\N	Male				\N		t	2021-05-23 09:54:17.466296+05:45	2021-05-23 09:54:17.486371+05:45	166	\N
168	\N	Male				\N		t	2021-05-23 09:54:18.036109+05:45	2021-05-23 09:54:18.03966+05:45	169	\N
169	\N	Male				\N		t	2021-05-23 09:54:18.210653+05:45	2021-05-23 09:54:18.229429+05:45	170	\N
172	\N	Male				\N		t	2021-05-23 09:54:18.772201+05:45	2021-05-23 09:54:18.776057+05:45	173	\N
171	\N	Male				\N		t	2021-05-23 09:54:18.588155+05:45	2021-05-23 09:54:18.602994+05:45	172	\N
174	\N	Male				\N		t	2021-05-23 09:54:19.129891+05:45	2021-05-23 09:54:19.133259+05:45	175	\N
173	\N	Male				\N		t	2021-05-23 09:54:18.944597+05:45	2021-05-23 09:54:18.959286+05:45	174	\N
176	\N	Male				\N		t	2021-05-23 09:54:19.497866+05:45	2021-05-23 09:54:19.501253+05:45	177	\N
175	\N	Male				\N		t	2021-05-23 09:54:19.309365+05:45	2021-05-23 09:54:19.326391+05:45	176	\N
178	\N	Male				\N		t	2021-05-23 09:54:19.852526+05:45	2021-05-23 09:54:19.855875+05:45	179	\N
177	\N	Male				\N		t	2021-05-23 09:54:19.668377+05:45	2021-05-23 09:54:19.682489+05:45	178	\N
180	\N	Male				\N		t	2021-05-23 09:54:20.208231+05:45	2021-05-23 09:54:20.212115+05:45	181	\N
179	\N	Male				\N		t	2021-05-23 09:54:20.024459+05:45	2021-05-23 09:54:20.039615+05:45	180	\N
182	\N	Male				\N		t	2021-05-23 09:54:20.58436+05:45	2021-05-23 09:54:20.588013+05:45	183	\N
181	\N	Male				\N		t	2021-05-23 09:54:20.390388+05:45	2021-05-23 09:54:20.405618+05:45	182	\N
257	\N	Male				\N		t	2021-05-23 09:54:53.987865+05:45	2021-05-23 09:54:53.991796+05:45	258	\N
183	\N	Male				\N		t	2021-05-23 09:54:20.756126+05:45	2021-05-23 09:54:20.770933+05:45	184	\N
184	\N	Male				\N		t	2021-05-23 09:54:20.940243+05:45	2021-05-23 09:54:20.943954+05:45	185	\N
218	\N	Male				\N		t	2021-05-23 09:54:46.799602+05:45	2021-05-23 09:54:46.814402+05:45	219	\N
185	\N	Male				\N		t	2021-05-23 09:54:21.114802+05:45	2021-05-23 09:54:21.13126+05:45	186	\N
186	\N	Male				\N		t	2021-05-23 09:54:21.334424+05:45	2021-05-23 09:54:21.338272+05:45	187	\N
187	\N	Male				\N		t	2021-05-23 09:54:21.536338+05:45	2021-05-23 09:54:21.55235+05:45	188	\N
188	\N	Male				\N		t	2021-05-23 09:54:21.723103+05:45	2021-05-23 09:54:21.726832+05:45	189	\N
219	\N	Male				\N		t	2021-05-23 09:54:46.985917+05:45	2021-05-23 09:54:46.989581+05:45	220	\N
189	\N	Male				\N		t	2021-05-23 09:54:21.894114+05:45	2021-05-23 09:54:21.908542+05:45	190	\N
190	\N	Male				\N		t	2021-05-23 09:54:22.077558+05:45	2021-05-23 09:54:22.08105+05:45	191	\N
191	\N	Male				\N		t	2021-05-23 09:54:22.258514+05:45	2021-05-23 09:54:22.276446+05:45	192	\N
192	\N	Male				\N		t	2021-05-23 09:54:22.44815+05:45	2021-05-23 09:54:22.451946+05:45	193	\N
238	\N	Male				\N		t	2021-05-23 09:54:50.447574+05:45	2021-05-23 09:54:50.462859+05:45	239	\N
193	\N	Male				\N		t	2021-05-23 09:54:22.623527+05:45	2021-05-23 09:54:22.639102+05:45	194	\N
194	\N	Male				\N		t	2021-05-23 09:54:22.808966+05:45	2021-05-23 09:54:22.812473+05:45	195	\N
220	\N	Male				\N		t	2021-05-23 09:54:47.157415+05:45	2021-05-23 09:54:47.172078+05:45	221	\N
195	\N	Male				\N		t	2021-05-23 09:54:22.982193+05:45	2021-05-23 09:54:22.997239+05:45	196	\N
197	\N	Male				\N		t	2021-05-23 09:54:42.879973+05:45	2021-05-23 09:54:42.884397+05:45	198	\N
221	\N	Male				\N		t	2021-05-23 09:54:47.346317+05:45	2021-05-23 09:54:47.350139+05:45	222	\N
198	\N	Male				\N		t	2021-05-23 09:54:43.052509+05:45	2021-05-23 09:54:43.069399+05:45	199	\N
199	\N	Male				\N		t	2021-05-23 09:54:43.239612+05:45	2021-05-23 09:54:43.243326+05:45	200	\N
200	\N	Male				\N		t	2021-05-23 09:54:43.414278+05:45	2021-05-23 09:54:43.429814+05:45	201	\N
201	\N	Male				\N		t	2021-05-23 09:54:43.599931+05:45	2021-05-23 09:54:43.603908+05:45	202	\N
202	\N	Male				\N		t	2021-05-23 09:54:43.771998+05:45	2021-05-23 09:54:43.789612+05:45	203	\N
203	\N	Male				\N		t	2021-05-23 09:54:43.961678+05:45	2021-05-23 09:54:43.965617+05:45	204	\N
222	\N	Male				\N		t	2021-05-23 09:54:47.517571+05:45	2021-05-23 09:54:47.536565+05:45	223	\N
204	\N	Male				\N		t	2021-05-23 09:54:44.134869+05:45	2021-05-23 09:54:44.151872+05:45	205	\N
205	\N	Male				\N		t	2021-05-23 09:54:44.345265+05:45	2021-05-23 09:54:44.351001+05:45	206	\N
206	\N	Male				\N		t	2021-05-23 09:54:44.561379+05:45	2021-05-23 09:54:44.580894+05:45	207	\N
207	\N	Male				\N		t	2021-05-23 09:54:44.77581+05:45	2021-05-23 09:54:44.779581+05:45	208	\N
223	\N	Male				\N		t	2021-05-23 09:54:47.705281+05:45	2021-05-23 09:54:47.708711+05:45	224	\N
208	\N	Male				\N		t	2021-05-23 09:54:44.949393+05:45	2021-05-23 09:54:44.966267+05:45	209	\N
209	\N	Male				\N		t	2021-05-23 09:54:45.145191+05:45	2021-05-23 09:54:45.149427+05:45	210	\N
210	\N	Male				\N		t	2021-05-23 09:54:45.335234+05:45	2021-05-23 09:54:45.352144+05:45	211	\N
211	\N	Male				\N		t	2021-05-23 09:54:45.523882+05:45	2021-05-23 09:54:45.527369+05:45	212	\N
239	\N	Male				\N		t	2021-05-23 09:54:50.63153+05:45	2021-05-23 09:54:50.635522+05:45	240	\N
212	\N	Male				\N		t	2021-05-23 09:54:45.70263+05:45	2021-05-23 09:54:45.717964+05:45	213	\N
213	\N	Male				\N		t	2021-05-23 09:54:45.886969+05:45	2021-05-23 09:54:45.890525+05:45	214	\N
224	\N	Male				\N		t	2021-05-23 09:54:47.877902+05:45	2021-05-23 09:54:47.89286+05:45	225	\N
214	\N	Male				\N		t	2021-05-23 09:54:46.060769+05:45	2021-05-23 09:54:46.075851+05:45	215	\N
215	\N	Male				\N		t	2021-05-23 09:54:46.24905+05:45	2021-05-23 09:54:46.252823+05:45	216	\N
216	\N	Male				\N		t	2021-05-23 09:54:46.430708+05:45	2021-05-23 09:54:46.447321+05:45	217	\N
217	\N	Male				\N		t	2021-05-23 09:54:46.628197+05:45	2021-05-23 09:54:46.63166+05:45	218	\N
225	\N	Male				\N		t	2021-05-23 09:54:48.063809+05:45	2021-05-23 09:54:48.067438+05:45	226	\N
226	\N	Male				\N		t	2021-05-23 09:54:48.237214+05:45	2021-05-23 09:54:48.254645+05:45	227	\N
227	\N	Male				\N		t	2021-05-23 09:54:48.441689+05:45	2021-05-23 09:54:48.44537+05:45	228	\N
250	\N	Male				\N		t	2021-05-23 09:54:52.612668+05:45	2021-05-23 09:54:52.62763+05:45	251	\N
228	\N	Male				\N		t	2021-05-23 09:54:48.613166+05:45	2021-05-23 09:54:48.628423+05:45	229	\N
229	\N	Male				\N		t	2021-05-23 09:54:48.802022+05:45	2021-05-23 09:54:48.805645+05:45	230	\N
240	\N	Male				\N		t	2021-05-23 09:54:50.805238+05:45	2021-05-23 09:54:50.823176+05:45	241	\N
230	\N	Male				\N		t	2021-05-23 09:54:48.973189+05:45	2021-05-23 09:54:48.989716+05:45	231	\N
231	\N	Male				\N		t	2021-05-23 09:54:49.160255+05:45	2021-05-23 09:54:49.164585+05:45	232	\N
232	\N	Male				\N		t	2021-05-23 09:54:49.350115+05:45	2021-05-23 09:54:49.365976+05:45	233	\N
233	\N	Male				\N		t	2021-05-23 09:54:49.536136+05:45	2021-05-23 09:54:49.540468+05:45	234	\N
241	\N	Male				\N		t	2021-05-23 09:54:50.992018+05:45	2021-05-23 09:54:50.995969+05:45	242	\N
234	\N	Male				\N		t	2021-05-23 09:54:49.714002+05:45	2021-05-23 09:54:49.731098+05:45	235	\N
235	\N	Male				\N		t	2021-05-23 09:54:49.900527+05:45	2021-05-23 09:54:49.90418+05:45	236	\N
236	\N	Male				\N		t	2021-05-23 09:54:50.072385+05:45	2021-05-23 09:54:50.087222+05:45	237	\N
237	\N	Male				\N		t	2021-05-23 09:54:50.256254+05:45	2021-05-23 09:54:50.261073+05:45	238	\N
242	\N	Male				\N		t	2021-05-23 09:54:51.163632+05:45	2021-05-23 09:54:51.178547+05:45	243	\N
243	\N	Male				\N		t	2021-05-23 09:54:51.351062+05:45	2021-05-23 09:54:51.354575+05:45	244	\N
251	\N	Male				\N		t	2021-05-23 09:54:52.863626+05:45	2021-05-23 09:54:52.867252+05:45	252	\N
244	\N	Male				\N		t	2021-05-23 09:54:51.522413+05:45	2021-05-23 09:54:51.538157+05:45	245	\N
245	\N	Male				\N		t	2021-05-23 09:54:51.71112+05:45	2021-05-23 09:54:51.71466+05:45	246	\N
246	\N	Male				\N		t	2021-05-23 09:54:51.882985+05:45	2021-05-23 09:54:51.897963+05:45	247	\N
247	\N	Male				\N		t	2021-05-23 09:54:52.06711+05:45	2021-05-23 09:54:52.070918+05:45	248	\N
248	\N	Male				\N		t	2021-05-23 09:54:52.240949+05:45	2021-05-23 09:54:52.26037+05:45	249	\N
249	\N	Male				\N		t	2021-05-23 09:54:52.441636+05:45	2021-05-23 09:54:52.44548+05:45	250	\N
252	\N	Male				\N		t	2021-05-23 09:54:53.039701+05:45	2021-05-23 09:54:53.056212+05:45	253	\N
253	\N	Male				\N		t	2021-05-23 09:54:53.229056+05:45	2021-05-23 09:54:53.232717+05:45	254	\N
261	\N	Male				\N		t	2021-05-23 09:54:54.728963+05:45	2021-05-23 09:54:54.73305+05:45	262	\N
254	\N	Male				\N		t	2021-05-23 09:54:53.408159+05:45	2021-05-23 09:54:53.423618+05:45	255	\N
255	\N	Male				\N		t	2021-05-23 09:54:53.598012+05:45	2021-05-23 09:54:53.601826+05:45	256	\N
258	\N	Male				\N		t	2021-05-23 09:54:54.168146+05:45	2021-05-23 09:54:54.184058+05:45	259	\N
256	\N	Male				\N		t	2021-05-23 09:54:53.780445+05:45	2021-05-23 09:54:53.807496+05:45	257	\N
259	\N	Male				\N		t	2021-05-23 09:54:54.36353+05:45	2021-05-23 09:54:54.366958+05:45	260	\N
260	\N	Male				\N		t	2021-05-23 09:54:54.536758+05:45	2021-05-23 09:54:54.552977+05:45	261	\N
263	\N	Male				\N		t	2021-05-23 09:54:55.109121+05:45	2021-05-23 09:54:55.112696+05:45	264	\N
262	\N	Male				\N		t	2021-05-23 09:54:54.920034+05:45	2021-05-23 09:54:54.939947+05:45	263	\N
265	\N	Male				\N		t	2021-05-23 09:54:55.478858+05:45	2021-05-23 09:54:55.482531+05:45	266	\N
264	\N	Male				\N		t	2021-05-23 09:54:55.280493+05:45	2021-05-23 09:54:55.309226+05:45	265	\N
267	\N	Male				\N		t	2021-05-23 09:54:55.845378+05:45	2021-05-23 09:54:55.849095+05:45	268	\N
266	\N	Male				\N		t	2021-05-23 09:54:55.651074+05:45	2021-05-23 09:54:55.666758+05:45	267	\N
269	\N	Male				\N		t	2021-05-23 09:55:05.269895+05:45	2021-05-23 09:55:05.276074+05:45	270	\N
268	\N	Male				\N		t	2021-05-23 09:54:56.016274+05:45	2021-05-23 09:54:56.031418+05:45	269	\N
271	\N	Male				\N		t	2021-05-23 09:55:05.683693+05:45	2021-05-23 09:55:05.691497+05:45	272	\N
270	\N	Male				\N		t	2021-05-23 09:55:05.489185+05:45	2021-05-23 09:55:05.512036+05:45	271	\N
273	\N	Male				\N		t	2021-05-23 09:55:06.046658+05:45	2021-05-23 09:55:06.050324+05:45	274	\N
272	\N	Male				\N		t	2021-05-23 09:55:05.859099+05:45	2021-05-23 09:55:05.875386+05:45	273	\N
196	\N	Male				\N		t	2021-05-23 09:54:41.603885+05:45	2021-05-23 10:17:15.826628+05:45	197	\N
309	\N	Male				\N		t	2021-05-23 09:55:12.628857+05:45	2021-05-23 09:55:12.632433+05:45	310	\N
274	\N	Male				\N		t	2021-05-23 09:55:06.218906+05:45	2021-05-23 09:55:06.236524+05:45	275	\N
275	\N	Male				\N		t	2021-05-23 09:55:06.412531+05:45	2021-05-23 09:55:06.415855+05:45	276	\N
276	\N	Male				\N		t	2021-05-23 09:55:06.594019+05:45	2021-05-23 09:55:06.609812+05:45	277	\N
277	\N	Male				\N		t	2021-05-23 09:55:06.780419+05:45	2021-05-23 09:55:06.783752+05:45	278	\N
278	\N	Male				\N		t	2021-05-23 09:55:06.951011+05:45	2021-05-23 09:55:06.965639+05:45	279	\N
279	\N	Male				\N		t	2021-05-23 09:55:07.134739+05:45	2021-05-23 09:55:07.138066+05:45	280	\N
310	\N	Male				\N		t	2021-05-23 09:55:12.799531+05:45	2021-05-23 09:55:12.81371+05:45	311	\N
280	\N	Male				\N		t	2021-05-23 09:55:07.313581+05:45	2021-05-23 09:55:07.342543+05:45	281	\N
281	\N	Male				\N		t	2021-05-23 09:55:07.521272+05:45	2021-05-23 09:55:07.524834+05:45	282	\N
282	\N	Male				\N		t	2021-05-23 09:55:07.699439+05:45	2021-05-23 09:55:07.714861+05:45	283	\N
283	\N	Male				\N		t	2021-05-23 09:55:07.886083+05:45	2021-05-23 09:55:07.890336+05:45	284	\N
311	\N	Male				\N		t	2021-05-23 09:55:12.981576+05:45	2021-05-23 09:55:12.984862+05:45	312	\N
284	\N	Male				\N		t	2021-05-23 09:55:08.063203+05:45	2021-05-23 09:55:08.07979+05:45	285	\N
285	\N	Male				\N		t	2021-05-23 09:55:08.250791+05:45	2021-05-23 09:55:08.254471+05:45	286	\N
286	\N	Male				\N		t	2021-05-23 09:55:08.442738+05:45	2021-05-23 09:55:08.457632+05:45	287	\N
287	\N	Male				\N		t	2021-05-23 09:55:08.62616+05:45	2021-05-23 09:55:08.629715+05:45	288	\N
288	\N	Male				\N		t	2021-05-23 09:55:08.805012+05:45	2021-05-23 09:55:08.820178+05:45	289	\N
289	\N	Male				\N		t	2021-05-23 09:55:08.989024+05:45	2021-05-23 09:55:08.992754+05:45	290	\N
312	\N	Male				\N		t	2021-05-23 09:55:13.152397+05:45	2021-05-23 09:55:13.167435+05:45	313	\N
290	\N	Male				\N		t	2021-05-23 09:55:09.162622+05:45	2021-05-23 09:55:09.178103+05:45	291	\N
291	\N	Male				\N		t	2021-05-23 09:55:09.376326+05:45	2021-05-23 09:55:09.379988+05:45	292	\N
292	\N	Male				\N		t	2021-05-23 09:55:09.548035+05:45	2021-05-23 09:55:09.56263+05:45	293	\N
293	\N	Male				\N		t	2021-05-23 09:55:09.730739+05:45	2021-05-23 09:55:09.734115+05:45	294	\N
313	\N	Male				\N		t	2021-05-23 09:55:13.345344+05:45	2021-05-23 09:55:13.349296+05:45	314	\N
294	\N	Male				\N		t	2021-05-23 09:55:09.900668+05:45	2021-05-23 09:55:09.91567+05:45	295	\N
295	\N	Male				\N		t	2021-05-23 09:55:10.085881+05:45	2021-05-23 09:55:10.089622+05:45	296	\N
296	\N	Male				\N		t	2021-05-23 09:55:10.258209+05:45	2021-05-23 09:55:10.272597+05:45	297	\N
297	\N	Male				\N		t	2021-05-23 09:55:10.448873+05:45	2021-05-23 09:55:10.452393+05:45	298	\N
298	\N	Male				\N		t	2021-05-23 09:55:10.619334+05:45	2021-05-23 09:55:10.634168+05:45	299	\N
299	\N	Male				\N		t	2021-05-23 09:55:10.802333+05:45	2021-05-23 09:55:10.805929+05:45	300	\N
314	\N	Male				\N		t	2021-05-23 09:55:13.527582+05:45	2021-05-23 09:55:13.543049+05:45	315	\N
300	\N	Male				\N		t	2021-05-23 09:55:10.973655+05:45	2021-05-23 09:55:10.988854+05:45	301	\N
301	\N	Male				\N		t	2021-05-23 09:55:11.157412+05:45	2021-05-23 09:55:11.160877+05:45	302	\N
302	\N	Male				\N		t	2021-05-23 09:55:11.343727+05:45	2021-05-23 09:55:11.362102+05:45	303	\N
303	\N	Male				\N		t	2021-05-23 09:55:11.54347+05:45	2021-05-23 09:55:11.547091+05:45	304	\N
304	\N	Male				\N		t	2021-05-23 09:55:11.714618+05:45	2021-05-23 09:55:11.729625+05:45	305	\N
305	\N	Male				\N		t	2021-05-23 09:55:11.897818+05:45	2021-05-23 09:55:11.901248+05:45	306	\N
315	\N	Male				\N		t	2021-05-23 10:30:59.522426+05:45	2021-05-23 10:31:14.193324+05:45	316	\N
306	\N	Male				\N		t	2021-05-23 09:55:12.0681+05:45	2021-05-23 09:55:12.082438+05:45	307	\N
307	\N	Male				\N		t	2021-05-23 09:55:12.257525+05:45	2021-05-23 09:55:12.263153+05:45	308	\N
308	\N	Male				\N		t	2021-05-23 09:55:12.437425+05:45	2021-05-23 09:55:12.459181+05:45	309	\N
\.


--
-- Data for Name: tbl_Holiday; Type: TABLE DATA; Schema: public; Owner: gci_mis2
--

COPY public."tbl_Holiday" (id, title, from_date, to_date, image, details, created_at, updated_at) FROM stdin;
\.


--
-- Data for Name: tbl_Optionalsubject; Type: TABLE DATA; Schema: public; Owner: gci_mis2
--

COPY public."tbl_Optionalsubject" (id, subject_name, subject_code, created_at, updated_at, course_id, semester_id, staff_user_id) FROM stdin;
\.


--
-- Data for Name: tbl_Parent; Type: TABLE DATA; Schema: public; Owner: gci_mis2
--

COPY public."tbl_Parent" (id, home_phone, father_name, father_phone, mother_name, mother_phone, local_guardian_name, local_guardian_phone, mother_profession, father_profession, address, image, status, created_at, updated_at, parent_user_id) FROM stdin;
54	('',)	('',)	('',)	('',)	('',)	('',)		\N	\N	\N		t	2021-05-23 09:54:06.955553+05:45	2021-05-23 09:54:06.964115+05:45	109
29	('',)	('',)	('',)	('',)	('',)	('',)		\N	\N	\N		t	2021-05-23 09:53:26.605848+05:45	2021-05-23 09:53:26.614883+05:45	59
2	('',)	('',)	('',)	('',)	('',)	('',)		\N	\N	\N		t	2021-05-23 09:53:16.461687+05:45	2021-05-23 09:53:16.471063+05:45	5
3	('',)	('',)	('',)	('',)	('',)	('',)		\N	\N	\N		t	2021-05-23 09:53:16.876504+05:45	2021-05-23 09:53:16.886419+05:45	7
45	('',)	('',)	('',)	('',)	('',)	('',)		\N	\N	\N		t	2021-05-23 09:54:03.671857+05:45	2021-05-23 09:54:03.6804+05:45	91
4	('',)	('',)	('',)	('',)	('',)	('',)		\N	\N	\N		t	2021-05-23 09:53:17.250894+05:45	2021-05-23 09:53:17.262814+05:45	9
30	('',)	('',)	('',)	('',)	('',)	('',)		\N	\N	\N		t	2021-05-23 09:53:26.960006+05:45	2021-05-23 09:53:26.96828+05:45	61
5	('',)	('',)	('',)	('',)	('',)	('',)		\N	\N	\N		t	2021-05-23 09:53:17.613489+05:45	2021-05-23 09:53:17.622197+05:45	11
6	('',)	('',)	('',)	('',)	('',)	('',)		\N	\N	\N		t	2021-05-23 09:53:17.973665+05:45	2021-05-23 09:53:17.98205+05:45	13
7	('',)	('',)	('',)	('',)	('',)	('',)		\N	\N	\N		t	2021-05-23 09:53:18.342373+05:45	2021-05-23 09:53:18.351885+05:45	15
31	('',)	('',)	('',)	('',)	('',)	('',)		\N	\N	\N		t	2021-05-23 09:53:27.336915+05:45	2021-05-23 09:53:27.345232+05:45	63
8	('',)	('',)	('',)	('',)	('',)	('',)		\N	\N	\N		t	2021-05-23 09:53:18.706809+05:45	2021-05-23 09:53:18.715955+05:45	17
9	('',)	('',)	('',)	('',)	('',)	('',)		\N	\N	\N		t	2021-05-23 09:53:19.072692+05:45	2021-05-23 09:53:19.085206+05:45	19
10	('',)	('',)	('',)	('',)	('',)	('',)		\N	\N	\N		t	2021-05-23 09:53:19.444512+05:45	2021-05-23 09:53:19.453612+05:45	21
32	('',)	('',)	('',)	('',)	('',)	('',)		\N	\N	\N		t	2021-05-23 09:53:27.694379+05:45	2021-05-23 09:53:27.703302+05:45	65
11	('',)	('',)	('',)	('',)	('',)	('',)		\N	\N	\N		t	2021-05-23 09:53:19.800603+05:45	2021-05-23 09:53:19.810056+05:45	23
12	('',)	('',)	('',)	('',)	('',)	('',)		\N	\N	\N		t	2021-05-23 09:53:20.187677+05:45	2021-05-23 09:53:20.196255+05:45	25
46	('',)	('',)	('',)	('',)	('',)	('',)		\N	\N	\N		t	2021-05-23 09:54:04.031413+05:45	2021-05-23 09:54:04.040321+05:45	93
13	('',)	('',)	('',)	('',)	('',)	('',)		\N	\N	\N		t	2021-05-23 09:53:20.548577+05:45	2021-05-23 09:53:20.558547+05:45	27
33	('',)	('',)	('',)	('',)	('',)	('',)		\N	\N	\N		t	2021-05-23 09:53:28.052915+05:45	2021-05-23 09:53:28.061293+05:45	67
14	('',)	('',)	('',)	('',)	('',)	('',)		\N	\N	\N		t	2021-05-23 09:53:20.914421+05:45	2021-05-23 09:53:20.923936+05:45	29
15	('',)	('',)	('',)	('',)	('',)	('',)		\N	\N	\N		t	2021-05-23 09:53:21.278754+05:45	2021-05-23 09:53:21.287502+05:45	31
16	('',)	('',)	('',)	('',)	('',)	('',)		\N	\N	\N		t	2021-05-23 09:53:21.637082+05:45	2021-05-23 09:53:21.645689+05:45	33
34	('',)	('',)	('',)	('',)	('',)	('',)		\N	\N	\N		t	2021-05-23 09:53:28.420537+05:45	2021-05-23 09:53:28.428992+05:45	69
17	('',)	('',)	('',)	('',)	('',)	('',)		\N	\N	\N		t	2021-05-23 09:53:21.994892+05:45	2021-05-23 09:53:22.003482+05:45	35
18	('',)	('',)	('',)	('',)	('',)	('',)		\N	\N	\N		t	2021-05-23 09:53:22.361637+05:45	2021-05-23 09:53:22.372214+05:45	37
19	('',)	('',)	('',)	('',)	('',)	('',)		\N	\N	\N		t	2021-05-23 09:53:22.732198+05:45	2021-05-23 09:53:22.741245+05:45	39
35	('',)	('',)	('',)	('',)	('',)	('',)		\N	\N	\N		t	2021-05-23 09:53:28.781961+05:45	2021-05-23 09:53:28.790888+05:45	71
20	('',)	('',)	('',)	('',)	('',)	('',)		\N	\N	\N		t	2021-05-23 09:53:23.100835+05:45	2021-05-23 09:53:23.112456+05:45	41
21	('',)	('',)	('',)	('',)	('',)	('',)		\N	\N	\N		t	2021-05-23 09:53:23.515574+05:45	2021-05-23 09:53:23.524484+05:45	43
47	('',)	('',)	('',)	('',)	('',)	('',)		\N	\N	\N		t	2021-05-23 09:54:04.412562+05:45	2021-05-23 09:54:04.420628+05:45	95
22	('',)	('',)	('',)	('',)	('',)	('',)		\N	\N	\N		t	2021-05-23 09:53:23.879865+05:45	2021-05-23 09:53:23.888662+05:45	45
36	('',)	('',)	('',)	('',)	('',)	('',)		\N	\N	\N		t	2021-05-23 09:53:29.13866+05:45	2021-05-23 09:53:29.147129+05:45	73
23	('',)	('',)	('',)	('',)	('',)	('',)		\N	\N	\N		t	2021-05-23 09:53:24.284968+05:45	2021-05-23 09:53:24.294044+05:45	47
24	('',)	('',)	('',)	('',)	('',)	('',)		\N	\N	\N		t	2021-05-23 09:53:24.644736+05:45	2021-05-23 09:53:24.653512+05:45	49
25	('',)	('',)	('',)	('',)	('',)	('',)		\N	\N	\N		t	2021-05-23 09:53:25.027434+05:45	2021-05-23 09:53:25.03611+05:45	51
37	('',)	('',)	('',)	('',)	('',)	('',)		\N	\N	\N		t	2021-05-23 09:53:29.500824+05:45	2021-05-23 09:53:29.509003+05:45	75
26	('',)	('',)	('',)	('',)	('',)	('',)		\N	\N	\N		t	2021-05-23 09:53:25.429066+05:45	2021-05-23 09:53:25.438333+05:45	53
27	('',)	('',)	('',)	('',)	('',)	('',)		\N	\N	\N		t	2021-05-23 09:53:25.788821+05:45	2021-05-23 09:53:25.797181+05:45	55
55	('',)	('',)	('',)	('',)	('',)	('',)		\N	\N	\N		t	2021-05-23 09:54:07.31387+05:45	2021-05-23 09:54:07.325312+05:45	111
28	('',)	('',)	('',)	('',)	('',)	('',)		\N	\N	\N		t	2021-05-23 09:53:26.230425+05:45	2021-05-23 09:53:26.246674+05:45	57
38	('',)	('',)	('',)	('',)	('',)	('',)		\N	\N	\N		t	2021-05-23 09:54:01.110222+05:45	2021-05-23 09:54:01.119878+05:45	77
48	('',)	('',)	('',)	('',)	('',)	('',)		\N	\N	\N		t	2021-05-23 09:54:04.767366+05:45	2021-05-23 09:54:04.77536+05:45	97
39	('',)	('',)	('',)	('',)	('',)	('',)		\N	\N	\N		t	2021-05-23 09:54:01.485019+05:45	2021-05-23 09:54:01.494257+05:45	79
40	('',)	('',)	('',)	('',)	('',)	('',)		\N	\N	\N		t	2021-05-23 09:54:01.864059+05:45	2021-05-23 09:54:01.872969+05:45	81
41	('',)	('',)	('',)	('',)	('',)	('',)		\N	\N	\N		t	2021-05-23 09:54:02.226879+05:45	2021-05-23 09:54:02.240472+05:45	83
49	('',)	('',)	('',)	('',)	('',)	('',)		\N	\N	\N		t	2021-05-23 09:54:05.12325+05:45	2021-05-23 09:54:05.13165+05:45	99
42	('',)	('',)	('',)	('',)	('',)	('',)		\N	\N	\N		t	2021-05-23 09:54:02.58825+05:45	2021-05-23 09:54:02.597067+05:45	85
43	('',)	('',)	('',)	('',)	('',)	('',)		\N	\N	\N		t	2021-05-23 09:54:02.945988+05:45	2021-05-23 09:54:02.954643+05:45	87
44	('',)	('',)	('',)	('',)	('',)	('',)		\N	\N	\N		t	2021-05-23 09:54:03.310315+05:45	2021-05-23 09:54:03.318748+05:45	89
50	('',)	('',)	('',)	('',)	('',)	('',)		\N	\N	\N		t	2021-05-23 09:54:05.519416+05:45	2021-05-23 09:54:05.527564+05:45	101
56	('',)	('',)	('',)	('',)	('',)	('',)		\N	\N	\N		t	2021-05-23 09:54:07.677856+05:45	2021-05-23 09:54:07.686614+05:45	113
51	('',)	('',)	('',)	('',)	('',)	('',)		\N	\N	\N		t	2021-05-23 09:54:05.87935+05:45	2021-05-23 09:54:05.887683+05:45	103
52	('',)	('',)	('',)	('',)	('',)	('',)		\N	\N	\N		t	2021-05-23 09:54:06.242528+05:45	2021-05-23 09:54:06.252996+05:45	105
60	('',)	('',)	('',)	('',)	('',)	('',)		\N	\N	\N		t	2021-05-23 09:54:09.158261+05:45	2021-05-23 09:54:09.166594+05:45	121
53	('',)	('',)	('',)	('',)	('',)	('',)		\N	\N	\N		t	2021-05-23 09:54:06.599954+05:45	2021-05-23 09:54:06.608515+05:45	107
57	('',)	('',)	('',)	('',)	('',)	('',)		\N	\N	\N		t	2021-05-23 09:54:08.03854+05:45	2021-05-23 09:54:08.046659+05:45	115
64	('',)	('',)	('',)	('',)	('',)	('',)		\N	\N	\N		t	2021-05-23 09:54:10.652661+05:45	2021-05-23 09:54:10.660771+05:45	129
58	('',)	('',)	('',)	('',)	('',)	('',)		\N	\N	\N		t	2021-05-23 09:54:08.420205+05:45	2021-05-23 09:54:08.428968+05:45	117
61	('',)	('',)	('',)	('',)	('',)	('',)		\N	\N	\N		t	2021-05-23 09:54:09.560899+05:45	2021-05-23 09:54:09.57086+05:45	123
59	('',)	('',)	('',)	('',)	('',)	('',)		\N	\N	\N		t	2021-05-23 09:54:08.784389+05:45	2021-05-23 09:54:08.792793+05:45	119
63	('',)	('',)	('',)	('',)	('',)	('',)		\N	\N	\N		t	2021-05-23 09:54:10.296563+05:45	2021-05-23 09:54:10.305238+05:45	127
62	('',)	('',)	('',)	('',)	('',)	('',)		\N	\N	\N		t	2021-05-23 09:54:09.931098+05:45	2021-05-23 09:54:09.940492+05:45	125
65	('',)	('',)	('',)	('',)	('',)	('',)		\N	\N	\N		t	2021-05-23 09:54:11.007031+05:45	2021-05-23 09:54:11.016566+05:45	131
66	('',)	('',)	('',)	('',)	('',)	('',)		\N	\N	\N		t	2021-05-23 09:54:11.369656+05:45	2021-05-23 09:54:11.378444+05:45	133
67	('',)	('',)	('',)	('',)	('',)	('',)		\N	\N	\N		t	2021-05-23 09:54:11.729558+05:45	2021-05-23 09:54:11.738116+05:45	135
68	('',)	('',)	('',)	('',)	('',)	('',)		\N	\N	\N		t	2021-05-23 09:54:12.09022+05:45	2021-05-23 09:54:12.102914+05:45	137
69	('',)	('',)	('',)	('',)	('',)	('',)		\N	\N	\N		t	2021-05-23 09:54:12.461228+05:45	2021-05-23 09:54:12.469355+05:45	139
70	('',)	('',)	('',)	('',)	('',)	('',)		\N	\N	\N		t	2021-05-23 09:54:12.816587+05:45	2021-05-23 09:54:12.826088+05:45	141
71	('',)	('',)	('',)	('',)	('',)	('',)		\N	\N	\N		t	2021-05-23 09:54:13.19636+05:45	2021-05-23 09:54:13.204889+05:45	143
72	('',)	('',)	('',)	('',)	('',)	('',)		\N	\N	\N		t	2021-05-23 09:54:13.557274+05:45	2021-05-23 09:54:13.565482+05:45	145
73	('',)	('',)	('',)	('',)	('',)	('',)		\N	\N	\N		t	2021-05-23 09:54:13.915995+05:45	2021-05-23 09:54:13.92478+05:45	147
114	('',)	('Akil Bdr Budha',)	('9851081429',)	('Chadani Pun',)	('9849053584',)	('',)		\N	\N	\N		t	2021-05-23 09:54:48.800637+05:45	2021-05-23 09:54:48.809439+05:45	230
74	('',)	('',)	('',)	('',)	('',)	('',)		\N	\N	\N		t	2021-05-23 09:54:14.335742+05:45	2021-05-23 09:54:14.345834+05:45	149
101	('',)	('Niraj Shrestha',)	('9851079823',)	('Inasa Shrestha',)	('9841317217',)	('',)		\N	\N	\N		t	2021-05-23 09:54:43.960185+05:45	2021-05-23 09:54:43.969557+05:45	204
75	('',)	('',)	('',)	('',)	('',)	('',)		\N	\N	\N		t	2021-05-23 09:54:14.701537+05:45	2021-05-23 09:54:14.710484+05:45	151
76	('',)	('',)	('',)	('',)	('',)	('',)		\N	\N	\N		t	2021-05-23 09:54:15.062945+05:45	2021-05-23 09:54:15.071323+05:45	153
77	('',)	('',)	('',)	('',)	('',)	('',)		\N	\N	\N		t	2021-05-23 09:54:15.433695+05:45	2021-05-23 09:54:15.442062+05:45	155
102	('',)	('Suman Kumar Bhattarai',)	('9801163570',)	('Jyotshna Bhattrai',)	('9841269643',)	('',)		\N	\N	\N		t	2021-05-23 09:54:44.343109+05:45	2021-05-23 09:54:44.357165+05:45	206
78	('',)	('',)	('',)	('',)	('',)	('',)		\N	\N	\N		t	2021-05-23 09:54:15.790612+05:45	2021-05-23 09:54:15.800512+05:45	157
79	('',)	('',)	('',)	('',)	('',)	('',)		\N	\N	\N		t	2021-05-23 09:54:16.195942+05:45	2021-05-23 09:54:16.205959+05:45	159
80	('',)	('',)	('',)	('',)	('',)	('',)		\N	\N	\N		t	2021-05-23 09:54:16.56003+05:45	2021-05-23 09:54:16.567862+05:45	161
103	('',)	('Anil Limbu',)	('',)	('Sharmila Liimbu',)	('',)	('',)		\N	\N	\N		t	2021-05-23 09:54:44.774335+05:45	2021-05-23 09:54:44.783459+05:45	208
81	('',)	('',)	('',)	('',)	('',)	('',)		\N	\N	\N		t	2021-05-23 09:54:16.918409+05:45	2021-05-23 09:54:16.926776+05:45	163
82	('',)	('',)	('',)	('',)	('',)	('',)		\N	\N	\N		t	2021-05-23 09:54:17.293675+05:45	2021-05-23 09:54:17.302153+05:45	165
115	('',)	('Ngima Dawa Sherpa',)	('9851049484',)	('Ngima Doma Sherpa',)	('14282408',)	('',)		\N	\N	\N		t	2021-05-23 09:54:49.15883+05:45	2021-05-23 09:54:49.169402+05:45	232
83	('',)	('',)	('',)	('',)	('',)	('',)		\N	\N	\N		t	2021-05-23 09:54:17.66522+05:45	2021-05-23 09:54:17.677564+05:45	167
104	('',)	('Piyush Raj Shrestha',)	('9851009160',)	('Ramina Shrestha',)	('9841582157',)	('',)		\N	\N	\N		t	2021-05-23 09:54:45.143649+05:45	2021-05-23 09:54:45.153759+05:45	210
84	('',)	('',)	('',)	('',)	('',)	('',)		\N	\N	\N		t	2021-05-23 09:54:18.034676+05:45	2021-05-23 09:54:18.04349+05:45	169
85	('',)	('',)	('',)	('',)	('',)	('',)		\N	\N	\N		t	2021-05-23 09:54:18.412621+05:45	2021-05-23 09:54:18.422821+05:45	171
86	('',)	('',)	('',)	('',)	('',)	('',)		\N	\N	\N		t	2021-05-23 09:54:18.770744+05:45	2021-05-23 09:54:18.780578+05:45	173
105	('',)	('Sameer Nakarmi',)	('9841225276',)	('Anita Nakarmi',)	('9840405857',)	('',)		\N	\N	\N		t	2021-05-23 09:54:45.522609+05:45	2021-05-23 09:54:45.531173+05:45	212
87	('',)	('',)	('',)	('',)	('',)	('',)		\N	\N	\N		t	2021-05-23 09:54:19.128632+05:45	2021-05-23 09:54:19.13703+05:45	175
88	('',)	('',)	('',)	('',)	('',)	('',)		\N	\N	\N		t	2021-05-23 09:54:19.496672+05:45	2021-05-23 09:54:19.504857+05:45	177
89	('',)	('',)	('',)	('',)	('',)	('',)		\N	\N	\N		t	2021-05-23 09:54:19.850806+05:45	2021-05-23 09:54:19.859614+05:45	179
106	('',)	('Krishna Chandra Sapkota',)	('9845296563',)	('Sajani Sapkota',)	('9845288725',)	('',)		\N	\N	\N		t	2021-05-23 09:54:45.885627+05:45	2021-05-23 09:54:45.894373+05:45	214
90	('',)	('',)	('',)	('',)	('',)	('',)		\N	\N	\N		t	2021-05-23 09:54:20.206822+05:45	2021-05-23 09:54:20.216036+05:45	181
91	('',)	('',)	('',)	('',)	('',)	('',)		\N	\N	\N		t	2021-05-23 09:54:20.582846+05:45	2021-05-23 09:54:20.59183+05:45	183
116	('',)	('Chiranjeebi Maharjan',)	('9841312031',)	('Krishna Maharjan',)	('9841312031',)	('',)		\N	\N	\N		t	2021-05-23 09:54:49.534836+05:45	2021-05-23 09:54:49.544561+05:45	234
92	('',)	('',)	('',)	('',)	('',)	('',)		\N	\N	\N		t	2021-05-23 09:54:20.93889+05:45	2021-05-23 09:54:20.947771+05:45	185
107	('',)	('Netra Prasad Dhital',)	('',)	('Bijju Dhita',)	('9861598555',)	('',)		\N	\N	\N		t	2021-05-23 09:54:46.247682+05:45	2021-05-23 09:54:46.256691+05:45	216
93	('',)	('',)	('',)	('',)	('',)	('',)		\N	\N	\N		t	2021-05-23 09:54:21.332649+05:45	2021-05-23 09:54:21.343208+05:45	187
94	('',)	('',)	('',)	('',)	('',)	('',)		\N	\N	\N		t	2021-05-23 09:54:21.72175+05:45	2021-05-23 09:54:21.730525+05:45	189
95	('',)	('',)	('',)	('',)	('',)	('',)		\N	\N	\N		t	2021-05-23 09:54:22.076244+05:45	2021-05-23 09:54:22.08475+05:45	191
108	('',)	('Purushottam Agrawal',)	('9813368208',)	('Meenu Agrawal',)	('',)	('',)		\N	\N	\N		t	2021-05-23 09:54:46.626729+05:45	2021-05-23 09:54:46.635502+05:45	218
96	('',)	('',)	('',)	('',)	('',)	('',)		\N	\N	\N		t	2021-05-23 09:54:22.446244+05:45	2021-05-23 09:54:22.456158+05:45	193
97	('',)	('',)	('',)	('',)	('',)	('',)		\N	\N	\N		t	2021-05-23 09:54:22.807631+05:45	2021-05-23 09:54:22.816115+05:45	195
121	('',)	('Roshan Kumar Rana',)	('9841659865',)	('Sarita Rana',)	('9841061841',)	('',)		\N	\N	\N		t	2021-05-23 09:54:51.349789+05:45	2021-05-23 09:54:51.358651+05:45	244
98	('',)	('Prabin Pokharel',)	('9851225850',)	('Sabita Pokharel',)	('9851201881',)	('',)		\N	\N	\N		t	2021-05-23 09:54:42.877948+05:45	2021-05-23 09:54:42.888569+05:45	198
109	('',)	('Rajesh Adhikari',)	('',)	('Kiran Adhikari',)	('9823084954',)	('',)		\N	\N	\N		t	2021-05-23 09:54:46.984516+05:45	2021-05-23 09:54:46.993713+05:45	220
99	('',)	('Manoj Sah',)	('9812031275',)	('Nilam Sah',)	('9807866730',)	('',)		\N	\N	\N		t	2021-05-23 09:54:43.238193+05:45	2021-05-23 09:54:43.247084+05:45	200
100	('',)	('',)	('9851064730',)	('',)	('9841378376',)	('',)		\N	\N	\N		t	2021-05-23 09:54:43.598408+05:45	2021-05-23 09:54:43.608062+05:45	202
117	('',)	('Deepak Kharel',)	('9851095817',)	('Pushpa Kharel',)	('9841749365',)	('',)		\N	\N	\N		t	2021-05-23 09:54:49.899104+05:45	2021-05-23 09:54:49.907934+05:45	236
110	('',)	('Sunil Kumar Prasad',)	('',)	('Seema Kumari Prasad',)	('9803061879',)	('',)		\N	\N	\N		t	2021-05-23 09:54:47.343566+05:45	2021-05-23 09:54:47.35382+05:45	222
111	('',)	('Narayan Prasad Neupane',)	('9851242611',)	('Bishnu Neupane',)	('9844733516',)	('',)		\N	\N	\N		t	2021-05-23 09:54:47.703903+05:45	2021-05-23 09:54:47.712371+05:45	224
112	('',)	('Jaya Ram KC',)	('9843589068',)	('Maya Sharma',)	('9841238857',)	('',)		\N	\N	\N		t	2021-05-23 09:54:48.062498+05:45	2021-05-23 09:54:48.071553+05:45	226
118	('',)	('Pratap Tandon',)	('9858027400',)	('Sumi Tandon',)	('9841684911',)	('',)		\N	\N	\N		t	2021-05-23 09:54:50.254774+05:45	2021-05-23 09:54:50.266369+05:45	238
113	('',)	('Ram Kaji Shrestha',)	('9851091717',)	('Neelam Shrestha',)	('9849707870',)	('',)		\N	\N	\N		t	2021-05-23 09:54:48.43916+05:45	2021-05-23 09:54:48.449484+05:45	228
125	('',)	('Balaram Bhattarai',)	('9857035553',)	('Kalpana Bhattara',)	('9847125270',)	('',)		\N	\N	\N		t	2021-05-23 09:54:52.86232+05:45	2021-05-23 09:54:52.871205+05:45	252
122	('',)	('Bal Bahadur Gautam',)	('9861174985',)	('Khil Kumari Gautam',)	('9860959551',)	('',)		\N	\N	\N		t	2021-05-23 09:54:51.709894+05:45	2021-05-23 09:54:51.718641+05:45	246
119	('',)	('Surendra Gautam',)	('9851033275',)	('Reema Gautam',)	('9851033275',)	('',)		\N	\N	\N		t	2021-05-23 09:54:50.630085+05:45	2021-05-23 09:54:50.63926+05:45	240
120	('',)	('Raju Shrestha',)	('9851063119',)	('Supriya Shrestha',)	('9851175050',)	('',)		\N	\N	\N		t	2021-05-23 09:54:50.990501+05:45	2021-05-23 09:54:50.999786+05:45	242
124	('',)	('Parshuram Rai',)	('',)	('',)	('',)	('',)		\N	\N	\N		t	2021-05-23 09:54:52.440343+05:45	2021-05-23 09:54:52.449225+05:45	250
123	('',)	('Netra Bdr Magar',)	('9841139556',)	('Sarada Magar',)	('9841139556',)	('',)		\N	\N	\N		t	2021-05-23 09:54:52.065767+05:45	2021-05-23 09:54:52.074949+05:45	248
126	('',)	('Binod Shrestha',)	('9841923777',)	('Sabina Gurung',)	('9818936610',)	('',)		\N	\N	\N		t	2021-05-23 09:54:53.22776+05:45	2021-05-23 09:54:53.236634+05:45	254
127	('',)	('Tashi Sherpa',)	('',)	('Sonam Yangjen Lama',)	('',)	('',)		\N	\N	\N		t	2021-05-23 09:54:53.596442+05:45	2021-05-23 09:54:53.605734+05:45	256
128	('',)	('Saroj Gautam',)	('9842023865',)	('Kopila Dahal',)	('985254165',)	('',)		\N	\N	\N		t	2021-05-23 09:54:53.986267+05:45	2021-05-23 09:54:53.996075+05:45	258
129	('',)	('Jetcndra Budhathoki',)	('9842639699',)	('Devika Budhathoki',)	('985266205',)	('',)		\N	\N	\N		t	2021-05-23 09:54:54.362244+05:45	2021-05-23 09:54:54.370726+05:45	260
130	('',)	('Ganesh Sapkota',)	('9857045282',)	('Gyanu Gautam Sapkota',)	('',)	('',)		\N	\N	\N		t	2021-05-23 09:54:54.727455+05:45	2021-05-23 09:54:54.73712+05:45	262
131	('',)	('shreemat shretha',)	('9841282563',)	('anane shrestha',)	('9841062376',)	('',)		\N	\N	\N		t	2021-05-23 09:54:55.107843+05:45	2021-05-23 09:54:55.116435+05:45	264
132	('',)	('Digambar Jha',)	('9861528193',)	('Rekha Devi',)	('9825258515',)	('',)		\N	\N	\N		t	2021-05-23 09:54:55.477359+05:45	2021-05-23 09:54:55.486494+05:45	266
133	('',)	('Jattish Lal Rajbanshi',)	('9851054647',)	('Binita Rajbanshi',)	('9808121347',)	('',)		\N	\N	\N		t	2021-05-23 09:54:55.844036+05:45	2021-05-23 09:54:55.852904+05:45	268
155	('',)	('Sanjay Kumar Sah',)	('9851188484',)	('Nitu Sah',)	('9841740922',)	('',)		\N	\N	\N		t	2021-05-23 09:55:12.980369+05:45	2021-05-23 09:55:12.988348+05:45	312
134	('',)	('Bharat Parsad Devkota',)	('9848037120',)	('Amrita Sapkota',)	('9848276491',)	('',)		\N	\N	\N		t	2021-05-23 09:55:05.267459+05:45	2021-05-23 09:55:05.281668+05:45	270
135	('',)	('Bel Bahadur Thapa',)	('9861475758',)	('Rama Thapa',)	('9849922712',)	('',)		\N	\N	\N		t	2021-05-23 09:55:05.6815+05:45	2021-05-23 09:55:05.695287+05:45	272
136	('',)	('Raj Kumar Shrestha',)	('9823506607',)	('Manju Shrestha',)	('9849036931',)	('',)		\N	\N	\N		t	2021-05-23 09:55:06.045267+05:45	2021-05-23 09:55:06.054514+05:45	274
156	('',)	('Shyam Chandra Khatiwada',)	('9851120172',)	('Kalpana Khatiwada',)	('9841930074',)	('',)		\N	\N	\N		t	2021-05-23 09:55:13.343708+05:45	2021-05-23 09:55:13.35327+05:45	314
137	('',)	('Om Bahadur Jargha',)	('9851024413',)	('Pratima Jargha',)	('9818824086',)	('',)		\N	\N	\N		t	2021-05-23 09:55:06.410943+05:45	2021-05-23 09:55:06.419417+05:45	276
138	('',)	('Kumar Rajiva Singh',)	('9803002114',)	('Jyoti Kumari Singh',)	('9803930260',)	('',)		\N	\N	\N		t	2021-05-23 09:55:06.77923+05:45	2021-05-23 09:55:06.787506+05:45	278
1	('',)	('',)	('',)	('',)	('',)	('',)		\N	\N	\N		t	2021-05-23 09:53:16.078561+05:45	2021-05-23 09:57:48.655161+05:45	3
139	('',)	('Manikaji Gurung',)	('9851004806',)	('Kabita Gurung',)	('980680458',)	('',)		\N	\N	\N		t	2021-05-23 09:55:07.133484+05:45	2021-05-23 09:55:07.141524+05:45	280
140	('',)	('Bhavishwor Gaihre',)	('9841684042',)	('Kamala Gaihre',)	('9861589615',)	('',)		\N	\N	\N		t	2021-05-23 09:55:07.519912+05:45	2021-05-23 09:55:07.528692+05:45	282
141	('',)	('Balkrishna Chaulagain',)	('9841073895',)	('Sudha Chaulagain',)	('9849237554',)	('',)		\N	\N	\N		t	2021-05-23 09:55:07.884749+05:45	2021-05-23 09:55:07.894427+05:45	284
142	('',)	('Gagan Prajapati',)	('9841273828',)	('Indu Prajapati',)	('9841431619',)	('',)		\N	\N	\N		t	2021-05-23 09:55:08.249359+05:45	2021-05-23 09:55:08.258354+05:45	286
143	('',)	('Shankar Shah',)	('9851037994',)	('Sangita Devi Shah',)	('9851037994',)	('',)		\N	\N	\N		t	2021-05-23 09:55:08.624846+05:45	2021-05-23 09:55:08.633373+05:45	288
144	('',)	('Dolindra Prasad Sharma',)	('',)	('Kalpana Sharma',)	('',)	('',)		\N	\N	\N		t	2021-05-23 09:55:08.987762+05:45	2021-05-23 09:55:08.996451+05:45	290
145	('',)	('Tek Bahadur Budha',)	('',)	('Bindu Kumari Saud Budha',)	('9800657122',)	('',)		\N	\N	\N		t	2021-05-23 09:55:09.374632+05:45	2021-05-23 09:55:09.384861+05:45	292
146	('',)	('Nabindra Man Shrestha',)	('9851003652',)	('Shrijana Shrestha',)	('9841777092',)	('',)		\N	\N	\N		t	2021-05-23 09:55:09.729591+05:45	2021-05-23 09:55:09.737737+05:45	294
147	('',)	('Bhupendra Neupane',)	('',)	('Tara Neupane',)	('9841806208',)	('',)		\N	\N	\N		t	2021-05-23 09:55:10.084599+05:45	2021-05-23 09:55:10.093789+05:45	296
148	('',)	('Narayan Subedi',)	('9857830408',)	('Lalita Dahal',)	('9809722900',)	('',)		\N	\N	\N		t	2021-05-23 09:55:10.447744+05:45	2021-05-23 09:55:10.456065+05:45	298
149	('',)	('Krishna Prasad Bhatt',)	('9759501861',)	('Gita Badu Bhatt',)	('9851172967',)	('',)		\N	\N	\N		t	2021-05-23 09:55:10.800978+05:45	2021-05-23 09:55:10.809462+05:45	300
150	('',)	('Purna Lama',)	('9851185542',)	('Anita Lama',)	('9849386885',)	('',)		\N	\N	\N		t	2021-05-23 09:55:11.15624+05:45	2021-05-23 09:55:11.164702+05:45	302
151	('',)	('Ishwor Sunam',)	('01-4474460',)	('Ikccha Sunam',)	('',)	('',)		\N	\N	\N		t	2021-05-23 09:55:11.542195+05:45	2021-05-23 09:55:11.550994+05:45	304
152	('',)	('Kumar Tamang Ghising',)	('9852045343',)	('Rosey Shrestha',)	('9842081896',)	('',)		\N	\N	\N		t	2021-05-23 09:55:11.89658+05:45	2021-05-23 09:55:11.904943+05:45	306
153	('',)	('Rajendra Jung Thapa',)	('9841557892',)	('Kaman Thapa',)	('9869578604',)	('',)		\N	\N	\N		t	2021-05-23 09:55:12.254674+05:45	2021-05-23 09:55:12.266886+05:45	308
154	('',)	('Prabin Kumar Nepal',)	('9851035781',)	('Sudipa Dhungana',)	('9841207006',)	('',)		\N	\N	\N		t	2021-05-23 09:55:12.627627+05:45	2021-05-23 09:55:12.636365+05:45	310
\.


--
-- Data for Name: tbl_Section; Type: TABLE DATA; Schema: public; Owner: gci_mis2
--

COPY public."tbl_Section" (id, section_name, capacity, category, description, created_at, updated_at, semester_id, staff_id) FROM stdin;
1	A	\N			2021-05-23 09:43:24.740172+05:45	2021-05-23 09:43:24.740192+05:45	1	\N
2	A	\N			2021-05-23 09:43:30.988977+05:45	2021-05-23 09:43:30.988997+05:45	2	\N
\.


--
-- Data for Name: tbl_Section_subject; Type: TABLE DATA; Schema: public; Owner: gci_mis2
--

COPY public."tbl_Section_subject" (id, section_id, subject_id) FROM stdin;
\.


--
-- Data for Name: tbl_Semester; Type: TABLE DATA; Schema: public; Owner: gci_mis2
--

COPY public."tbl_Semester" (id, name, semester_value, description, status) FROM stdin;
1	2019(AS)	1		t
2	2020(AL)	2		t
\.


--
-- Data for Name: tbl_Sessionyear; Type: TABLE DATA; Schema: public; Owner: gci_mis2
--

COPY public."tbl_Sessionyear" (id, session_start_year, session_end_year) FROM stdin;
\.


--
-- Data for Name: tbl_Settings; Type: TABLE DATA; Schema: public; Owner: gci_mis2
--

COPY public."tbl_Settings" (id, logo, site_title, phone_no, system_email, address, academic_year, footer, version) FROM stdin;
\.


--
-- Data for Name: tbl_Sociallink; Type: TABLE DATA; Schema: public; Owner: gci_mis2
--

COPY public."tbl_Sociallink" (id, role, facebook, twitter, linkedin, google_plus, created_at, updated_at, user_id) FROM stdin;
\.


--
-- Data for Name: tbl_Staff; Type: TABLE DATA; Schema: public; Owner: gci_mis2
--

COPY public."tbl_Staff" (id, dob, gender, religion, address, contact, join_date, created_at, updated_at, image, status, staff_user_id) FROM stdin;
1	1991-01-15	Male		Kathmandu	0000000000	2021-05-11	2021-05-23 09:54:41.599994+05:45	2021-05-23 10:17:15.822376+05:45		t	197
\.


--
-- Data for Name: tbl_Student; Type: TABLE DATA; Schema: public; Owner: gci_mis2
--

COPY public."tbl_Student" (id, join_year, stu_id, roll_no, full_name, gender, shift, course, faculty, program, status, contact, permanent_address, temporary_address, dob, blood_group, see_gpa, previous_school_name, image, barcode, qr_code, register_no, religion, remarks, extra_curricular_activities, state, country, created_at, updated_at, group_id, guardian_id, optional_subject_id, section_id, semester_id, session_year_id, student_user_id, subject_id, transport_id) FROM stdin;
2	2020	2174		\N	Female	Day	A-Level20NS ( A-Level20NS)	 Non-Science"	A-Level	Running	9808721506			2005-08-10					student_barcodes/Aayusha_Karki_7ef78iT.png		\N	\N	\N		\N	\N	2021-05-23 09:53:16.703947+05:45	2021-05-23 09:53:16.703962+05:45	\N	2	Acct001	2	2	\N	6	\N	\N
3	2020	2175		\N	Male	Day	A-Level20NS ( A-Level20NS)	 Non-Science"	A-Level	Running				2005-08-10					student_barcodes/Amogh_Guragai_IPXtlYM.png		\N	\N	\N		\N	\N	2021-05-23 09:53:17.067466+05:45	2021-05-23 09:53:17.067481+05:45	\N	3	Acct001	2	2	\N	8	\N	\N
4	2020	2240		\N	Male	Day	A-Level20NS ( A-Level20NS)	 Non-Science"	A-Level	Running				2005-10-06					student_barcodes/Ashish_Sherpa_bz0LwRD.png		\N	\N	\N		\N	\N	2021-05-23 09:53:17.441983+05:45	2021-05-23 09:53:17.441998+05:45	\N	4	Acct001	2	2	\N	10	\N	\N
5	2020	2177		\N	Male	Day	A-Level20NS ( A-Level20NS)	 Non-Science"	A-Level	Running				2005-08-10					student_barcodes/Avyash_Kurumbang_Limbhu_1o5buaU.png		\N	\N	\N		\N	\N	2021-05-23 09:53:17.799209+05:45	2021-05-23 09:53:17.799224+05:45	\N	5	Acct001	2	2	\N	12	\N	\N
6	2020	2178		\N	Male	Day	A-Level20NS ( A-Level20NS)	 Non-Science"	A-Level	Running				2005-08-10					student_barcodes/Barish_Rai_cIgcZJu.png		\N	\N	\N		\N	\N	2021-05-23 09:53:18.167382+05:45	2021-05-23 09:53:18.167398+05:45	\N	6	Acct001	2	2	\N	14	\N	\N
7	2020	2179		\N	Female	Day	A-Level20NS ( A-Level20NS)	 Non-Science"	A-Level	Running				2005-08-10					student_barcodes/Denisha_Basnet_aK2DH9f.png		\N	\N	\N		\N	\N	2021-05-23 09:53:18.535181+05:45	2021-05-23 09:53:18.535197+05:45	\N	7	Acct001	2	2	\N	16	\N	\N
8	2020	2249		\N	Male	Day	A-Level20NS ( A-Level20NS)	 Non-Science"	A-Level	Running				2005-10-06					student_barcodes/Gobind_Mukhiya_qKPdvqW.png		\N	\N	\N		\N	\N	2021-05-23 09:53:18.898223+05:45	2021-05-23 09:53:18.898243+05:45	\N	8	Acct001	2	2	\N	18	\N	\N
9	2020	2269		\N	Male	Day	A-Level20NS ( A-Level20NS)	 Non-Science"	A-Level	Running				2005-10-06					student_barcodes/Jackson_Shahi_Djytuf2.png		\N	\N	\N		\N	\N	2021-05-23 09:53:19.27268+05:45	2021-05-23 09:53:19.272695+05:45	\N	9	Acct001	2	2	\N	20	\N	\N
10	2020	2180		\N	Female	Day	A-Level20NS ( A-Level20NS)	 Non-Science"	A-Level	Running				2005-08-10					student_barcodes/Jaya_Gupta_k8ZfhMd.png		\N	\N	\N		\N	\N	2021-05-23 09:53:19.628846+05:45	2021-05-23 09:53:19.62886+05:45	\N	10	Acct001	2	2	\N	22	\N	\N
11	2020	2181		\N	Male	Day	A-Level20NS ( A-Level20NS)	 Non-Science"	A-Level	Running				2005-08-10					student_barcodes/Jwalandeep_Adhikari_KF89Zve.png		\N	\N	\N		\N	\N	2021-05-23 09:53:20.00562+05:45	2021-05-23 09:53:20.005635+05:45	\N	11	Acct001	2	2	\N	24	\N	\N
12	2020	2182		\N	Male	Day	A-Level20NS ( A-Level20NS)	 Non-Science"	A-Level	Running				2005-08-10					student_barcodes/Kaustuv_Shrestha_XBFF6kW.png		\N	\N	\N		\N	\N	2021-05-23 09:53:20.371754+05:45	2021-05-23 09:53:20.371767+05:45	\N	12	Acct001	2	2	\N	26	\N	\N
13	2020	2242		\N	Male	Day	A-Level20NS ( A-Level20NS)	 Non-Science"	A-Level	Running				2005-10-06					student_barcodes/Kishor_Singh_Bhandari_06xptpc.png		\N	\N	\N		\N	\N	2021-05-23 09:53:20.739616+05:45	2021-05-23 09:53:20.739633+05:45	\N	13	Acct001	2	2	\N	28	\N	\N
14	2020	2184		\N	Male	Day	A-Level20NS ( A-Level20NS)	 Non-Science"	A-Level	Running				2005-08-11					student_barcodes/Krishna_Nepal_OlP3wbZ.png		\N	\N	\N		\N	\N	2021-05-23 09:53:21.102159+05:45	2021-05-23 09:53:21.102174+05:45	\N	14	Acct001	2	2	\N	30	\N	\N
15	2020	2185		\N	Female	Day	A-Level20NS ( A-Level20NS)	 Non-Science"	A-Level	Running				2005-08-11					student_barcodes/Kriti_Chhetri_K5d8xKj.png		\N	\N	\N		\N	\N	2021-05-23 09:53:21.464323+05:45	2021-05-23 09:53:21.46434+05:45	\N	15	Busi001	2	2	\N	32	\N	\N
16	2020	2243		\N	Female	Day	A-Level20NS ( A-Level20NS)	 Non-Science"	A-Level	Running				2005-10-06					student_barcodes/Kritika_Khandelwal_Xo1bTJq.png		\N	\N	\N		\N	\N	2021-05-23 09:53:21.824416+05:45	2021-05-23 09:53:21.824431+05:45	\N	16	Comp001	2	2	\N	34	\N	\N
17	2020	2186		\N	Female	Day	A-Level20NS ( A-Level20NS)	 Non-Science"	A-Level	Running				2005-08-11					student_barcodes/Kritika_Singh_dM79Aec.png		\N	\N	\N		\N	\N	2021-05-23 09:53:22.190204+05:45	2021-05-23 09:53:22.190221+05:45	\N	17	Acct001	2	2	\N	36	\N	\N
18	2020	2187		\N	Male	Day	A-Level20NS ( A-Level20NS)	 Non-Science"	A-Level	Running				2005-08-11					student_barcodes/Manash_Raj_Sharma_r5fnRnG.png		\N	\N	\N		\N	\N	2021-05-23 09:53:22.556383+05:45	2021-05-23 09:53:22.556401+05:45	\N	18	Acct001	2	2	\N	38	\N	\N
19	2020	2188		\N	Male	Day	A-Level20NS ( A-Level20NS)	 Non-Science"	A-Level	Running				2005-08-11					student_barcodes/Manik_Sharma_Bhattarai_woPqRtg.png		\N	\N	\N		\N	\N	2021-05-23 09:53:22.921451+05:45	2021-05-23 09:53:22.921471+05:45	\N	19	Acct001	2	2	\N	40	\N	\N
20	2020	2245		\N	Female	Day	A-Level20NS ( A-Level20NS)	 Non-Science"	A-Level	Running				2005-10-06					student_barcodes/Manjari_Lohani_6ADGhgV.png		\N	\N	\N		\N	\N	2021-05-23 09:53:23.33253+05:45	2021-05-23 09:53:23.332545+05:45	\N	20	Acct001	2	2	\N	42	\N	\N
21	2020	2246		\N	Female	Day	A-Level20NS ( A-Level20NS)	 Non-Science"	A-Level	Running				2005-10-06					student_barcodes/Miksee_Rai_FmdLIpI.png		\N	\N	\N		\N	\N	2021-05-23 09:53:23.705123+05:45	2021-05-23 09:53:23.705138+05:45	\N	21	Acct001	2	2	\N	44	\N	\N
22	2020	2189		\N	Male	Day	A-Level20NS ( A-Level20NS)	 Non-Science"	A-Level	Running				2005-08-11					student_barcodes/Nigesh_Pun_nJ0oP0I.png		\N	\N	\N		\N	\N	2021-05-23 09:53:24.075519+05:45	2021-05-23 09:53:24.075542+05:45	\N	22	Busi001	2	2	\N	46	\N	\N
23	2020	2190		\N	Male	Day	A-Level20NS ( A-Level20NS)	 Non-Science"	A-Level	Running				2005-08-11					student_barcodes/Nishant_Bhandari_i2uurtq.png		\N	\N	\N		\N	\N	2021-05-23 09:53:24.474308+05:45	2021-05-23 09:53:24.474322+05:45	\N	23	Acct001	2	2	\N	48	\N	\N
24	2020	2191		\N	Male	Day	A-Level20NS ( A-Level20NS)	 Non-Science"	A-Level	Running				2005-08-11					student_barcodes/Paarth_Man_Singh_Basnyat_yXczFgK.png		\N	\N	\N		\N	\N	2021-05-23 09:53:24.830668+05:45	2021-05-23 09:53:24.830682+05:45	\N	24	Art001	2	2	\N	50	\N	\N
25	2020	2192		\N	Female	Day	A-Level20NS ( A-Level20NS)	 Non-Science"	A-Level	Running				2005-08-11					student_barcodes/Piya_Gurung_8nSIA1v.png		\N	\N	\N		\N	\N	2021-05-23 09:53:25.231731+05:45	2021-05-23 09:53:25.231756+05:45	\N	25	Busi001	2	2	\N	52	\N	\N
26	2020	2214		\N	Male	Day	A-Level20NS ( A-Level20NS)	 Non-Science"	A-Level	Running				2005-08-11					student_barcodes/Poshan_Gurung_4rCARD7.png		\N	\N	\N		\N	\N	2021-05-23 09:53:25.617011+05:45	2021-05-23 09:53:25.617027+05:45	\N	26	Busi001	2	2	\N	54	\N	\N
27	2020	2195		\N	Female	Day	A-Level20NS ( A-Level20NS)	 Non-Science"	A-Level	Running				2005-08-11					student_barcodes/Prasansha_Subba_PRCviEA.png		\N	\N	\N		\N	\N	2021-05-23 09:53:25.974144+05:45	2021-05-23 09:53:25.974157+05:45	\N	27	Acct001	2	2	\N	56	\N	\N
28	2020	2196		\N	Female	Day	A-Level20NS ( A-Level20NS)	 Non-Science"	A-Level	Running				2005-08-11					student_barcodes/Pritishma_Shah_yorxHKB.png		\N	\N	\N		\N	\N	2021-05-23 09:53:26.430875+05:45	2021-05-23 09:53:26.430891+05:45	\N	28	Acct001	2	2	\N	58	\N	\N
29	2020	2197		\N	Female	Day	A-Level20NS ( A-Level20NS)	 Non-Science"	A-Level	Running				2005-08-11					student_barcodes/Samishrika_Pariyar_DTyZr0o.png		\N	\N	\N		\N	\N	2021-05-23 09:53:26.790378+05:45	2021-05-23 09:53:26.790392+05:45	\N	29	Art001	2	2	\N	60	\N	\N
30	2020	2198		\N	Female	Day	A-Level20NS ( A-Level20NS)	 Non-Science"	A-Level	Running				2005-08-11					student_barcodes/Sarika_Koirala_cj7LRgj.png		\N	\N	\N		\N	\N	2021-05-23 09:53:27.144863+05:45	2021-05-23 09:53:27.144877+05:45	\N	30	Acct001	2	2	\N	62	\N	\N
31	2020	2229		\N	Male	Day	A-Level20NS ( A-Level20NS)	 Non-Science"	A-Level	Running				2005-08-11					student_barcodes/Sarthak_Thapa_jMUu0Kc.png		\N	\N	\N		\N	\N	2021-05-23 09:53:27.52048+05:45	2021-05-23 09:53:27.520494+05:45	\N	31	Art001	2	2	\N	64	\N	\N
32	2020	2199		\N	Female	Day	A-Level20NS ( A-Level20NS)	 Non-Science"	A-Level	Running				2005-08-11					student_barcodes/Shruti_Chhetri_zBvXrk6.png		\N	\N	\N		\N	\N	2021-05-23 09:53:27.879492+05:45	2021-05-23 09:53:27.879506+05:45	\N	32	Acct001	2	2	\N	66	\N	\N
33	2020	2275		\N	Female	Day	A-Level20NS ( A-Level20NS)	 Non-Science"	A-Level	Running				2005-10-16					student_barcodes/Smriti_K.C._uFnXyuz.png		\N	\N	\N		\N	\N	2021-05-23 09:53:28.24645+05:45	2021-05-23 09:53:28.246467+05:45	\N	33	Acct001	2	2	\N	68	\N	\N
1	2020	2271		\N	Male	Day	A-Level20NS ( A-Level20NS)	 Non-Science"	A-Level	Running				2005-10-16		\N	\N		student_barcodes/Aakash_Pal_MFhRmjm.png		\N	\N	\N		\N	\N	2021-05-23 09:53:16.286379+05:45	2021-05-23 10:19:39.685801+05:45	\N	1	Acct001	2	2	\N	4	\N	\N
34	2020	2200		\N	Male	Day	A-Level20NS ( A-Level20NS)	 Non-Science"	A-Level	Running				2005-08-11					student_barcodes/Sparsh_Roka_Magar_I7MLIk0.png		\N	\N	\N		\N	\N	2021-05-23 09:53:28.604323+05:45	2021-05-23 09:53:28.604336+05:45	\N	34	Acct001	2	2	\N	70	\N	\N
35	2020	2201		\N	Male	Day	A-Level20NS ( A-Level20NS)	 Non-Science"	A-Level	Running				2005-08-11					student_barcodes/Sulav_Shrestha_z1k5Wfs.png		\N	\N	\N		\N	\N	2021-05-23 09:53:28.968484+05:45	2021-05-23 09:53:28.968498+05:45	\N	35	Acct001	2	2	\N	72	\N	\N
36	2020	2202		\N	Female	Day	A-Level20NS ( A-Level20NS)	 Non-Science"	A-Level	Running				2005-08-11					student_barcodes/Vijita_Raut_HG4l9wg.png		\N	\N	\N		\N	\N	2021-05-23 09:53:29.328072+05:45	2021-05-23 09:53:29.328087+05:45	\N	36	Acct001	2	2	\N	74	\N	\N
37	2020	2203		\N	Female	Day	A-Level20NS ( A-Level20NS)	 Non-Science"	A-Level	Running				2005-08-11					student_barcodes/Yaju_Maharjhan_NvSQkLR.png		\N	\N	\N		\N	\N	2021-05-23 09:53:29.714271+05:45	2021-05-23 09:53:29.714287+05:45	\N	37	Acct001	2	2	\N	76	\N	\N
38	2020	2204		\N	Male	Day	A-Level20S ( A-Level20S)	 Science"	A-Level	Running				2005-08-11					student_barcodes/Aashutosh_Thakurati_UPQaXBq.png		\N	\N	\N		\N	\N	2021-05-23 09:54:01.308067+05:45	2021-05-23 09:54:01.308081+05:45	\N	38	Chem001	2	2	\N	78	\N	\N
39	2020	2276		\N	Male	Day	A-Level20S ( A-Level20S)	 Science"	A-Level	Running				2005-10-16					student_barcodes/Anmol_Khadka_3guYggf.png		\N	\N	\N		\N	\N	2021-05-23 09:54:01.688052+05:45	2021-05-23 09:54:01.688066+05:45	\N	39	Chem001	2	2	\N	80	\N	\N
40	2020	2205		\N	Female	Day	A-Level20S ( A-Level20S)	 Science"	A-Level	Running				2005-08-11					student_barcodes/Anne_Shrestha_VihKYRL.png		\N	\N	\N		\N	\N	2021-05-23 09:54:02.052857+05:45	2021-05-23 09:54:02.052875+05:45	\N	40	Bio001	2	2	\N	82	\N	\N
41	2020	2206		\N	Male	Day	A-Level20S ( A-Level20S)	 Science"	A-Level	Running				2005-08-11					student_barcodes/Ashweeni_Paudel_J87YI7z.png		\N	\N	\N		\N	\N	2021-05-23 09:54:02.417477+05:45	2021-05-23 09:54:02.417491+05:45	\N	41	Chem001	2	2	\N	84	\N	\N
42	2020	2248		\N	Female	Day	A-Level20S ( A-Level20S)	 Science"	A-Level	Running				2005-10-06					student_barcodes/Bidushi_Bajracharya_wAxT9pQ.png		\N	\N	\N		\N	\N	2021-05-23 09:54:02.773021+05:45	2021-05-23 09:54:02.773034+05:45	\N	42	Art001	2	2	\N	86	\N	\N
43	2020	2207		\N	Male	Day	A-Level20S ( A-Level20S)	 Science"	A-Level	Running				2005-08-11					student_barcodes/Chirag_Timilsina_EFbuTPN.png		\N	\N	\N		\N	\N	2021-05-23 09:54:03.131962+05:45	2021-05-23 09:54:03.131976+05:45	\N	43	Bio001	2	2	\N	88	\N	\N
44	2020	2268		\N	Male	Day	A-Level20S ( A-Level20S)	 Science"	A-Level	Running				2005-10-06					student_barcodes/Daniel_Sherchan_m5sVjEN.png		\N	\N	\N		\N	\N	2021-05-23 09:54:03.49501+05:45	2021-05-23 09:54:03.495025+05:45	\N	44	Bio001	2	2	\N	90	\N	\N
45	2020	2208		\N	Male	Day	A-Level20S ( A-Level20S)	 Science"	A-Level	Running				2005-08-11					student_barcodes/Enrique_Bikram_Shrestha_bBvVd9M.png		\N	\N	\N		\N	\N	2021-05-23 09:54:03.85798+05:45	2021-05-23 09:54:03.857994+05:45	\N	45	Bio001	2	2	\N	92	\N	\N
46	2020	2209		\N	Female	Day	A-Level20S ( A-Level20S)	 Science"	A-Level	Running				2005-08-11					student_barcodes/Harbisha_Gopali_YgexKmH.png		\N	\N	\N		\N	\N	2021-05-23 09:54:04.233965+05:45	2021-05-23 09:54:04.233983+05:45	\N	46	Bio001	2	2	\N	94	\N	\N
47	2020	2250		\N	Female	Day	A-Level20S ( A-Level20S)	 Science"	A-Level	Running				2005-10-06					student_barcodes/Jeenam_Bhattarai_QbP0u3u.png		\N	\N	\N		\N	\N	2021-05-23 09:54:04.596205+05:45	2021-05-23 09:54:04.596219+05:45	\N	47	Chem001	2	2	\N	96	\N	\N
48	2020	2241		\N	Female	Day	A-Level20S ( A-Level20S)	 Science"	A-Level	Running				2005-10-06					student_barcodes/Jeeya_Karki_go1NywA.png		\N	\N	\N		\N	\N	2021-05-23 09:54:04.952987+05:45	2021-05-23 09:54:04.953001+05:45	\N	48	Acct001	2	2	\N	98	\N	\N
49	2020	2251		\N	Male	Day	A-Level20S ( A-Level20S)	 Science"	A-Level	Running				2005-10-06					student_barcodes/Leenum_Uprety_cN3DWO9.png		\N	\N	\N		\N	\N	2021-05-23 09:54:05.31707+05:45	2021-05-23 09:54:05.317085+05:45	\N	49	Bio001	2	2	\N	100	\N	\N
50	2020	2272		\N	Female	Day	A-Level20S ( A-Level20S)	 Science"	A-Level	Running				2005-10-16					student_barcodes/Madhu_Kumari_Jayswal_xq8nWGk.png		\N	\N	\N		\N	\N	2021-05-23 09:54:05.707758+05:45	2021-05-23 09:54:05.707771+05:45	\N	50	Bio001	2	2	\N	102	\N	\N
51	2020	2210		\N	Female	Day	A-Level20S ( A-Level20S)	 Science"	A-Level	Running				2005-08-11					student_barcodes/Manasha_Koirala_wty23ka.png		\N	\N	\N		\N	\N	2021-05-23 09:54:06.067119+05:45	2021-05-23 09:54:06.067133+05:45	\N	51	Comp001	2	2	\N	104	\N	\N
52	2020	2211		\N	Male	Day	A-Level20S ( A-Level20S)	 Science"	A-Level	Running				2005-08-11					student_barcodes/Nawal_Rai_uF6m2kt.png		\N	\N	\N		\N	\N	2021-05-23 09:54:06.430561+05:45	2021-05-23 09:54:06.430575+05:45	\N	52	Chem001	2	2	\N	106	\N	\N
53	2020	2212		\N	Male	Day	A-Level20S ( A-Level20S)	 Science"	A-Level	Running				2005-08-11					student_barcodes/Nayam_Barun_NFRc551.png		\N	\N	\N		\N	\N	2021-05-23 09:54:06.783882+05:45	2021-05-23 09:54:06.783895+05:45	\N	53	Chem001	2	2	\N	108	\N	\N
54	2020	2252		\N	Male	Day	A-Level20S ( A-Level20S)	 Science"	A-Level	Running				2005-10-06					student_barcodes/Niraj_Pal_s9Si2wM.png		\N	\N	\N		\N	\N	2021-05-23 09:54:07.140126+05:45	2021-05-23 09:54:07.140139+05:45	\N	54	Chem001	2	2	\N	110	\N	\N
55	2020	2213		\N	Male	Day	A-Level20S ( A-Level20S)	 Science"	A-Level	Running				2005-08-11					student_barcodes/Nitesh_Gurung_Cf88fHs.png		\N	\N	\N		\N	\N	2021-05-23 09:54:07.50618+05:45	2021-05-23 09:54:07.506194+05:45	\N	55	Chem001	2	2	\N	112	\N	\N
56	2020	2273		\N	Female	Day	A-Level20S ( A-Level20S)	 Science"	A-Level	Running				2005-10-16					student_barcodes/Numa_Ghishing_l9W38t5.png		\N	\N	\N		\N	\N	2021-05-23 09:54:07.862258+05:45	2021-05-23 09:54:07.862271+05:45	\N	56	Bio001	2	2	\N	114	\N	\N
57	2020	2253		\N	Male	Day	A-Level20S ( A-Level20S)	 Science"	A-Level	Running				2005-10-06					student_barcodes/Parth_Chalise_FZHnOrv.png		\N	\N	\N		\N	\N	2021-05-23 09:54:08.246279+05:45	2021-05-23 09:54:08.246294+05:45	\N	57	Chem001	2	2	\N	116	\N	\N
58	2020	2254		\N	Male	Day	A-Level20S ( A-Level20S)	 Science"	A-Level	Running				2005-10-06					student_barcodes/Pawan_Khatiwada_XKAWARa.png		\N	\N	\N		\N	\N	2021-05-23 09:54:08.608952+05:45	2021-05-23 09:54:08.608966+05:45	\N	58	Chem001	2	2	\N	118	\N	\N
59	2020	2215		\N	Male	Day	A-Level20S ( A-Level20S)	 Science"	A-Level	Running				2005-08-11					student_barcodes/Prabesh_Parajuli_aOaY8FL.png		\N	\N	\N		\N	\N	2021-05-23 09:54:08.968856+05:45	2021-05-23 09:54:08.968869+05:45	\N	59	Chem001	2	2	\N	120	\N	\N
60	2020	2255		\N	Male	Day	A-Level20S ( A-Level20S)	 Science"	A-Level	Running				2005-10-06					student_barcodes/Pragik_K.C._VNfz78B.png		\N	\N	\N		\N	\N	2021-05-23 09:54:09.364621+05:45	2021-05-23 09:54:09.364634+05:45	\N	60	Comp001	2	2	\N	122	\N	\N
61	2020	2216		\N	Female	Day	A-Level20S ( A-Level20S)	 Science"	A-Level	Running				2005-08-11					student_barcodes/Prajita_Gurung_IE0WLff.png		\N	\N	\N		\N	\N	2021-05-23 09:54:09.757796+05:45	2021-05-23 09:54:09.757809+05:45	\N	61	Bio001	2	2	\N	124	\N	\N
62	2020	2193		\N	Male	Day	A-Level20S ( A-Level20S)	 Science"	A-Level	Running				2005-08-11					student_barcodes/Pramish_Bhattarai_yzJFoTz.png		\N	\N	\N		\N	\N	2021-05-23 09:54:10.122448+05:45	2021-05-23 09:54:10.122462+05:45	\N	62	Comp001	2	2	\N	126	\N	\N
63	2020	2217		\N	Male	Day	A-Level20S ( A-Level20S)	 Science"	A-Level	Running				2005-08-11					student_barcodes/Prasiddha_Dangol_IOJE6S4.png		\N	\N	\N		\N	\N	2021-05-23 09:54:10.482691+05:45	2021-05-23 09:54:10.482705+05:45	\N	63	Chem001	2	2	\N	128	\N	\N
64	2020	2256		\N	Female	Day	A-Level20S ( A-Level20S)	 Science"	A-Level	Running				2005-10-06					student_barcodes/Puja_Kumari_Khadka_CekXOXQ.png		\N	\N	\N		\N	\N	2021-05-23 09:54:10.835945+05:45	2021-05-23 09:54:10.83596+05:45	\N	64	Art001	2	2	\N	130	\N	\N
65	2020	2218		\N	Female	Day	A-Level20S ( A-Level20S)	 Science"	A-Level	Running				2005-08-11					student_barcodes/Rajina_Neupane_KodLLT2.png		\N	\N	\N		\N	\N	2021-05-23 09:54:11.191872+05:45	2021-05-23 09:54:11.191885+05:45	\N	65	Art001	2	2	\N	132	\N	\N
66	2020	2219		\N	Male	Day	A-Level20S ( A-Level20S)	 Science"	A-Level	Running				2005-08-11					student_barcodes/Rasik_Raj_Bista_66jXXnV.png		\N	\N	\N		\N	\N	2021-05-23 09:54:11.557568+05:45	2021-05-23 09:54:11.557585+05:45	\N	66	Bio001	2	2	\N	134	\N	\N
67	2020	2257		\N	Male	Day	A-Level20S ( A-Level20S)	 Science"	A-Level	Running				2005-10-06					student_barcodes/Raunak_Neupane_JC7eotM.png		\N	\N	\N		\N	\N	2021-05-23 09:54:11.914809+05:45	2021-05-23 09:54:11.914823+05:45	\N	67	Chem001	2	2	\N	136	\N	\N
68	2020	2274		\N	Male	Day	A-Level20S ( A-Level20S)	 Science"	A-Level	Running				2005-10-16					student_barcodes/Rikesh_Bakhunche_yBO1v4Y.png		\N	\N	\N		\N	\N	2021-05-23 09:54:12.287958+05:45	2021-05-23 09:54:12.287974+05:45	\N	68	Comp001	2	2	\N	138	\N	\N
69	2020	2220		\N	Male	Day	A-Level20S ( A-Level20S)	 Science"	A-Level	Running				2005-08-11					student_barcodes/Ritik_Kumar_Thakur_ZrdQayk.png		\N	\N	\N		\N	\N	2021-05-23 09:54:12.646362+05:45	2021-05-23 09:54:12.646376+05:45	\N	69	Chem001	2	2	\N	140	\N	\N
70	2020	2221		\N	Female	Day	A-Level20S ( A-Level20S)	 Science"	A-Level	Running				2005-08-11					student_barcodes/Riya_Shrestha_KtJQ03z.png		\N	\N	\N		\N	\N	2021-05-23 09:54:13.008597+05:45	2021-05-23 09:54:13.008611+05:45	\N	70	Bio001	2	2	\N	142	\N	\N
71	2020	2258		\N	Female	Day	A-Level20S ( A-Level20S)	 Science"	A-Level	Running				2005-10-06					student_barcodes/Roshani_Mahato_ffNHUzs.png		\N	\N	\N		\N	\N	2021-05-23 09:54:13.385271+05:45	2021-05-23 09:54:13.385285+05:45	\N	71	Chem001	2	2	\N	144	\N	\N
72	2020	2222		\N	Female	Day	A-Level20S ( A-Level20S)	 Science"	A-Level	Running				2005-08-11					student_barcodes/Roshni_Lama_2c2Mws5.png		\N	\N	\N		\N	\N	2021-05-23 09:54:13.742089+05:45	2021-05-23 09:54:13.742103+05:45	\N	72	Chem001	2	2	\N	146	\N	\N
73	2020	2259		\N	Male	Day	A-Level20S ( A-Level20S)	 Science"	A-Level	Running				2005-10-06					student_barcodes/Royal_Katuwal_uJWcxh7.png		\N	\N	\N		\N	\N	2021-05-23 09:54:14.112014+05:45	2021-05-23 09:54:14.112036+05:45	\N	73	Comp001	2	2	\N	148	\N	\N
74	2020	2260		\N	Male	Day	A-Level20S ( A-Level20S)	 Science"	A-Level	Running				2005-10-06					student_barcodes/Sabal_Nemkul_h6rodmx.png		\N	\N	\N		\N	\N	2021-05-23 09:54:14.528739+05:45	2021-05-23 09:54:14.528753+05:45	\N	74	Busi001	2	2	\N	150	\N	\N
75	2020	2261		\N	Male	Day	A-Level20S ( A-Level20S)	 Science"	A-Level	Running				2005-10-06					student_barcodes/Sabin_Raj_Pokharel_1q6jhQ0.png		\N	\N	\N		\N	\N	2021-05-23 09:54:14.88965+05:45	2021-05-23 09:54:14.889669+05:45	\N	75	Chem001	2	2	\N	152	\N	\N
76	2020	2223		\N	Male	Day	A-Level20S ( A-Level20S)	 Science"	A-Level	Running				2005-08-11					student_barcodes/Sadhan_Ghimire_A8zNIqM.png		\N	\N	\N		\N	\N	2021-05-23 09:54:15.263806+05:45	2021-05-23 09:54:15.26382+05:45	\N	76	Chem001	2	2	\N	154	\N	\N
77	2020	2277		\N	Male	Day	A-Level20S ( A-Level20S)	 Science"	A-Level	Running				2005-11-04					student_barcodes/Sailesh_Kumar_Tamang_L8Rs6FG.png		\N	\N	\N		\N	\N	2021-05-23 09:54:15.618311+05:45	2021-05-23 09:54:15.618324+05:45	\N	77	Chem001	2	2	\N	156	\N	\N
78	2020	2224		\N	Male	Day	A-Level20S ( A-Level20S)	 Science"	A-Level	Running				2005-08-11					student_barcodes/Sakar_Upreti_evmMB6w.png		\N	\N	\N		\N	\N	2021-05-23 09:54:16.008497+05:45	2021-05-23 09:54:16.008511+05:45	\N	78	Chem001	2	2	\N	158	\N	\N
79	2020	2262		\N	Female	Day	A-Level20S ( A-Level20S)	 Science"	A-Level	Running				2005-10-06					student_barcodes/Salina_Lama_OTqbuAT.png		\N	\N	\N		\N	\N	2021-05-23 09:54:16.390675+05:45	2021-05-23 09:54:16.390689+05:45	\N	79	Bio001	2	2	\N	160	\N	\N
80	2020	2225		\N	Male	Day	A-Level20S ( A-Level20S)	 Science"	A-Level	Running				2005-08-11					student_barcodes/Samyak_Dhar_Tuladhar_a5wBvAD.png		\N	\N	\N		\N	\N	2021-05-23 09:54:16.745461+05:45	2021-05-23 09:54:16.745477+05:45	\N	80	Chem001	2	2	\N	162	\N	\N
81	2020	2226		\N	Male	Day	A-Level20S ( A-Level20S)	 Science"	A-Level	Running				2005-08-11					student_barcodes/Samyam_Adhikari_IbMynW7.png		\N	\N	\N		\N	\N	2021-05-23 09:54:17.105988+05:45	2021-05-23 09:54:17.106003+05:45	\N	81	Art001	2	2	\N	164	\N	\N
82	2020	2227		\N	Male	Day	A-Level20S ( A-Level20S)	 Science"	A-Level	Running				2005-08-11					student_barcodes/Sangam_Shrestha_0QTavT8.png		\N	\N	\N		\N	\N	2021-05-23 09:54:17.483211+05:45	2021-05-23 09:54:17.483225+05:45	\N	82	Busi001	2	2	\N	166	\N	\N
83	2020	2228		\N	Male	Day	A-Level20S ( A-Level20S)	 Science"	A-Level	Running				2005-08-11					student_barcodes/Sarthak_Shrestha_cNh9nmA.png		\N	\N	\N		\N	\N	2021-05-23 09:54:17.863154+05:45	2021-05-23 09:54:17.863169+05:45	\N	83	Chem001	2	2	\N	168	\N	\N
84	2020	2230		\N	Male	Day	A-Level20S ( A-Level20S)	 Science"	A-Level	Running				2005-08-11					student_barcodes/Sayal_Rai_gHIKjxy.png		\N	\N	\N		\N	\N	2021-05-23 09:54:18.2231+05:45	2021-05-23 09:54:18.223114+05:45	\N	84	Bio001	2	2	\N	170	\N	\N
85	2020	2231		\N	Female	Day	A-Level20S ( A-Level20S)	 Science"	A-Level	Running				2005-08-11					student_barcodes/Sejal_Neupane_CpKNwvP.png		\N	\N	\N		\N	\N	2021-05-23 09:54:18.600234+05:45	2021-05-23 09:54:18.600248+05:45	\N	85	Bio001	2	2	\N	172	\N	\N
86	2020	2232		\N	Female	Day	A-Level20S ( A-Level20S)	 Science"	A-Level	Running				2005-08-11					student_barcodes/Shalu_Maharjhan_CBP4V19.png		\N	\N	\N		\N	\N	2021-05-23 09:54:18.956572+05:45	2021-05-23 09:54:18.956586+05:45	\N	86	Art001	2	2	\N	174	\N	\N
87	2020	2270		\N	Male	Day	A-Level20S ( A-Level20S)	 Science"	A-Level	Running				2005-10-06					student_barcodes/Sharmendra_Yadav_7ZWIgTm.png		\N	\N	\N		\N	\N	2021-05-23 09:54:19.32341+05:45	2021-05-23 09:54:19.323425+05:45	\N	87	Bio001	2	2	\N	176	\N	\N
88	2020	2263		\N	Male	Day	A-Level20S ( A-Level20S)	 Science"	A-Level	Running				2005-10-06					student_barcodes/Shashank_Rai_5DhUGGa.png		\N	\N	\N		\N	\N	2021-05-23 09:54:19.679818+05:45	2021-05-23 09:54:19.679832+05:45	\N	88	Bio001	2	2	\N	178	\N	\N
89	2020	2233		\N	Male	Day	A-Level20S ( A-Level20S)	 Science"	A-Level	Running				2005-08-11					student_barcodes/Shashwat_Shakya_GWWI7Qz.png		\N	\N	\N		\N	\N	2021-05-23 09:54:20.036878+05:45	2021-05-23 09:54:20.036893+05:45	\N	89	Chem001	2	2	\N	180	\N	\N
90	2020	2234		\N	Male	Day	A-Level20S ( A-Level20S)	 Science"	A-Level	Running				2005-08-11					student_barcodes/Shirish_Shrestha_9KCylK9.png		\N	\N	\N		\N	\N	2021-05-23 09:54:20.402253+05:45	2021-05-23 09:54:20.402267+05:45	\N	90	Chem001	2	2	\N	182	\N	\N
91	2020	2235		\N	Male	Day	A-Level20S ( A-Level20S)	 Science"	A-Level	Running				2005-08-11					student_barcodes/Shourav_Gurung_xN1OhH7.png		\N	\N	\N		\N	\N	2021-05-23 09:54:20.767958+05:45	2021-05-23 09:54:20.767973+05:45	\N	91	Acct001	2	2	\N	184	\N	\N
92	2020	2236		\N	Male	Day	A-Level20S ( A-Level20S)	 Science"	A-Level	Running				2005-08-11					student_barcodes/Shrivatsa_Narayan_Manadhar_cEPcIfo.png		\N	\N	\N		\N	\N	2021-05-23 09:54:21.127888+05:45	2021-05-23 09:54:21.127904+05:45	\N	92	Chem001	2	2	\N	186	\N	\N
93	2020	2264		\N	Male	Day	A-Level20S ( A-Level20S)	 Science"	A-Level	Running				2005-10-06					student_barcodes/Sujal_Rai_rjmdkBh.png		\N	\N	\N		\N	\N	2021-05-23 09:54:21.548995+05:45	2021-05-23 09:54:21.549011+05:45	\N	93	Comp001	2	2	\N	188	\N	\N
94	2020	2265		\N	Male	Day	A-Level20S ( A-Level20S)	 Science"	A-Level	Running				2005-10-06					student_barcodes/Suren_Karki_hStC7ge.png		\N	\N	\N		\N	\N	2021-05-23 09:54:21.905695+05:45	2021-05-23 09:54:21.905709+05:45	\N	94	Chem001	2	2	\N	190	\N	\N
95	2020	2237		\N	Male	Day	A-Level20S ( A-Level20S)	 Science"	A-Level	Running				2005-08-11					student_barcodes/Tenjin_Lhadon_Lama_8NxY8Wx.png		\N	\N	\N		\N	\N	2021-05-23 09:54:22.273438+05:45	2021-05-23 09:54:22.273452+05:45	\N	95	Bio001	2	2	\N	192	\N	\N
96	2020	2238		\N	Male	Day	A-Level20S ( A-Level20S)	 Science"	A-Level	Running				2005-08-11					student_barcodes/Yubesh_Oli_rK64Pim.png		\N	\N	\N		\N	\N	2021-05-23 09:54:22.636234+05:45	2021-05-23 09:54:22.636249+05:45	\N	96	Bio001	2	2	\N	194	\N	\N
97	2020	2267		\N	Male	Day	A-Level20S ( A-Level20S)	 Science"	A-Level	Running				2005-10-06					student_barcodes/Yubraj_Pandey_N4RZ6UQ.png		\N	\N	\N		\N	\N	2021-05-23 09:54:22.994382+05:45	2021-05-23 09:54:22.994395+05:45	\N	97	Chem001	2	2	\N	196	\N	\N
98	2019	49	NS19001	\N	Female	Day	A-Level19NS ( A-Level19NS)	 Non-Science"	A-Level	Running	9808840686	Bhaktapur District (Bhaktapur)	Bhaktapur District (Bhaktapur)	2003-05-04					student_barcodes/Akanshya_Pokharel_7IYFAqF.png		\N	\N	\N		\N	\N	2021-05-23 09:54:43.065064+05:45	2021-05-23 09:54:43.065078+05:45	\N	98	Econ001	1	1	\N	199	\N	\N
99	2019	33	NS19006	\N	Male	Day	A-Level19NS ( A-Level19NS)	 Non-Science"	A-Level	Running	9880844775	Bhaktapur District (Bhaktapur)	Bhaktapur District (Bhaktapur)	2003-04-21					student_barcodes/Amit_Sah_lUryz7D.png		\N	\N	\N		\N	\N	2021-05-23 09:54:43.426304+05:45	2021-05-23 09:54:43.426318+05:45	\N	99	Acct001	1	1	\N	201	\N	\N
100	2019	35	NS19007	\N	Female	Day	A-Level19NS ( A-Level19NS)	 Non-Science"	A-Level	Running	9803433560	Bhaktapur District (Bhaktapur)	Bhaktapur District (Bhaktapur)	2003-09-03					student_barcodes/Amshula_Sthapit_kSHqqpq.png		\N	\N	\N		\N	\N	2021-05-23 09:54:43.78534+05:45	2021-05-23 09:54:43.785359+05:45	\N	100	Acct001	1	1	\N	203	\N	\N
101	2019	14	NS19008	\N	Male	Day	A-Level19NS ( A-Level19NS)	 Non-Science"	A-Level	Running	9860864126	Bhaktapur District (Bhaktapur)	Bhaktapur District (Bhaktapur)	2004-08-02					student_barcodes/Aryan_Shrestha_EqBYPj5.png		\N	\N	\N		\N	\N	2021-05-23 09:54:44.148158+05:45	2021-05-23 09:54:44.14818+05:45	\N	101	Busi001	1	1	\N	205	\N	\N
102	2019	63	NS19010	\N	Male	Day	A-Level19NS ( A-Level19NS)	 Non-Science"	A-Level	Running	9803734692	Bhaktapur District (Bhaktapur)	Bhaktapur District (Bhaktapur)	2003-12-09					student_barcodes/Avanish_Bhattarai_N0WVR1F.png		\N	\N	\N		\N	\N	2021-05-23 09:54:44.574993+05:45	2021-05-23 09:54:44.575011+05:45	\N	102	Acct001	1	1	\N	207	\N	\N
103	2019	40	NS19012	\N	Male	Day	A-Level19NS ( A-Level19NS)	 Non-Science"	A-Level	Running	9825912132	Bhaktapur District (Bhaktapur)	Bhaktapur District (Bhaktapur)	2004-08-02					student_barcodes/Ayush_Limbu_LdMoJ1a.png		\N	\N	\N		\N	\N	2021-05-23 09:54:44.962557+05:45	2021-05-23 09:54:44.962575+05:45	\N	103	Busi001	1	1	\N	209	\N	\N
104	2019	30	NS19013	\N	Male	Day	A-Level19NS ( A-Level19NS)	 Non-Science"	A-Level	Running		Bhaktapur District (Bhaktapur)	Bhaktapur District (Bhaktapur)	2003-05-22					student_barcodes/Ayush_Raj_Shrestha_TQh1tO5.png		\N	\N	\N		\N	\N	2021-05-23 09:54:45.348786+05:45	2021-05-23 09:54:45.348806+05:45	\N	104	Busi001	1	1	\N	211	\N	\N
105	2019	46	NS19014	\N	Female	Day	A-Level19NS ( A-Level19NS)	 Non-Science"	A-Level	Running		Bhaktapur District (Bhaktapur)	Bhaktapur District (Bhaktapur)	2004-08-02					student_barcodes/Ayusha_Nakarmi_kMKZh8K.png		\N	\N	\N		\N	\N	2021-05-23 09:54:45.715095+05:45	2021-05-23 09:54:45.71511+05:45	\N	105	Acct001	1	1	\N	213	\N	\N
106	2019	52	NS19016	\N	Male	Day	A-Level19NS ( A-Level19NS)	 Non-Science"	A-Level	Running		Bhaktapur District (Bhaktapur)	Bhaktapur District (Bhaktapur)	2004-08-02					student_barcodes/Binayak_Sapkota_9i5tqWs.png		\N	\N	\N		\N	\N	2021-05-23 09:54:46.072992+05:45	2021-05-23 09:54:46.073007+05:45	\N	106	Comp001	1	1	\N	215	\N	\N
107	2019	43	NS19020	\N	Female	Day	A-Level19NS ( A-Level19NS)	 Non-Science"	A-Level	Running	14990696	Bhaktapur District (Bhaktapur)	Bhaktapur District (Bhaktapur)	2004-08-02					student_barcodes/Devika_Dhital_Bg3MguP.png		\N	\N	\N		\N	\N	2021-05-23 09:54:46.444167+05:45	2021-05-23 09:54:46.444186+05:45	\N	107	Acct001	1	1	\N	217	\N	\N
108	2019	61	NS19024	\N	Male	Day	A-Level19NS ( A-Level19NS)	 Non-Science"	A-Level	Running	9860556363	Bhaktapur District (Bhaktapur)	Bhaktapur District (Bhaktapur)	2004-08-02					student_barcodes/Hardik_Agrawal_h5zg1Kf.png		\N	\N	\N		\N	\N	2021-05-23 09:54:46.811558+05:45	2021-05-23 09:54:46.811571+05:45	\N	108	Acct001	1	1	\N	219	\N	\N
109	2019	60	NS19025	\N	Male	Day	A-Level19NS ( A-Level19NS)	 Non-Science"	A-Level	Running	9811854099	Bhaktapur District (Bhaktapur)	Bhaktapur District (Bhaktapur)	2003-01-11					student_barcodes/Himanshi_Adhikari_YLqIO1A.png		\N	\N	\N		\N	\N	2021-05-23 09:54:47.169223+05:45	2021-05-23 09:54:47.169237+05:45	\N	109	Acct001	1	1	\N	221	\N	\N
110	2019	31	NS19026	\N	Male	Day	A-Level19NS ( A-Level19NS)	 Non-Science"	A-Level	Running	9803438404	Bhaktapur District (Bhaktapur)	Bhaktapur District (Bhaktapur)	2002-05-01					student_barcodes/Janhavi_Prasad_y15PaIw.png		\N	\N	\N		\N	\N	2021-05-23 09:54:47.533812+05:45	2021-05-23 09:54:47.53383+05:45	\N	110	Lit001	1	1	\N	223	\N	\N
111	2019	59	NS19027	\N	Male	Day	A-Level19NS ( A-Level19NS)	 Non-Science"	A-Level	Running	9806941931	Bhaktapur District (Bhaktapur)	Bhaktapur District (Bhaktapur)	2002-12-20					student_barcodes/Kiran_Neupane_AWh93qq.png		\N	\N	\N		\N	\N	2021-05-23 09:54:47.89+05:45	2021-05-23 09:54:47.890014+05:45	\N	111	Acct001	1	1	\N	225	\N	\N
112	2019	58	NS19030	\N	Female	Day	A-Level19NS ( A-Level19NS)	 Non-Science"	A-Level	Running	9840016490	Bhaktapur District (Bhaktapur)	Bhaktapur District (Bhaktapur)	2003-05-17					student_barcodes/Monique_KC_IcPZFuL.png		\N	\N	\N		\N	\N	2021-05-23 09:54:48.249715+05:45	2021-05-23 09:54:48.249731+05:45	\N	112	Acct001	1	1	\N	227	\N	\N
113	2019	57	NS19031	\N	Male	Day	A-Level19NS ( A-Level19NS)	 Non-Science"	A-Level	Running		Bhaktapur District (Bhaktapur)	Bhaktapur District (Bhaktapur)	2004-08-02					student_barcodes/Nayan_Shrestha_zFKhslp.png		\N	\N	\N		\N	\N	2021-05-23 09:54:48.625362+05:45	2021-05-23 09:54:48.625378+05:45	\N	113	Busi001	1	1	\N	229	\N	\N
114	2019	32	NS19034	\N	Male	Day	A-Level19NS ( A-Level19NS)	 Non-Science"	A-Level	Running	9861600621	Bhaktapur District (Bhaktapur)	Bhaktapur District (Bhaktapur)	2004-08-02					student_barcodes/Nishan_Budha_HRqRcER.png		\N	\N	\N		\N	\N	2021-05-23 09:54:48.986361+05:45	2021-05-23 09:54:48.986383+05:45	\N	114	Acct001	1	1	\N	231	\N	\N
115	2019	56	NS19036	\N	Female	Day	A-Level19NS ( A-Level19NS)	 Non-Science"	A-Level	Running		Bhaktapur District (Bhaktapur)	Bhaktapur District (Bhaktapur)	2003-01-05					student_barcodes/Nyima_Choezom_Sherpa_ESfign1.png		\N	\N	\N		\N	\N	2021-05-23 09:54:49.362827+05:45	2021-05-23 09:54:49.362844+05:45	\N	115	Acct001	1	1	\N	233	\N	\N
116	2019	44	NS19037	\N	Male	Day	A-Level19NS ( A-Level19NS)	 Non-Science"	A-Level	Running	9843698775	Bhaktapur District (Bhaktapur)	Bhaktapur District (Bhaktapur)	2004-08-02					student_barcodes/Oscar_Maharjan_fytjuRu.png		\N	\N	\N		\N	\N	2021-05-23 09:54:49.728252+05:45	2021-05-23 09:54:49.728266+05:45	\N	116	Busi001	1	1	\N	235	\N	\N
117	2019	39	NS19039	\N	Male	Day	A-Level19NS ( A-Level19NS)	 Non-Science"	A-Level	Running		Bhaktapur District (Bhaktapur)	Bhaktapur District (Bhaktapur)	2004-02-16					student_barcodes/Prajesh_Kharel_MrBjOkm.png		\N	\N	\N		\N	\N	2021-05-23 09:54:50.084432+05:45	2021-05-23 09:54:50.084446+05:45	\N	117	Busi001	1	1	\N	237	\N	\N
118	2019	64	NS19040	\N	Female	Day	A-Level19NS ( A-Level19NS)	 Non-Science"	A-Level	Running	9862701991	Bhaktapur District (Bhaktapur)	Bhaktapur District (Bhaktapur)	2004-08-02					student_barcodes/Pramisha_Tandan_Chhetri_GK8v4A0.png		\N	\N	\N		\N	\N	2021-05-23 09:54:50.459834+05:45	2021-05-23 09:54:50.459847+05:45	\N	118	Acct001	1	1	\N	239	\N	\N
119	2019	36	NS19045	\N	Female	Day	A-Level19NS ( A-Level19NS)	 Non-Science"	A-Level	Running		Bhaktapur District (Bhaktapur)	Bhaktapur District (Bhaktapur)	2003-06-28					student_barcodes/Reeya_Gautam_F7moDzy.png		\N	\N	\N		\N	\N	2021-05-23 09:54:50.820363+05:45	2021-05-23 09:54:50.820377+05:45	\N	119	Busi001	1	1	\N	241	\N	\N
120	2019	55	NS19047	\N	Male	Day	A-Level19NS ( A-Level19NS)	 Non-Science"	A-Level	Running	9843815722	Bhaktapur District (Bhaktapur)	Bhaktapur District (Bhaktapur)	2003-10-26					student_barcodes/Ritesh_Shrestha_amRqVEw.png		\N	\N	\N		\N	\N	2021-05-23 09:54:51.175642+05:45	2021-05-23 09:54:51.175656+05:45	\N	120	Busi001	1	1	\N	243	\N	\N
121	2019	37	NS19049	\N	Female	Day	A-Level19NS ( A-Level19NS)	 Non-Science"	A-Level	Running	9841659865	Bhaktapur District (Bhaktapur)	Bhaktapur District (Bhaktapur)	2003-10-29					student_barcodes/Roshiya_Rana_4axYIYq.png		\N	\N	\N		\N	\N	2021-05-23 09:54:51.535176+05:45	2021-05-23 09:54:51.535192+05:45	\N	121	Acct001	1	1	\N	245	\N	\N
122	2019	50	NS19050	\N	Female	Day	A-Level19NS ( A-Level19NS)	 Non-Science"	A-Level	Running	9860959551	Bhaktapur District (Bhaktapur)	Bhaktapur District (Bhaktapur)	2004-08-02					student_barcodes/Sabina_Gautam_0oT6nJi.png		\N	\N	\N		\N	\N	2021-05-23 09:54:51.895032+05:45	2021-05-23 09:54:51.895046+05:45	\N	122	Acct001	1	1	\N	247	\N	\N
123	2019	34	NS19051	\N	Female	Day	A-Level19NS ( A-Level19NS)	 Non-Science"	A-Level	Running	9813169973	Bhaktapur District (Bhaktapur)	Bhaktapur District (Bhaktapur)	2002-11-14					student_barcodes/Sabina_Magar_k4TSGUa.png		\N	\N	\N		\N	\N	2021-05-23 09:54:52.256945+05:45	2021-05-23 09:54:52.256984+05:45	\N	123	Acct001	1	1	\N	249	\N	\N
124	2019	48	NS19052	\N	Female	Day	A-Level19NS ( A-Level19NS)	 Non-Science"	A-Level	Running	9816906330	Bhaktapur District (Bhaktapur)	Bhaktapur District (Bhaktapur)	2003-06-08					student_barcodes/Sabina_Rai_EmxVhok.png		\N	\N	\N		\N	\N	2021-05-23 09:54:52.624732+05:45	2021-05-23 09:54:52.624747+05:45	\N	124	Acct001	1	1	\N	251	\N	\N
125	2019	1	NS19053	\N	Male	Day	A-Level19NS ( A-Level19NS)	 Non-Science"	A-Level	Running		Bhaktapur District (Bhaktapur)	Bhaktapur District (Bhaktapur)	2003-06-11		3	Brihaspati Vidyasadan		student_barcodes/Safal_Bhattarai_6Z5g4S8.png		\N	\N	\N		\N	\N	2021-05-23 09:54:53.052797+05:45	2021-05-23 09:54:53.052812+05:45	\N	125	Acct001	1	1	\N	253	\N	\N
126	2019	47	NS19056	\N	Female	Day	A-Level19NS ( A-Level19NS)	 Non-Science"	A-Level	Running		Bhaktapur District (Bhaktapur)	Bhaktapur District (Bhaktapur)	2004-08-02					student_barcodes/Samriddhi_Shrestha_c8I4K8K.png		\N	\N	\N		\N	\N	2021-05-23 09:54:53.420552+05:45	2021-05-23 09:54:53.420568+05:45	\N	126	Lit001	1	1	\N	255	\N	\N
127	2019	38	NS19057	\N	Female	Day	A-Level19NS ( A-Level19NS)	 Non-Science"	A-Level	Running	9818088337	Bhaktapur District (Bhaktapur)	Bhaktapur District (Bhaktapur)	2004-08-02					student_barcodes/Sangay_Khandu_Sherpa_gOBL81c.png		\N	\N	\N		\N	\N	2021-05-23 09:54:53.80325+05:45	2021-05-23 09:54:53.803273+05:45	\N	127	Acct001	1	1	\N	257	\N	\N
128	2019	42	NS19058	\N	Female	Day	A-Level19NS ( A-Level19NS)	 Non-Science"	A-Level	Running		Bhaktapur District (Bhaktapur)	Bhaktapur District (Bhaktapur)	2004-08-02					student_barcodes/Saswat_Gautam_khD6M93.png		\N	\N	\N		\N	\N	2021-05-23 09:54:54.181107+05:45	2021-05-23 09:54:54.181121+05:45	\N	128	Acct001	1	1	\N	259	\N	\N
129	2019	53	NS19059	\N	Female	Day	A-Level19NS ( A-Level19NS)	 Non-Science"	A-Level	Running	9815009230	Bhaktapur District (Bhaktapur)	Bhaktapur District (Bhaktapur)	2004-08-02					student_barcodes/Shreya_Budhathoki_xWBHavx.png		\N	\N	\N		\N	\N	2021-05-23 09:54:54.549247+05:45	2021-05-23 09:54:54.549261+05:45	\N	129	Acct001	1	1	\N	261	\N	\N
130	2019	41	NS19062	\N	Male	Day	A-Level19NS ( A-Level19NS)	 Non-Science"	A-Level	Running	14312020	Bhaktapur District (Bhaktapur)	Bhaktapur District (Bhaktapur)	2004-08-02					student_barcodes/Sonim_Sapkota_5tLr7kN.png		\N	\N	\N		\N	\N	2021-05-23 09:54:54.936873+05:45	2021-05-23 09:54:54.936889+05:45	\N	130	Acct001	1	1	\N	263	\N	\N
131	2019	66	NS19063	\N	Male	Day	A-Level19NS ( A-Level19NS)	 Non-Science"	A-Level	Running	9841686990	Bhaktapur District (Bhaktapur)	Bhaktapur District (Bhaktapur)	2004-11-03					student_barcodes/Sugat_Shrestha_QY2YPb7.png		\N	\N	\N		\N	\N	2021-05-23 09:54:55.305879+05:45	2021-05-23 09:54:55.305899+05:45	\N	131	Busi001	1	1	\N	265	\N	\N
132	2019	54	NS19064	\N	Male	Day	A-Level19NS ( A-Level19NS)	 Non-Science"	A-Level	Running	9861756205	Bhaktapur District (Bhaktapur)	Bhaktapur District (Bhaktapur)	2003-10-27					student_barcodes/Sumit_Kumar_Jha_7rDsVM7.png		\N	\N	\N		\N	\N	2021-05-23 09:54:55.663835+05:45	2021-05-23 09:54:55.663851+05:45	\N	132	Acct001	1	1	\N	267	\N	\N
133	2019	51	NS19065	\N	Female	Day	A-Level19NS ( A-Level19NS)	 Non-Science"	A-Level	Running		Bhaktapur District (Bhaktapur)	Bhaktapur District (Bhaktapur)	2004-08-02					student_barcodes/Suprina_Rajbanshi_StGYrek.png		\N	\N	\N		\N	\N	2021-05-23 09:54:56.028421+05:45	2021-05-23 09:54:56.028436+05:45	\N	133	Acct001	1	1	\N	269	\N	\N
134	2019	18	S19002	\N	Male	Day	A-Level19S ( A-Level19S)	 Science"	A-Level	Running	9864880116	Doti District (Dipayal)	Bardiya District (Gulariya)	2004-08-02					student_barcodes/Abhi_love_Devkota_Ro8Zcol.png		\N	\N	\N		\N	\N	2021-05-23 09:55:05.507393+05:45	2021-05-23 09:55:05.507407+05:45	\N	134	Bio001	1	1	\N	271	\N	\N
135	2019	11	S19003	\N	Male	Day	A-Level19S ( A-Level19S)	 Science"	A-Level	Running	9849057374	Bhaktapur District (Bhaktapur)	Bhaktapur District (Bhaktapur)	2004-08-02					student_barcodes/Abinash_Thapa_6tk8LjP.png		\N	\N	\N		\N	\N	2021-05-23 09:55:05.872135+05:45	2021-05-23 09:55:05.87215+05:45	\N	135	Bio001	1	1	\N	273	\N	\N
136	2019	45	S19004	\N	Female	Day	A-Level19S ( A-Level19S)	 Science"	A-Level	Running	9803269846	Bhaktapur District (Bhaktapur)	Bhaktapur District (Bhaktapur)	2006-03-14					student_barcodes/Agrima_Shrestha_RJQIXft.png		\N	\N	\N		\N	\N	2021-05-23 09:55:06.233105+05:45	2021-05-23 09:55:06.23312+05:45	\N	136	Chem001	1	1	\N	275	\N	\N
137	2019	29	S19005	\N	Female	Day	A-Level19S ( A-Level19S)	 Science"	A-Level	Running	9818824086	Bhaktapur District (Bhaktapur)	Bhaktapur District (Bhaktapur)	2004-02-10					student_barcodes/Alina_Jargha_fWOc2nH.png		\N	\N	\N		\N	\N	2021-05-23 09:55:06.606733+05:45	2021-05-23 09:55:06.606748+05:45	\N	137	Bio001	1	1	\N	277	\N	\N
138	2019	4	S19009	\N	Male	Day	A-Level19S ( A-Level19S)	 Science"	A-Level	Running	9813407250	Bhaktapur District (Bhaktapur)	Bhaktapur District (Bhaktapur)	2004-08-02					student_barcodes/Aryan_Singh_j8SM7GV.png		\N	\N	\N		\N	\N	2021-05-23 09:55:06.962668+05:45	2021-05-23 09:55:06.962682+05:45	\N	138	Comp001	1	1	\N	279	\N	\N
139	2019	23	S19011	\N	Male	Day	A-Level19S ( A-Level19S)	 Science"	A-Level	Running	9848827253	Bhaktapur District (Bhaktapur)	Bhaktapur District (Bhaktapur)	2004-08-02					student_barcodes/Ayush_Gurung_lCEqXiw.png		\N	\N	\N		\N	\N	2021-05-23 09:55:07.338617+05:45	2021-05-23 09:55:07.33864+05:45	\N	139	Chem001	1	1	\N	281	\N	\N
140	2019	9	S19018	\N	Male	Day	A-Level19S ( A-Level19S)	 Science"	A-Level	Running	9818547296	Bhaktapur District (Bhaktapur)	Bhaktapur District (Bhaktapur)	2004-08-02					student_barcodes/Biraj_Gaihre_hmmlk0B.png		\N	\N	\N		\N	\N	2021-05-23 09:55:07.711827+05:45	2021-05-23 09:55:07.711843+05:45	\N	140	Bio001	1	1	\N	283	\N	\N
141	2019	7	S19019	\N	Male	Day	A-Level19S ( A-Level19S)	 Science"	A-Level	Running	9810348315	Bhaktapur District (Bhaktapur)	Bhaktapur District (Bhaktapur)	2004-08-02					student_barcodes/Bishad_Chaulagain_9ZFv6VE.png		\N	\N	\N		\N	\N	2021-05-23 09:55:08.076407+05:45	2021-05-23 09:55:08.076427+05:45	\N	141	Comp001	1	1	\N	285	\N	\N
142	2019	12	S19022	\N	Male	Day	A-Level19S ( A-Level19S)	 Science"	A-Level	Running	9840285998	Bhaktapur District (Bhaktapur)	Bhaktapur District (Bhaktapur)	2004-08-02					student_barcodes/Ejen_Prajapati_X9SpWso.png		\N	\N	\N		\N	\N	2021-05-23 09:55:08.454783+05:45	2021-05-23 09:55:08.454799+05:45	\N	142	Chem001	1	1	\N	287	\N	\N
143	2019	3	S19023	\N	Male	Day	A-Level19S ( A-Level19S)	 Science"	A-Level	Running	9808560089	Bhaktapur District (Bhaktapur)	Bhaktapur District (Bhaktapur)	2004-08-02					student_barcodes/Ganesh_Kumar_Shah_LXElOIb.png		\N	\N	\N		\N	\N	2021-05-23 09:55:08.817156+05:45	2021-05-23 09:55:08.817173+05:45	\N	143	Chem001	1	1	\N	289	\N	\N
144	2019	2	S19028	\N	Female	Day	A-Level19S ( A-Level19S)	 Science"	A-Level	Running		Bhaktapur District (Bhaktapur)	Bhaktapur District (Bhaktapur)	2003-08-01					student_barcodes/Kusum_Acharya_Aoe75m0.png		\N	\N	\N		\N	\N	2021-05-23 09:55:09.175127+05:45	2021-05-23 09:55:09.175145+05:45	\N	144	Chem001	1	1	\N	291	\N	\N
145	2019	6	S19029	\N	Male	Day	A-Level19S ( A-Level19S)	 Science"	A-Level	Running	9800657122	Bhaktapur District (Bhaktapur)	Bhaktapur District (Bhaktapur)	2004-08-02					student_barcodes/Manoj_Budha_N6hvUbo.png		\N	\N	\N		\N	\N	2021-05-23 09:55:09.559836+05:45	2021-05-23 09:55:09.55985+05:45	\N	145	Chem001	1	1	\N	293	\N	\N
146	2019	8	S19032	\N	Male	Day	A-Level19S ( A-Level19S)	 Science"	A-Level	Running	9865488288	Bhaktapur District (Bhaktapur)	Bhaktapur District (Bhaktapur)	2004-08-02					student_barcodes/Newjewel_Shrestha_h40hZ6x.png		\N	\N	\N		\N	\N	2021-05-23 09:55:09.912718+05:45	2021-05-23 09:55:09.912732+05:45	\N	146	Comp001	1	1	\N	295	\N	\N
147	2019	20	S19033	\N	Male	Day	A-Level19S ( A-Level19S)	 Science"	A-Level	Running		Bhaktapur District (Bhaktapur)	Bhaktapur District (Bhaktapur)	2004-08-02					student_barcodes/Nirjal_Neupane_hDJZwxw.png		\N	\N	\N		\N	\N	2021-05-23 09:55:10.269878+05:45	2021-05-23 09:55:10.269892+05:45	\N	147	Comp001	1	1	\N	297	\N	\N
148	2019	17	S19035	\N	Male	Day	A-Level19S ( A-Level19S)	 Science"	A-Level	Running	9848127391	Bhaktapur District (Bhaktapur)	Bhaktapur District (Bhaktapur)	2004-08-02					student_barcodes/Nitesh_Subedi_1JOgXFB.png		\N	\N	\N		\N	\N	2021-05-23 09:55:10.631272+05:45	2021-05-23 09:55:10.631286+05:45	\N	148	Bio001	1	1	\N	299	\N	\N
149	2019	15	S19038	\N	Female	Day	A-Level19S ( A-Level19S)	 Science"	A-Level	Running	9848892822	Bhaktapur District (Bhaktapur)	Bhaktapur District (Bhaktapur)	2004-08-02					student_barcodes/Pradhumna_Bhatt_DiLuAM4.png		\N	\N	\N		\N	\N	2021-05-23 09:55:10.985897+05:45	2021-05-23 09:55:10.98591+05:45	\N	149	Comp001	1	1	\N	301	\N	\N
150	2019	26	S19042	\N	Male	Day	A-Level19S ( A-Level19S)	 Science"	A-Level	Running	9808069158	Bhaktapur District (Bhaktapur)	Bhaktapur District (Bhaktapur)	2003-11-06					student_barcodes/Pratham_Lama_IVyk3y5.png		\N	\N	\N		\N	\N	2021-05-23 09:55:11.359268+05:45	2021-05-23 09:55:11.359281+05:45	\N	150	Comp001	1	1	\N	303	\N	\N
151	2019	16	S19043	\N	Female	Day	A-Level19S ( A-Level19S)	 Science"	A-Level	Running		Bhaktapur District (Bhaktapur)	Bhaktapur District (Bhaktapur)	2004-08-02					student_barcodes/Priya_Ishwor_Sunam_D7OXoPK.png		\N	\N	\N		\N	\N	2021-05-23 09:55:11.726677+05:45	2021-05-23 09:55:11.726691+05:45	\N	151	Bio001	1	1	\N	305	\N	\N
152	2019	28	S19046	\N	Male	Day	A-Level19S ( A-Level19S)	 Science"	A-Level	Running		Bhaktapur District (Bhaktapur)	Bhaktapur District (Bhaktapur)	2003-06-16					student_barcodes/Rehan_Tamang_Ghising_WP3utxz.png		\N	\N	\N		\N	\N	2021-05-23 09:55:12.079694+05:45	2021-05-23 09:55:12.079708+05:45	\N	152	Comp001	1	1	\N	307	\N	\N
153	2019	19	S19048	\N	Female	Day	A-Level19S ( A-Level19S)	 Science"	A-Level	Running		Bhaktapur District (Bhaktapur)	Bhaktapur District (Bhaktapur)	2004-08-02					student_barcodes/Rojina_Thapa_VRsgJhz.png		\N	\N	\N		\N	\N	2021-05-23 09:55:12.454559+05:45	2021-05-23 09:55:12.454574+05:45	\N	153	Chem001	1	1	\N	309	\N	\N
154	2019	25	S19055	\N	Female	Day	A-Level19S ( A-Level19S)	 Science"	A-Level	Running		Bhaktapur District (Bhaktapur)	Bhaktapur District (Bhaktapur)	2004-08-02					student_barcodes/Samriddhi_Nepal_rZveh9H.png		\N	\N	\N		\N	\N	2021-05-23 09:55:12.811046+05:45	2021-05-23 09:55:12.811061+05:45	\N	154	Bio001	1	1	\N	311	\N	\N
155	2019	10	S19060	\N	Male	Day	A-Level19S ( A-Level19S)	 Science"	A-Level	Running		Bhaktapur District (Bhaktapur)	Bhaktapur District (Bhaktapur)	2004-08-02					student_barcodes/Shubham_Kumar_Sah_THiabVz.png		\N	\N	\N		\N	\N	2021-05-23 09:55:13.164631+05:45	2021-05-23 09:55:13.164645+05:45	\N	155	Comp001	1	1	\N	313	\N	\N
156	2019	21	S19061	\N	Female	Day	A-Level19S ( A-Level19S)	 Science"	A-Level	Running		Bhaktapur District (Bhaktapur)	Bhaktapur District (Bhaktapur)	2004-08-02					student_barcodes/Simran_Khatiwada_OEtY4eM.png		\N	\N	\N		\N	\N	2021-05-23 09:55:13.540169+05:45	2021-05-23 09:55:13.540185+05:45	\N	156	Bio001	1	1	\N	315	\N	\N
\.


--
-- Data for Name: tbl_Studentgroup; Type: TABLE DATA; Schema: public; Owner: gci_mis2
--

COPY public."tbl_Studentgroup" (id, name) FROM stdin;
\.


--
-- Data for Name: tbl_Subject; Type: TABLE DATA; Schema: public; Owner: gci_mis2
--

COPY public."tbl_Subject" (subject_code, subject_name, created_at, updated_at, course_id) FROM stdin;
Bio001	Biology	2021-05-23 09:43:58.181948+05:45	2021-05-23 09:43:58.181975+05:45	\N
Chem001	Chemistry	2021-05-23 09:45:10.73154+05:45	2021-05-23 09:45:10.731559+05:45	\N
Comp001	Computer Science	2021-05-23 09:50:16.322796+05:45	2021-05-23 09:50:16.322815+05:45	\N
Art001	Art and Design	2021-05-23 09:50:21.053859+05:45	2021-05-23 09:50:21.05388+05:45	\N
Acct001	Accounting	2021-05-23 09:50:25.304301+05:45	2021-05-23 09:50:25.304322+05:45	\N
Busi001	Business	2021-05-23 09:50:32.797384+05:45	2021-05-23 09:50:32.797405+05:45	\N
Econ001	Economics	2021-05-23 09:51:24.203152+05:45	2021-05-23 09:51:24.203174+05:45	\N
Lit001	Literature in English	2021-05-23 09:51:41.820552+05:45	2021-05-23 09:51:41.820577+05:45	\N
\.


--
-- Data for Name: tbl_Transport; Type: TABLE DATA; Schema: public; Owner: gci_mis2
--

COPY public."tbl_Transport" (id, route_name, route_fare, no_of_vehicle, driver_name, description, created_at, updated_at) FROM stdin;
\.


--
-- Data for Name: tbl_Userrole; Type: TABLE DATA; Schema: public; Owner: gci_mis2
--

COPY public."tbl_Userrole" (id, role, user_id) FROM stdin;
\.


--
-- Data for Name: tbl_notice; Type: TABLE DATA; Schema: public; Owner: gci_mis2
--

COPY public.tbl_notice (id, title, file, notice, status, created_at, updated_at, created_by_id) FROM stdin;
1	Notice1	Notices/notice_nzv3s5E.png	\N	f	2021-05-23 10:02:09.860718+05:45	2021-05-23 10:02:26.546555+05:45	\N
2	Notice2	Notices/report-writing-class-8_rFQmDWJ.jpg	\N	t	2021-05-23 10:02:26.550797+05:45	2021-05-23 10:02:26.550814+05:45	\N
\.


--
-- Name: academic_historicalassignment_history_id_seq; Type: SEQUENCE SET; Schema: public; Owner: gci_mis2
--

SELECT pg_catalog.setval('public.academic_historicalassignment_history_id_seq', 1, false);


--
-- Name: academic_historicalroutine_history_id_seq; Type: SEQUENCE SET; Schema: public; Owner: gci_mis2
--

SELECT pg_catalog.setval('public.academic_historicalroutine_history_id_seq', 3, true);


--
-- Name: academic_historicalsyllabus_history_id_seq; Type: SEQUENCE SET; Schema: public; Owner: gci_mis2
--

SELECT pg_catalog.setval('public.academic_historicalsyllabus_history_id_seq', 1, false);


--
-- Name: announcement_historicalholiday_history_id_seq; Type: SEQUENCE SET; Schema: public; Owner: gci_mis2
--

SELECT pg_catalog.setval('public.announcement_historicalholiday_history_id_seq', 1, false);


--
-- Name: announcement_historicalnotice_history_id_seq; Type: SEQUENCE SET; Schema: public; Owner: gci_mis2
--

SELECT pg_catalog.setval('public.announcement_historicalnotice_history_id_seq', 4, true);


--
-- Name: assignment_id_seq; Type: SEQUENCE SET; Schema: public; Owner: gci_mis2
--

SELECT pg_catalog.setval('public.assignment_id_seq', 1, false);


--
-- Name: attendance_attendance_id_seq; Type: SEQUENCE SET; Schema: public; Owner: gci_mis2
--

SELECT pg_catalog.setval('public.attendance_attendance_id_seq', 1, false);


--
-- Name: attendance_attendancereport_id_seq; Type: SEQUENCE SET; Schema: public; Owner: gci_mis2
--

SELECT pg_catalog.setval('public.attendance_attendancereport_id_seq', 1, false);


--
-- Name: auth_group_id_seq; Type: SEQUENCE SET; Schema: public; Owner: gci_mis2
--

SELECT pg_catalog.setval('public.auth_group_id_seq', 4, true);


--
-- Name: auth_group_permissions_id_seq; Type: SEQUENCE SET; Schema: public; Owner: gci_mis2
--

SELECT pg_catalog.setval('public.auth_group_permissions_id_seq', 7, true);


--
-- Name: auth_permission_id_seq; Type: SEQUENCE SET; Schema: public; Owner: gci_mis2
--

SELECT pg_catalog.setval('public.auth_permission_id_seq', 306, true);


--
-- Name: courses_historicalapplication_form_history_id_seq; Type: SEQUENCE SET; Schema: public; Owner: gci_mis2
--

SELECT pg_catalog.setval('public.courses_historicalapplication_form_history_id_seq', 1, false);


--
-- Name: courses_historicalexams_history_id_seq; Type: SEQUENCE SET; Schema: public; Owner: gci_mis2
--

SELECT pg_catalog.setval('public.courses_historicalexams_history_id_seq', 1, false);


--
-- Name: courses_historicalroutine_history_id_seq; Type: SEQUENCE SET; Schema: public; Owner: gci_mis2
--

SELECT pg_catalog.setval('public.courses_historicalroutine_history_id_seq', 1, false);


--
-- Name: courses_historicalselectedcourses_history_id_seq; Type: SEQUENCE SET; Schema: public; Owner: gci_mis2
--

SELECT pg_catalog.setval('public.courses_historicalselectedcourses_history_id_seq', 156, true);


--
-- Name: courses_historicalstudentgrades_history_id_seq; Type: SEQUENCE SET; Schema: public; Owner: gci_mis2
--

SELECT pg_catalog.setval('public.courses_historicalstudentgrades_history_id_seq', 1, false);


--
-- Name: courses_historicalterm_history_id_seq; Type: SEQUENCE SET; Schema: public; Owner: gci_mis2
--

SELECT pg_catalog.setval('public.courses_historicalterm_history_id_seq', 1, true);


--
-- Name: courses_routine_id_seq; Type: SEQUENCE SET; Schema: public; Owner: gci_mis2
--

SELECT pg_catalog.setval('public.courses_routine_id_seq', 1, false);


--
-- Name: courses_selectedcourses_id_seq; Type: SEQUENCE SET; Schema: public; Owner: gci_mis2
--

SELECT pg_catalog.setval('public.courses_selectedcourses_id_seq', 156, true);


--
-- Name: courses_studentgrades_id_seq; Type: SEQUENCE SET; Schema: public; Owner: gci_mis2
--

SELECT pg_catalog.setval('public.courses_studentgrades_id_seq', 1, false);


--
-- Name: django_admin_log_id_seq; Type: SEQUENCE SET; Schema: public; Owner: gci_mis2
--

SELECT pg_catalog.setval('public.django_admin_log_id_seq', 1, false);


--
-- Name: django_content_type_id_seq; Type: SEQUENCE SET; Schema: public; Owner: gci_mis2
--

SELECT pg_catalog.setval('public.django_content_type_id_seq', 72, true);


--
-- Name: django_migrations_id_seq; Type: SEQUENCE SET; Schema: public; Owner: gci_mis2
--

SELECT pg_catalog.setval('public.django_migrations_id_seq', 34, true);


--
-- Name: notifications_notification_id_seq; Type: SEQUENCE SET; Schema: public; Owner: gci_mis2
--

SELECT pg_catalog.setval('public.notifications_notification_id_seq', 4, true);


--
-- Name: routine_id_seq; Type: SEQUENCE SET; Schema: public; Owner: gci_mis2
--

SELECT pg_catalog.setval('public.routine_id_seq', 1, true);


--
-- Name: schedule_calendar_id_seq; Type: SEQUENCE SET; Schema: public; Owner: gci_mis2
--

SELECT pg_catalog.setval('public.schedule_calendar_id_seq', 1, true);


--
-- Name: schedule_calendarrelation_id_seq; Type: SEQUENCE SET; Schema: public; Owner: gci_mis2
--

SELECT pg_catalog.setval('public.schedule_calendarrelation_id_seq', 1, false);


--
-- Name: schedule_event_id_seq; Type: SEQUENCE SET; Schema: public; Owner: gci_mis2
--

SELECT pg_catalog.setval('public.schedule_event_id_seq', 2, true);


--
-- Name: schedule_eventrelation_id_seq; Type: SEQUENCE SET; Schema: public; Owner: gci_mis2
--

SELECT pg_catalog.setval('public.schedule_eventrelation_id_seq', 1, false);


--
-- Name: schedule_historicalevent_history_id_seq; Type: SEQUENCE SET; Schema: public; Owner: gci_mis2
--

SELECT pg_catalog.setval('public.schedule_historicalevent_history_id_seq', 2, true);


--
-- Name: schedule_occurrence_id_seq; Type: SEQUENCE SET; Schema: public; Owner: gci_mis2
--

SELECT pg_catalog.setval('public.schedule_occurrence_id_seq', 1, false);


--
-- Name: schedule_rule_id_seq; Type: SEQUENCE SET; Schema: public; Owner: gci_mis2
--

SELECT pg_catalog.setval('public.schedule_rule_id_seq', 1, false);


--
-- Name: student_management_app_department_id_seq; Type: SEQUENCE SET; Schema: public; Owner: gci_mis2
--

SELECT pg_catalog.setval('public.student_management_app_department_id_seq', 1, false);


--
-- Name: student_management_app_historicaladminuser_history_id_seq; Type: SEQUENCE SET; Schema: public; Owner: gci_mis2
--

SELECT pg_catalog.setval('public.student_management_app_historicaladminuser_history_id_seq', 1, false);


--
-- Name: student_management_app_historicalcertificatetemp_history_id_seq; Type: SEQUENCE SET; Schema: public; Owner: gci_mis2
--

SELECT pg_catalog.setval('public.student_management_app_historicalcertificatetemp_history_id_seq', 1, false);


--
-- Name: student_management_app_historicalcomplain_history_id_seq; Type: SEQUENCE SET; Schema: public; Owner: gci_mis2
--

SELECT pg_catalog.setval('public.student_management_app_historicalcomplain_history_id_seq', 1, false);


--
-- Name: student_management_app_historicalcourse_history_id_seq; Type: SEQUENCE SET; Schema: public; Owner: gci_mis2
--

SELECT pg_catalog.setval('public.student_management_app_historicalcourse_history_id_seq', 1, false);


--
-- Name: student_management_app_historicaldocumentfile_history_id_seq; Type: SEQUENCE SET; Schema: public; Owner: gci_mis2
--

SELECT pg_catalog.setval('public.student_management_app_historicaldocumentfile_history_id_seq', 1, false);


--
-- Name: student_management_app_historicalextrauser_history_id_seq; Type: SEQUENCE SET; Schema: public; Owner: gci_mis2
--

SELECT pg_catalog.setval('public.student_management_app_historicalextrauser_history_id_seq', 801, true);


--
-- Name: student_management_app_historicalsection_history_id_seq; Type: SEQUENCE SET; Schema: public; Owner: gci_mis2
--

SELECT pg_catalog.setval('public.student_management_app_historicalsection_history_id_seq', 2, true);


--
-- Name: student_management_app_historicalsemester_history_id_seq; Type: SEQUENCE SET; Schema: public; Owner: gci_mis2
--

SELECT pg_catalog.setval('public.student_management_app_historicalsemester_history_id_seq', 2, true);


--
-- Name: student_management_app_historicalsociallink_history_id_seq; Type: SEQUENCE SET; Schema: public; Owner: gci_mis2
--

SELECT pg_catalog.setval('public.student_management_app_historicalsociallink_history_id_seq', 1, false);


--
-- Name: student_management_app_historicalstaff_history_id_seq; Type: SEQUENCE SET; Schema: public; Owner: gci_mis2
--

SELECT pg_catalog.setval('public.student_management_app_historicalstaff_history_id_seq', 9, true);


--
-- Name: student_management_app_historicalstudent_history_id_seq; Type: SEQUENCE SET; Schema: public; Owner: gci_mis2
--

SELECT pg_catalog.setval('public.student_management_app_historicalstudent_history_id_seq', 159, true);


--
-- Name: student_management_app_historicalsubject_history_id_seq; Type: SEQUENCE SET; Schema: public; Owner: gci_mis2
--

SELECT pg_catalog.setval('public.student_management_app_historicalsubject_history_id_seq', 8, true);


--
-- Name: student_management_app_subjectteacher_id_seq; Type: SEQUENCE SET; Schema: public; Owner: gci_mis2
--

SELECT pg_catalog.setval('public.student_management_app_subjectteacher_id_seq', 1, false);


--
-- Name: syllabus_id_seq; Type: SEQUENCE SET; Schema: public; Owner: gci_mis2
--

SELECT pg_catalog.setval('public.syllabus_id_seq', 1, false);


--
-- Name: tbl_Adminuser_id_seq; Type: SEQUENCE SET; Schema: public; Owner: gci_mis2
--

SELECT pg_catalog.setval('public."tbl_Adminuser_id_seq"', 1, false);


--
-- Name: tbl_Certificatetemplate_id_seq; Type: SEQUENCE SET; Schema: public; Owner: gci_mis2
--

SELECT pg_catalog.setval('public."tbl_Certificatetemplate_id_seq"', 1, false);


--
-- Name: tbl_Complain_id_seq; Type: SEQUENCE SET; Schema: public; Owner: gci_mis2
--

SELECT pg_catalog.setval('public."tbl_Complain_id_seq"', 1, false);


--
-- Name: tbl_Course_id_seq; Type: SEQUENCE SET; Schema: public; Owner: gci_mis2
--

SELECT pg_catalog.setval('public."tbl_Course_id_seq"', 1, false);


--
-- Name: tbl_Customuser_groups_id_seq; Type: SEQUENCE SET; Schema: public; Owner: gci_mis2
--

SELECT pg_catalog.setval('public."tbl_Customuser_groups_id_seq"', 313, true);


--
-- Name: tbl_Customuser_id_seq; Type: SEQUENCE SET; Schema: public; Owner: gci_mis2
--

SELECT pg_catalog.setval('public."tbl_Customuser_id_seq"', 316, true);


--
-- Name: tbl_Customuser_user_permissions_id_seq; Type: SEQUENCE SET; Schema: public; Owner: gci_mis2
--

SELECT pg_catalog.setval('public."tbl_Customuser_user_permissions_id_seq"', 1, false);


--
-- Name: tbl_Documentfile_id_seq; Type: SEQUENCE SET; Schema: public; Owner: gci_mis2
--

SELECT pg_catalog.setval('public."tbl_Documentfile_id_seq"', 1, false);


--
-- Name: tbl_Extrauser_id_seq; Type: SEQUENCE SET; Schema: public; Owner: gci_mis2
--

SELECT pg_catalog.setval('public."tbl_Extrauser_id_seq"', 315, true);


--
-- Name: tbl_Holiday_id_seq; Type: SEQUENCE SET; Schema: public; Owner: gci_mis2
--

SELECT pg_catalog.setval('public."tbl_Holiday_id_seq"', 1, false);


--
-- Name: tbl_Optionalsubject_id_seq; Type: SEQUENCE SET; Schema: public; Owner: gci_mis2
--

SELECT pg_catalog.setval('public."tbl_Optionalsubject_id_seq"', 1, false);


--
-- Name: tbl_Parent_id_seq; Type: SEQUENCE SET; Schema: public; Owner: gci_mis2
--

SELECT pg_catalog.setval('public."tbl_Parent_id_seq"', 156, true);


--
-- Name: tbl_Section_id_seq; Type: SEQUENCE SET; Schema: public; Owner: gci_mis2
--

SELECT pg_catalog.setval('public."tbl_Section_id_seq"', 2, true);


--
-- Name: tbl_Section_subject_id_seq; Type: SEQUENCE SET; Schema: public; Owner: gci_mis2
--

SELECT pg_catalog.setval('public."tbl_Section_subject_id_seq"', 1, false);


--
-- Name: tbl_Semester_id_seq; Type: SEQUENCE SET; Schema: public; Owner: gci_mis2
--

SELECT pg_catalog.setval('public."tbl_Semester_id_seq"', 2, true);


--
-- Name: tbl_Sessionyear_id_seq; Type: SEQUENCE SET; Schema: public; Owner: gci_mis2
--

SELECT pg_catalog.setval('public."tbl_Sessionyear_id_seq"', 1, false);


--
-- Name: tbl_Settings_id_seq; Type: SEQUENCE SET; Schema: public; Owner: gci_mis2
--

SELECT pg_catalog.setval('public."tbl_Settings_id_seq"', 1, false);


--
-- Name: tbl_Sociallink_id_seq; Type: SEQUENCE SET; Schema: public; Owner: gci_mis2
--

SELECT pg_catalog.setval('public."tbl_Sociallink_id_seq"', 1, false);


--
-- Name: tbl_Staff_id_seq; Type: SEQUENCE SET; Schema: public; Owner: gci_mis2
--

SELECT pg_catalog.setval('public."tbl_Staff_id_seq"', 1, true);


--
-- Name: tbl_Student_id_seq; Type: SEQUENCE SET; Schema: public; Owner: gci_mis2
--

SELECT pg_catalog.setval('public."tbl_Student_id_seq"', 156, true);


--
-- Name: tbl_Studentgroup_id_seq; Type: SEQUENCE SET; Schema: public; Owner: gci_mis2
--

SELECT pg_catalog.setval('public."tbl_Studentgroup_id_seq"', 1, false);


--
-- Name: tbl_Transport_id_seq; Type: SEQUENCE SET; Schema: public; Owner: gci_mis2
--

SELECT pg_catalog.setval('public."tbl_Transport_id_seq"', 1, false);


--
-- Name: tbl_Userrole_id_seq; Type: SEQUENCE SET; Schema: public; Owner: gci_mis2
--

SELECT pg_catalog.setval('public."tbl_Userrole_id_seq"', 1, false);


--
-- Name: tbl_notice_id_seq; Type: SEQUENCE SET; Schema: public; Owner: gci_mis2
--

SELECT pg_catalog.setval('public.tbl_notice_id_seq', 2, true);


--
-- Name: academic_historicalassignment academic_historicalassignment_pkey; Type: CONSTRAINT; Schema: public; Owner: gci_mis2
--

ALTER TABLE ONLY public.academic_historicalassignment
    ADD CONSTRAINT academic_historicalassignment_pkey PRIMARY KEY (history_id);


--
-- Name: academic_historicalroutine academic_historicalroutine_pkey; Type: CONSTRAINT; Schema: public; Owner: gci_mis2
--

ALTER TABLE ONLY public.academic_historicalroutine
    ADD CONSTRAINT academic_historicalroutine_pkey PRIMARY KEY (history_id);


--
-- Name: academic_historicalsyllabus academic_historicalsyllabus_pkey; Type: CONSTRAINT; Schema: public; Owner: gci_mis2
--

ALTER TABLE ONLY public.academic_historicalsyllabus
    ADD CONSTRAINT academic_historicalsyllabus_pkey PRIMARY KEY (history_id);


--
-- Name: announcement_historicalholiday announcement_historicalholiday_pkey; Type: CONSTRAINT; Schema: public; Owner: gci_mis2
--

ALTER TABLE ONLY public.announcement_historicalholiday
    ADD CONSTRAINT announcement_historicalholiday_pkey PRIMARY KEY (history_id);


--
-- Name: announcement_historicalnotice announcement_historicalnotice_pkey; Type: CONSTRAINT; Schema: public; Owner: gci_mis2
--

ALTER TABLE ONLY public.announcement_historicalnotice
    ADD CONSTRAINT announcement_historicalnotice_pkey PRIMARY KEY (history_id);


--
-- Name: assignment assignment_pkey; Type: CONSTRAINT; Schema: public; Owner: gci_mis2
--

ALTER TABLE ONLY public.assignment
    ADD CONSTRAINT assignment_pkey PRIMARY KEY (id);


--
-- Name: attendance_attendance attendance_attendance_pkey; Type: CONSTRAINT; Schema: public; Owner: gci_mis2
--

ALTER TABLE ONLY public.attendance_attendance
    ADD CONSTRAINT attendance_attendance_pkey PRIMARY KEY (id);


--
-- Name: attendance_attendancereport attendance_attendancereport_pkey; Type: CONSTRAINT; Schema: public; Owner: gci_mis2
--

ALTER TABLE ONLY public.attendance_attendancereport
    ADD CONSTRAINT attendance_attendancereport_pkey PRIMARY KEY (id);


--
-- Name: auth_group auth_group_name_key; Type: CONSTRAINT; Schema: public; Owner: gci_mis2
--

ALTER TABLE ONLY public.auth_group
    ADD CONSTRAINT auth_group_name_key UNIQUE (name);


--
-- Name: auth_group_permissions auth_group_permissions_group_id_permission_id_0cd325b0_uniq; Type: CONSTRAINT; Schema: public; Owner: gci_mis2
--

ALTER TABLE ONLY public.auth_group_permissions
    ADD CONSTRAINT auth_group_permissions_group_id_permission_id_0cd325b0_uniq UNIQUE (group_id, permission_id);


--
-- Name: auth_group_permissions auth_group_permissions_pkey; Type: CONSTRAINT; Schema: public; Owner: gci_mis2
--

ALTER TABLE ONLY public.auth_group_permissions
    ADD CONSTRAINT auth_group_permissions_pkey PRIMARY KEY (id);


--
-- Name: auth_group auth_group_pkey; Type: CONSTRAINT; Schema: public; Owner: gci_mis2
--

ALTER TABLE ONLY public.auth_group
    ADD CONSTRAINT auth_group_pkey PRIMARY KEY (id);


--
-- Name: auth_permission auth_permission_content_type_id_codename_01ab375a_uniq; Type: CONSTRAINT; Schema: public; Owner: gci_mis2
--

ALTER TABLE ONLY public.auth_permission
    ADD CONSTRAINT auth_permission_content_type_id_codename_01ab375a_uniq UNIQUE (content_type_id, codename);


--
-- Name: auth_permission auth_permission_pkey; Type: CONSTRAINT; Schema: public; Owner: gci_mis2
--

ALTER TABLE ONLY public.auth_permission
    ADD CONSTRAINT auth_permission_pkey PRIMARY KEY (id);


--
-- Name: courses_application_form courses_application_form_pkey; Type: CONSTRAINT; Schema: public; Owner: gci_mis2
--

ALTER TABLE ONLY public.courses_application_form
    ADD CONSTRAINT courses_application_form_pkey PRIMARY KEY (application_id);


--
-- Name: courses_exams courses_exams_pkey; Type: CONSTRAINT; Schema: public; Owner: gci_mis2
--

ALTER TABLE ONLY public.courses_exams
    ADD CONSTRAINT courses_exams_pkey PRIMARY KEY (exam_id);


--
-- Name: courses_historicalapplication_form courses_historicalapplication_form_pkey; Type: CONSTRAINT; Schema: public; Owner: gci_mis2
--

ALTER TABLE ONLY public.courses_historicalapplication_form
    ADD CONSTRAINT courses_historicalapplication_form_pkey PRIMARY KEY (history_id);


--
-- Name: courses_historicalexams courses_historicalexams_pkey; Type: CONSTRAINT; Schema: public; Owner: gci_mis2
--

ALTER TABLE ONLY public.courses_historicalexams
    ADD CONSTRAINT courses_historicalexams_pkey PRIMARY KEY (history_id);


--
-- Name: courses_historicalroutine courses_historicalroutine_pkey; Type: CONSTRAINT; Schema: public; Owner: gci_mis2
--

ALTER TABLE ONLY public.courses_historicalroutine
    ADD CONSTRAINT courses_historicalroutine_pkey PRIMARY KEY (history_id);


--
-- Name: courses_historicalselectedcourses courses_historicalselectedcourses_pkey; Type: CONSTRAINT; Schema: public; Owner: gci_mis2
--

ALTER TABLE ONLY public.courses_historicalselectedcourses
    ADD CONSTRAINT courses_historicalselectedcourses_pkey PRIMARY KEY (history_id);


--
-- Name: courses_historicalstudentgrades courses_historicalstudentgrades_pkey; Type: CONSTRAINT; Schema: public; Owner: gci_mis2
--

ALTER TABLE ONLY public.courses_historicalstudentgrades
    ADD CONSTRAINT courses_historicalstudentgrades_pkey PRIMARY KEY (history_id);


--
-- Name: courses_historicalterm courses_historicalterm_pkey; Type: CONSTRAINT; Schema: public; Owner: gci_mis2
--

ALTER TABLE ONLY public.courses_historicalterm
    ADD CONSTRAINT courses_historicalterm_pkey PRIMARY KEY (history_id);


--
-- Name: courses_routine courses_routine_pkey; Type: CONSTRAINT; Schema: public; Owner: gci_mis2
--

ALTER TABLE ONLY public.courses_routine
    ADD CONSTRAINT courses_routine_pkey PRIMARY KEY (id);


--
-- Name: courses_selectedcourses courses_selectedcourses_pkey; Type: CONSTRAINT; Schema: public; Owner: gci_mis2
--

ALTER TABLE ONLY public.courses_selectedcourses
    ADD CONSTRAINT courses_selectedcourses_pkey PRIMARY KEY (id);


--
-- Name: courses_studentgrades courses_studentgrades_pkey; Type: CONSTRAINT; Schema: public; Owner: gci_mis2
--

ALTER TABLE ONLY public.courses_studentgrades
    ADD CONSTRAINT courses_studentgrades_pkey PRIMARY KEY (id);


--
-- Name: courses_term courses_term_pkey; Type: CONSTRAINT; Schema: public; Owner: gci_mis2
--

ALTER TABLE ONLY public.courses_term
    ADD CONSTRAINT courses_term_pkey PRIMARY KEY (term_id);


--
-- Name: django_admin_log django_admin_log_pkey; Type: CONSTRAINT; Schema: public; Owner: gci_mis2
--

ALTER TABLE ONLY public.django_admin_log
    ADD CONSTRAINT django_admin_log_pkey PRIMARY KEY (id);


--
-- Name: django_content_type django_content_type_app_label_model_76bd3d3b_uniq; Type: CONSTRAINT; Schema: public; Owner: gci_mis2
--

ALTER TABLE ONLY public.django_content_type
    ADD CONSTRAINT django_content_type_app_label_model_76bd3d3b_uniq UNIQUE (app_label, model);


--
-- Name: django_content_type django_content_type_pkey; Type: CONSTRAINT; Schema: public; Owner: gci_mis2
--

ALTER TABLE ONLY public.django_content_type
    ADD CONSTRAINT django_content_type_pkey PRIMARY KEY (id);


--
-- Name: django_migrations django_migrations_pkey; Type: CONSTRAINT; Schema: public; Owner: gci_mis2
--

ALTER TABLE ONLY public.django_migrations
    ADD CONSTRAINT django_migrations_pkey PRIMARY KEY (id);


--
-- Name: django_session django_session_pkey; Type: CONSTRAINT; Schema: public; Owner: gci_mis2
--

ALTER TABLE ONLY public.django_session
    ADD CONSTRAINT django_session_pkey PRIMARY KEY (session_key);


--
-- Name: notifications_notification notifications_notification_pkey; Type: CONSTRAINT; Schema: public; Owner: gci_mis2
--

ALTER TABLE ONLY public.notifications_notification
    ADD CONSTRAINT notifications_notification_pkey PRIMARY KEY (id);


--
-- Name: routine routine_pkey; Type: CONSTRAINT; Schema: public; Owner: gci_mis2
--

ALTER TABLE ONLY public.routine
    ADD CONSTRAINT routine_pkey PRIMARY KEY (id);


--
-- Name: schedule_calendar schedule_calendar_pkey; Type: CONSTRAINT; Schema: public; Owner: gci_mis2
--

ALTER TABLE ONLY public.schedule_calendar
    ADD CONSTRAINT schedule_calendar_pkey PRIMARY KEY (id);


--
-- Name: schedule_calendar schedule_calendar_slug_key; Type: CONSTRAINT; Schema: public; Owner: gci_mis2
--

ALTER TABLE ONLY public.schedule_calendar
    ADD CONSTRAINT schedule_calendar_slug_key UNIQUE (slug);


--
-- Name: schedule_calendarrelation schedule_calendarrelation_pkey; Type: CONSTRAINT; Schema: public; Owner: gci_mis2
--

ALTER TABLE ONLY public.schedule_calendarrelation
    ADD CONSTRAINT schedule_calendarrelation_pkey PRIMARY KEY (id);


--
-- Name: schedule_event schedule_event_pkey; Type: CONSTRAINT; Schema: public; Owner: gci_mis2
--

ALTER TABLE ONLY public.schedule_event
    ADD CONSTRAINT schedule_event_pkey PRIMARY KEY (id);


--
-- Name: schedule_eventrelation schedule_eventrelation_pkey; Type: CONSTRAINT; Schema: public; Owner: gci_mis2
--

ALTER TABLE ONLY public.schedule_eventrelation
    ADD CONSTRAINT schedule_eventrelation_pkey PRIMARY KEY (id);


--
-- Name: schedule_historicalevent schedule_historicalevent_pkey; Type: CONSTRAINT; Schema: public; Owner: gci_mis2
--

ALTER TABLE ONLY public.schedule_historicalevent
    ADD CONSTRAINT schedule_historicalevent_pkey PRIMARY KEY (history_id);


--
-- Name: schedule_occurrence schedule_occurrence_pkey; Type: CONSTRAINT; Schema: public; Owner: gci_mis2
--

ALTER TABLE ONLY public.schedule_occurrence
    ADD CONSTRAINT schedule_occurrence_pkey PRIMARY KEY (id);


--
-- Name: schedule_rule schedule_rule_pkey; Type: CONSTRAINT; Schema: public; Owner: gci_mis2
--

ALTER TABLE ONLY public.schedule_rule
    ADD CONSTRAINT schedule_rule_pkey PRIMARY KEY (id);


--
-- Name: student_management_app_department student_management_app_department_pkey; Type: CONSTRAINT; Schema: public; Owner: gci_mis2
--

ALTER TABLE ONLY public.student_management_app_department
    ADD CONSTRAINT student_management_app_department_pkey PRIMARY KEY (id);


--
-- Name: student_management_app_historicaladminuser student_management_app_historicaladminuser_pkey; Type: CONSTRAINT; Schema: public; Owner: gci_mis2
--

ALTER TABLE ONLY public.student_management_app_historicaladminuser
    ADD CONSTRAINT student_management_app_historicaladminuser_pkey PRIMARY KEY (history_id);


--
-- Name: student_management_app_historicalcertificatetemplate student_management_app_historicalcertificatetemplate_pkey; Type: CONSTRAINT; Schema: public; Owner: gci_mis2
--

ALTER TABLE ONLY public.student_management_app_historicalcertificatetemplate
    ADD CONSTRAINT student_management_app_historicalcertificatetemplate_pkey PRIMARY KEY (history_id);


--
-- Name: student_management_app_historicalcomplain student_management_app_historicalcomplain_pkey; Type: CONSTRAINT; Schema: public; Owner: gci_mis2
--

ALTER TABLE ONLY public.student_management_app_historicalcomplain
    ADD CONSTRAINT student_management_app_historicalcomplain_pkey PRIMARY KEY (history_id);


--
-- Name: student_management_app_historicalcourse student_management_app_historicalcourse_pkey; Type: CONSTRAINT; Schema: public; Owner: gci_mis2
--

ALTER TABLE ONLY public.student_management_app_historicalcourse
    ADD CONSTRAINT student_management_app_historicalcourse_pkey PRIMARY KEY (history_id);


--
-- Name: student_management_app_historicaldocumentfile student_management_app_historicaldocumentfile_pkey; Type: CONSTRAINT; Schema: public; Owner: gci_mis2
--

ALTER TABLE ONLY public.student_management_app_historicaldocumentfile
    ADD CONSTRAINT student_management_app_historicaldocumentfile_pkey PRIMARY KEY (history_id);


--
-- Name: student_management_app_historicalextrauser student_management_app_historicalextrauser_pkey; Type: CONSTRAINT; Schema: public; Owner: gci_mis2
--

ALTER TABLE ONLY public.student_management_app_historicalextrauser
    ADD CONSTRAINT student_management_app_historicalextrauser_pkey PRIMARY KEY (history_id);


--
-- Name: student_management_app_historicalsection student_management_app_historicalsection_pkey; Type: CONSTRAINT; Schema: public; Owner: gci_mis2
--

ALTER TABLE ONLY public.student_management_app_historicalsection
    ADD CONSTRAINT student_management_app_historicalsection_pkey PRIMARY KEY (history_id);


--
-- Name: student_management_app_historicalsemester student_management_app_historicalsemester_pkey; Type: CONSTRAINT; Schema: public; Owner: gci_mis2
--

ALTER TABLE ONLY public.student_management_app_historicalsemester
    ADD CONSTRAINT student_management_app_historicalsemester_pkey PRIMARY KEY (history_id);


--
-- Name: student_management_app_historicalsociallink student_management_app_historicalsociallink_pkey; Type: CONSTRAINT; Schema: public; Owner: gci_mis2
--

ALTER TABLE ONLY public.student_management_app_historicalsociallink
    ADD CONSTRAINT student_management_app_historicalsociallink_pkey PRIMARY KEY (history_id);


--
-- Name: student_management_app_historicalstaff student_management_app_historicalstaff_pkey; Type: CONSTRAINT; Schema: public; Owner: gci_mis2
--

ALTER TABLE ONLY public.student_management_app_historicalstaff
    ADD CONSTRAINT student_management_app_historicalstaff_pkey PRIMARY KEY (history_id);


--
-- Name: student_management_app_historicalstudent student_management_app_historicalstudent_pkey; Type: CONSTRAINT; Schema: public; Owner: gci_mis2
--

ALTER TABLE ONLY public.student_management_app_historicalstudent
    ADD CONSTRAINT student_management_app_historicalstudent_pkey PRIMARY KEY (history_id);


--
-- Name: student_management_app_historicalsubject student_management_app_historicalsubject_pkey; Type: CONSTRAINT; Schema: public; Owner: gci_mis2
--

ALTER TABLE ONLY public.student_management_app_historicalsubject
    ADD CONSTRAINT student_management_app_historicalsubject_pkey PRIMARY KEY (history_id);


--
-- Name: student_management_app_subjectteacher student_management_app_subjectteacher_pkey; Type: CONSTRAINT; Schema: public; Owner: gci_mis2
--

ALTER TABLE ONLY public.student_management_app_subjectteacher
    ADD CONSTRAINT student_management_app_subjectteacher_pkey PRIMARY KEY (id);


--
-- Name: syllabus syllabus_pkey; Type: CONSTRAINT; Schema: public; Owner: gci_mis2
--

ALTER TABLE ONLY public.syllabus
    ADD CONSTRAINT syllabus_pkey PRIMARY KEY (id);


--
-- Name: tbl_Adminuser tbl_Adminuser_admin_user_id_key; Type: CONSTRAINT; Schema: public; Owner: gci_mis2
--

ALTER TABLE ONLY public."tbl_Adminuser"
    ADD CONSTRAINT "tbl_Adminuser_admin_user_id_key" UNIQUE (admin_user_id);


--
-- Name: tbl_Adminuser tbl_Adminuser_pkey; Type: CONSTRAINT; Schema: public; Owner: gci_mis2
--

ALTER TABLE ONLY public."tbl_Adminuser"
    ADD CONSTRAINT "tbl_Adminuser_pkey" PRIMARY KEY (id);


--
-- Name: tbl_Certificatetemplate tbl_Certificatetemplate_pkey; Type: CONSTRAINT; Schema: public; Owner: gci_mis2
--

ALTER TABLE ONLY public."tbl_Certificatetemplate"
    ADD CONSTRAINT "tbl_Certificatetemplate_pkey" PRIMARY KEY (id);


--
-- Name: tbl_Complain tbl_Complain_pkey; Type: CONSTRAINT; Schema: public; Owner: gci_mis2
--

ALTER TABLE ONLY public."tbl_Complain"
    ADD CONSTRAINT "tbl_Complain_pkey" PRIMARY KEY (id);


--
-- Name: tbl_Complain tbl_Complain_user_id_key; Type: CONSTRAINT; Schema: public; Owner: gci_mis2
--

ALTER TABLE ONLY public."tbl_Complain"
    ADD CONSTRAINT "tbl_Complain_user_id_key" UNIQUE (user_id);


--
-- Name: tbl_Course tbl_Course_pkey; Type: CONSTRAINT; Schema: public; Owner: gci_mis2
--

ALTER TABLE ONLY public."tbl_Course"
    ADD CONSTRAINT "tbl_Course_pkey" PRIMARY KEY (id);


--
-- Name: tbl_Customuser_groups tbl_Customuser_groups_customuser_id_group_id_4781b749_uniq; Type: CONSTRAINT; Schema: public; Owner: gci_mis2
--

ALTER TABLE ONLY public."tbl_Customuser_groups"
    ADD CONSTRAINT "tbl_Customuser_groups_customuser_id_group_id_4781b749_uniq" UNIQUE (customuser_id, group_id);


--
-- Name: tbl_Customuser_groups tbl_Customuser_groups_pkey; Type: CONSTRAINT; Schema: public; Owner: gci_mis2
--

ALTER TABLE ONLY public."tbl_Customuser_groups"
    ADD CONSTRAINT "tbl_Customuser_groups_pkey" PRIMARY KEY (id);


--
-- Name: tbl_Customuser tbl_Customuser_pkey; Type: CONSTRAINT; Schema: public; Owner: gci_mis2
--

ALTER TABLE ONLY public."tbl_Customuser"
    ADD CONSTRAINT "tbl_Customuser_pkey" PRIMARY KEY (id);


--
-- Name: tbl_Customuser_user_permissions tbl_Customuser_user_perm_customuser_id_permission_2e1bc223_uniq; Type: CONSTRAINT; Schema: public; Owner: gci_mis2
--

ALTER TABLE ONLY public."tbl_Customuser_user_permissions"
    ADD CONSTRAINT "tbl_Customuser_user_perm_customuser_id_permission_2e1bc223_uniq" UNIQUE (customuser_id, permission_id);


--
-- Name: tbl_Customuser_user_permissions tbl_Customuser_user_permissions_pkey; Type: CONSTRAINT; Schema: public; Owner: gci_mis2
--

ALTER TABLE ONLY public."tbl_Customuser_user_permissions"
    ADD CONSTRAINT "tbl_Customuser_user_permissions_pkey" PRIMARY KEY (id);


--
-- Name: tbl_Customuser tbl_Customuser_username_key; Type: CONSTRAINT; Schema: public; Owner: gci_mis2
--

ALTER TABLE ONLY public."tbl_Customuser"
    ADD CONSTRAINT "tbl_Customuser_username_key" UNIQUE (username);


--
-- Name: tbl_Documentfile tbl_Documentfile_pkey; Type: CONSTRAINT; Schema: public; Owner: gci_mis2
--

ALTER TABLE ONLY public."tbl_Documentfile"
    ADD CONSTRAINT "tbl_Documentfile_pkey" PRIMARY KEY (id);


--
-- Name: tbl_Extrauser tbl_Extrauser_extra_user_id_key; Type: CONSTRAINT; Schema: public; Owner: gci_mis2
--

ALTER TABLE ONLY public."tbl_Extrauser"
    ADD CONSTRAINT "tbl_Extrauser_extra_user_id_key" UNIQUE (extra_user_id);


--
-- Name: tbl_Extrauser tbl_Extrauser_pkey; Type: CONSTRAINT; Schema: public; Owner: gci_mis2
--

ALTER TABLE ONLY public."tbl_Extrauser"
    ADD CONSTRAINT "tbl_Extrauser_pkey" PRIMARY KEY (id);


--
-- Name: tbl_Holiday tbl_Holiday_pkey; Type: CONSTRAINT; Schema: public; Owner: gci_mis2
--

ALTER TABLE ONLY public."tbl_Holiday"
    ADD CONSTRAINT "tbl_Holiday_pkey" PRIMARY KEY (id);


--
-- Name: tbl_Optionalsubject tbl_Optionalsubject_pkey; Type: CONSTRAINT; Schema: public; Owner: gci_mis2
--

ALTER TABLE ONLY public."tbl_Optionalsubject"
    ADD CONSTRAINT "tbl_Optionalsubject_pkey" PRIMARY KEY (id);


--
-- Name: tbl_Parent tbl_Parent_parent_user_id_key; Type: CONSTRAINT; Schema: public; Owner: gci_mis2
--

ALTER TABLE ONLY public."tbl_Parent"
    ADD CONSTRAINT "tbl_Parent_parent_user_id_key" UNIQUE (parent_user_id);


--
-- Name: tbl_Parent tbl_Parent_pkey; Type: CONSTRAINT; Schema: public; Owner: gci_mis2
--

ALTER TABLE ONLY public."tbl_Parent"
    ADD CONSTRAINT "tbl_Parent_pkey" PRIMARY KEY (id);


--
-- Name: tbl_Section tbl_Section_pkey; Type: CONSTRAINT; Schema: public; Owner: gci_mis2
--

ALTER TABLE ONLY public."tbl_Section"
    ADD CONSTRAINT "tbl_Section_pkey" PRIMARY KEY (id);


--
-- Name: tbl_Section_subject tbl_Section_subject_pkey; Type: CONSTRAINT; Schema: public; Owner: gci_mis2
--

ALTER TABLE ONLY public."tbl_Section_subject"
    ADD CONSTRAINT "tbl_Section_subject_pkey" PRIMARY KEY (id);


--
-- Name: tbl_Section_subject tbl_Section_subject_section_id_subject_id_90195625_uniq; Type: CONSTRAINT; Schema: public; Owner: gci_mis2
--

ALTER TABLE ONLY public."tbl_Section_subject"
    ADD CONSTRAINT "tbl_Section_subject_section_id_subject_id_90195625_uniq" UNIQUE (section_id, subject_id);


--
-- Name: tbl_Semester tbl_Semester_name_key; Type: CONSTRAINT; Schema: public; Owner: gci_mis2
--

ALTER TABLE ONLY public."tbl_Semester"
    ADD CONSTRAINT "tbl_Semester_name_key" UNIQUE (name);


--
-- Name: tbl_Semester tbl_Semester_pkey; Type: CONSTRAINT; Schema: public; Owner: gci_mis2
--

ALTER TABLE ONLY public."tbl_Semester"
    ADD CONSTRAINT "tbl_Semester_pkey" PRIMARY KEY (id);


--
-- Name: tbl_Sessionyear tbl_Sessionyear_pkey; Type: CONSTRAINT; Schema: public; Owner: gci_mis2
--

ALTER TABLE ONLY public."tbl_Sessionyear"
    ADD CONSTRAINT "tbl_Sessionyear_pkey" PRIMARY KEY (id);


--
-- Name: tbl_Settings tbl_Settings_pkey; Type: CONSTRAINT; Schema: public; Owner: gci_mis2
--

ALTER TABLE ONLY public."tbl_Settings"
    ADD CONSTRAINT "tbl_Settings_pkey" PRIMARY KEY (id);


--
-- Name: tbl_Sociallink tbl_Sociallink_pkey; Type: CONSTRAINT; Schema: public; Owner: gci_mis2
--

ALTER TABLE ONLY public."tbl_Sociallink"
    ADD CONSTRAINT "tbl_Sociallink_pkey" PRIMARY KEY (id);


--
-- Name: tbl_Sociallink tbl_Sociallink_user_id_key; Type: CONSTRAINT; Schema: public; Owner: gci_mis2
--

ALTER TABLE ONLY public."tbl_Sociallink"
    ADD CONSTRAINT "tbl_Sociallink_user_id_key" UNIQUE (user_id);


--
-- Name: tbl_Staff tbl_Staff_pkey; Type: CONSTRAINT; Schema: public; Owner: gci_mis2
--

ALTER TABLE ONLY public."tbl_Staff"
    ADD CONSTRAINT "tbl_Staff_pkey" PRIMARY KEY (id);


--
-- Name: tbl_Staff tbl_Staff_staff_user_id_key; Type: CONSTRAINT; Schema: public; Owner: gci_mis2
--

ALTER TABLE ONLY public."tbl_Staff"
    ADD CONSTRAINT "tbl_Staff_staff_user_id_key" UNIQUE (staff_user_id);


--
-- Name: tbl_Student tbl_Student_pkey; Type: CONSTRAINT; Schema: public; Owner: gci_mis2
--

ALTER TABLE ONLY public."tbl_Student"
    ADD CONSTRAINT "tbl_Student_pkey" PRIMARY KEY (id);


--
-- Name: tbl_Student tbl_Student_register_no_key; Type: CONSTRAINT; Schema: public; Owner: gci_mis2
--

ALTER TABLE ONLY public."tbl_Student"
    ADD CONSTRAINT "tbl_Student_register_no_key" UNIQUE (register_no);


--
-- Name: tbl_Student tbl_Student_stu_id_key; Type: CONSTRAINT; Schema: public; Owner: gci_mis2
--

ALTER TABLE ONLY public."tbl_Student"
    ADD CONSTRAINT "tbl_Student_stu_id_key" UNIQUE (stu_id);


--
-- Name: tbl_Student tbl_Student_student_user_id_key; Type: CONSTRAINT; Schema: public; Owner: gci_mis2
--

ALTER TABLE ONLY public."tbl_Student"
    ADD CONSTRAINT "tbl_Student_student_user_id_key" UNIQUE (student_user_id);


--
-- Name: tbl_Studentgroup tbl_Studentgroup_pkey; Type: CONSTRAINT; Schema: public; Owner: gci_mis2
--

ALTER TABLE ONLY public."tbl_Studentgroup"
    ADD CONSTRAINT "tbl_Studentgroup_pkey" PRIMARY KEY (id);


--
-- Name: tbl_Subject tbl_Subject_pkey; Type: CONSTRAINT; Schema: public; Owner: gci_mis2
--

ALTER TABLE ONLY public."tbl_Subject"
    ADD CONSTRAINT "tbl_Subject_pkey" PRIMARY KEY (subject_code);


--
-- Name: tbl_Transport tbl_Transport_pkey; Type: CONSTRAINT; Schema: public; Owner: gci_mis2
--

ALTER TABLE ONLY public."tbl_Transport"
    ADD CONSTRAINT "tbl_Transport_pkey" PRIMARY KEY (id);


--
-- Name: tbl_Userrole tbl_Userrole_pkey; Type: CONSTRAINT; Schema: public; Owner: gci_mis2
--

ALTER TABLE ONLY public."tbl_Userrole"
    ADD CONSTRAINT "tbl_Userrole_pkey" PRIMARY KEY (id);


--
-- Name: tbl_Userrole tbl_Userrole_user_id_key; Type: CONSTRAINT; Schema: public; Owner: gci_mis2
--

ALTER TABLE ONLY public."tbl_Userrole"
    ADD CONSTRAINT "tbl_Userrole_user_id_key" UNIQUE (user_id);


--
-- Name: tbl_notice tbl_notice_pkey; Type: CONSTRAINT; Schema: public; Owner: gci_mis2
--

ALTER TABLE ONLY public.tbl_notice
    ADD CONSTRAINT tbl_notice_pkey PRIMARY KEY (id);


--
-- Name: courses_routine unique_classtime; Type: CONSTRAINT; Schema: public; Owner: gci_mis2
--

ALTER TABLE ONLY public.courses_routine
    ADD CONSTRAINT unique_classtime UNIQUE (semester_id, day, period);


--
-- Name: student_management_app_subjectteacher unique_subject_teacher_section; Type: CONSTRAINT; Schema: public; Owner: gci_mis2
--

ALTER TABLE ONLY public.student_management_app_subjectteacher
    ADD CONSTRAINT unique_subject_teacher_section UNIQUE (subject_id, section_id);


--
-- Name: academic_historicalassignment_Subject_id_a6598bb0; Type: INDEX; Schema: public; Owner: gci_mis2
--

CREATE INDEX "academic_historicalassignment_Subject_id_a6598bb0" ON public.academic_historicalassignment USING btree ("Subject_id");


--
-- Name: academic_historicalassignment_Subject_id_a6598bb0_like; Type: INDEX; Schema: public; Owner: gci_mis2
--

CREATE INDEX "academic_historicalassignment_Subject_id_a6598bb0_like" ON public.academic_historicalassignment USING btree ("Subject_id" varchar_pattern_ops);


--
-- Name: academic_historicalassignment_created_by_id_81bd6a59; Type: INDEX; Schema: public; Owner: gci_mis2
--

CREATE INDEX academic_historicalassignment_created_by_id_81bd6a59 ON public.academic_historicalassignment USING btree (created_by_id);


--
-- Name: academic_historicalassignment_history_user_id_987b409d; Type: INDEX; Schema: public; Owner: gci_mis2
--

CREATE INDEX academic_historicalassignment_history_user_id_987b409d ON public.academic_historicalassignment USING btree (history_user_id);


--
-- Name: academic_historicalassignment_id_658d6daa; Type: INDEX; Schema: public; Owner: gci_mis2
--

CREATE INDEX academic_historicalassignment_id_658d6daa ON public.academic_historicalassignment USING btree (id);


--
-- Name: academic_historicalassignment_section_id_c5c74020; Type: INDEX; Schema: public; Owner: gci_mis2
--

CREATE INDEX academic_historicalassignment_section_id_c5c74020 ON public.academic_historicalassignment USING btree (section_id);


--
-- Name: academic_historicalassignment_semester_id_5355872f; Type: INDEX; Schema: public; Owner: gci_mis2
--

CREATE INDEX academic_historicalassignment_semester_id_5355872f ON public.academic_historicalassignment USING btree (semester_id);


--
-- Name: academic_historicalroutine_course_id_ffe68262; Type: INDEX; Schema: public; Owner: gci_mis2
--

CREATE INDEX academic_historicalroutine_course_id_ffe68262 ON public.academic_historicalroutine USING btree (course_id);


--
-- Name: academic_historicalroutine_history_user_id_d8156e22; Type: INDEX; Schema: public; Owner: gci_mis2
--

CREATE INDEX academic_historicalroutine_history_user_id_d8156e22 ON public.academic_historicalroutine USING btree (history_user_id);


--
-- Name: academic_historicalroutine_id_fb984dba; Type: INDEX; Schema: public; Owner: gci_mis2
--

CREATE INDEX academic_historicalroutine_id_fb984dba ON public.academic_historicalroutine USING btree (id);


--
-- Name: academic_historicalroutine_section_id_ace9b5a5; Type: INDEX; Schema: public; Owner: gci_mis2
--

CREATE INDEX academic_historicalroutine_section_id_ace9b5a5 ON public.academic_historicalroutine USING btree (section_id);


--
-- Name: academic_historicalroutine_semester_id_d79ff954; Type: INDEX; Schema: public; Owner: gci_mis2
--

CREATE INDEX academic_historicalroutine_semester_id_d79ff954 ON public.academic_historicalroutine USING btree (semester_id);


--
-- Name: academic_historicalsyllabus_history_user_id_21707c18; Type: INDEX; Schema: public; Owner: gci_mis2
--

CREATE INDEX academic_historicalsyllabus_history_user_id_21707c18 ON public.academic_historicalsyllabus USING btree (history_user_id);


--
-- Name: academic_historicalsyllabus_id_c74b1322; Type: INDEX; Schema: public; Owner: gci_mis2
--

CREATE INDEX academic_historicalsyllabus_id_c74b1322 ON public.academic_historicalsyllabus USING btree (id);


--
-- Name: academic_historicalsyllabus_semester_id_e99f0517; Type: INDEX; Schema: public; Owner: gci_mis2
--

CREATE INDEX academic_historicalsyllabus_semester_id_e99f0517 ON public.academic_historicalsyllabus USING btree (semester_id);


--
-- Name: announcement_historicalholiday_history_user_id_8c7550cf; Type: INDEX; Schema: public; Owner: gci_mis2
--

CREATE INDEX announcement_historicalholiday_history_user_id_8c7550cf ON public.announcement_historicalholiday USING btree (history_user_id);


--
-- Name: announcement_historicalholiday_id_5599f851; Type: INDEX; Schema: public; Owner: gci_mis2
--

CREATE INDEX announcement_historicalholiday_id_5599f851 ON public.announcement_historicalholiday USING btree (id);


--
-- Name: announcement_historicalnotice_created_by_id_3b2f9609; Type: INDEX; Schema: public; Owner: gci_mis2
--

CREATE INDEX announcement_historicalnotice_created_by_id_3b2f9609 ON public.announcement_historicalnotice USING btree (created_by_id);


--
-- Name: announcement_historicalnotice_history_user_id_2cbe3072; Type: INDEX; Schema: public; Owner: gci_mis2
--

CREATE INDEX announcement_historicalnotice_history_user_id_2cbe3072 ON public.announcement_historicalnotice USING btree (history_user_id);


--
-- Name: announcement_historicalnotice_id_feffa241; Type: INDEX; Schema: public; Owner: gci_mis2
--

CREATE INDEX announcement_historicalnotice_id_feffa241 ON public.announcement_historicalnotice USING btree (id);


--
-- Name: assignment_Subject_id_77b3f9b0; Type: INDEX; Schema: public; Owner: gci_mis2
--

CREATE INDEX "assignment_Subject_id_77b3f9b0" ON public.assignment USING btree ("Subject_id");


--
-- Name: assignment_Subject_id_77b3f9b0_like; Type: INDEX; Schema: public; Owner: gci_mis2
--

CREATE INDEX "assignment_Subject_id_77b3f9b0_like" ON public.assignment USING btree ("Subject_id" varchar_pattern_ops);


--
-- Name: assignment_created_by_id_b084c60b; Type: INDEX; Schema: public; Owner: gci_mis2
--

CREATE INDEX assignment_created_by_id_b084c60b ON public.assignment USING btree (created_by_id);


--
-- Name: assignment_section_id_d23dd6c9; Type: INDEX; Schema: public; Owner: gci_mis2
--

CREATE INDEX assignment_section_id_d23dd6c9 ON public.assignment USING btree (section_id);


--
-- Name: assignment_semester_id_c05739ec; Type: INDEX; Schema: public; Owner: gci_mis2
--

CREATE INDEX assignment_semester_id_c05739ec ON public.assignment USING btree (semester_id);


--
-- Name: attendance_attendance_section_id_ded4af75; Type: INDEX; Schema: public; Owner: gci_mis2
--

CREATE INDEX attendance_attendance_section_id_ded4af75 ON public.attendance_attendance USING btree (section_id);


--
-- Name: attendance_attendance_semester_id_2373f578; Type: INDEX; Schema: public; Owner: gci_mis2
--

CREATE INDEX attendance_attendance_semester_id_2373f578 ON public.attendance_attendance USING btree (semester_id);


--
-- Name: attendance_attendance_session_year_id_297c0331; Type: INDEX; Schema: public; Owner: gci_mis2
--

CREATE INDEX attendance_attendance_session_year_id_297c0331 ON public.attendance_attendance USING btree (session_year_id);


--
-- Name: attendance_attendance_subject_id_624b6d52; Type: INDEX; Schema: public; Owner: gci_mis2
--

CREATE INDEX attendance_attendance_subject_id_624b6d52 ON public.attendance_attendance USING btree (subject_id);


--
-- Name: attendance_attendance_subject_id_624b6d52_like; Type: INDEX; Schema: public; Owner: gci_mis2
--

CREATE INDEX attendance_attendance_subject_id_624b6d52_like ON public.attendance_attendance USING btree (subject_id varchar_pattern_ops);


--
-- Name: attendance_attendancereport_attendance_id_569db293; Type: INDEX; Schema: public; Owner: gci_mis2
--

CREATE INDEX attendance_attendancereport_attendance_id_569db293 ON public.attendance_attendancereport USING btree (attendance_id);


--
-- Name: attendance_attendancereport_extra_user_id_a6b22da6; Type: INDEX; Schema: public; Owner: gci_mis2
--

CREATE INDEX attendance_attendancereport_extra_user_id_a6b22da6 ON public.attendance_attendancereport USING btree (extra_user_id);


--
-- Name: attendance_attendancereport_staff_id_365b7a47; Type: INDEX; Schema: public; Owner: gci_mis2
--

CREATE INDEX attendance_attendancereport_staff_id_365b7a47 ON public.attendance_attendancereport USING btree (staff_id);


--
-- Name: attendance_attendancereport_student_id_505e4ce3; Type: INDEX; Schema: public; Owner: gci_mis2
--

CREATE INDEX attendance_attendancereport_student_id_505e4ce3 ON public.attendance_attendancereport USING btree (student_id);


--
-- Name: auth_group_name_a6ea08ec_like; Type: INDEX; Schema: public; Owner: gci_mis2
--

CREATE INDEX auth_group_name_a6ea08ec_like ON public.auth_group USING btree (name varchar_pattern_ops);


--
-- Name: auth_group_permissions_group_id_b120cbf9; Type: INDEX; Schema: public; Owner: gci_mis2
--

CREATE INDEX auth_group_permissions_group_id_b120cbf9 ON public.auth_group_permissions USING btree (group_id);


--
-- Name: auth_group_permissions_permission_id_84c5c92e; Type: INDEX; Schema: public; Owner: gci_mis2
--

CREATE INDEX auth_group_permissions_permission_id_84c5c92e ON public.auth_group_permissions USING btree (permission_id);


--
-- Name: auth_permission_content_type_id_2f476e4b; Type: INDEX; Schema: public; Owner: gci_mis2
--

CREATE INDEX auth_permission_content_type_id_2f476e4b ON public.auth_permission USING btree (content_type_id);


--
-- Name: courses_application_form_application_id_be1e90fa_like; Type: INDEX; Schema: public; Owner: gci_mis2
--

CREATE INDEX courses_application_form_application_id_be1e90fa_like ON public.courses_application_form USING btree (application_id varchar_pattern_ops);


--
-- Name: courses_application_form_semester_id_2aa368e5; Type: INDEX; Schema: public; Owner: gci_mis2
--

CREATE INDEX courses_application_form_semester_id_2aa368e5 ON public.courses_application_form USING btree (semester_id);


--
-- Name: courses_application_form_student_id_62b16614; Type: INDEX; Schema: public; Owner: gci_mis2
--

CREATE INDEX courses_application_form_student_id_62b16614 ON public.courses_application_form USING btree (student_id);


--
-- Name: courses_application_form_term_id_9948fd42; Type: INDEX; Schema: public; Owner: gci_mis2
--

CREATE INDEX courses_application_form_term_id_9948fd42 ON public.courses_application_form USING btree (term_id);


--
-- Name: courses_application_form_term_id_9948fd42_like; Type: INDEX; Schema: public; Owner: gci_mis2
--

CREATE INDEX courses_application_form_term_id_9948fd42_like ON public.courses_application_form USING btree (term_id varchar_pattern_ops);


--
-- Name: courses_exams_exam_id_dbaf578d_like; Type: INDEX; Schema: public; Owner: gci_mis2
--

CREATE INDEX courses_exams_exam_id_dbaf578d_like ON public.courses_exams USING btree (exam_id varchar_pattern_ops);


--
-- Name: courses_exams_subject_id_id_856dd336; Type: INDEX; Schema: public; Owner: gci_mis2
--

CREATE INDEX courses_exams_subject_id_id_856dd336 ON public.courses_exams USING btree (subject_id_id);


--
-- Name: courses_exams_subject_id_id_856dd336_like; Type: INDEX; Schema: public; Owner: gci_mis2
--

CREATE INDEX courses_exams_subject_id_id_856dd336_like ON public.courses_exams USING btree (subject_id_id varchar_pattern_ops);


--
-- Name: courses_exams_term_id_cd456514; Type: INDEX; Schema: public; Owner: gci_mis2
--

CREATE INDEX courses_exams_term_id_cd456514 ON public.courses_exams USING btree (term_id);


--
-- Name: courses_exams_term_id_cd456514_like; Type: INDEX; Schema: public; Owner: gci_mis2
--

CREATE INDEX courses_exams_term_id_cd456514_like ON public.courses_exams USING btree (term_id varchar_pattern_ops);


--
-- Name: courses_historicalapplication_form_application_id_3c397458; Type: INDEX; Schema: public; Owner: gci_mis2
--

CREATE INDEX courses_historicalapplication_form_application_id_3c397458 ON public.courses_historicalapplication_form USING btree (application_id);


--
-- Name: courses_historicalapplication_form_application_id_3c397458_like; Type: INDEX; Schema: public; Owner: gci_mis2
--

CREATE INDEX courses_historicalapplication_form_application_id_3c397458_like ON public.courses_historicalapplication_form USING btree (application_id varchar_pattern_ops);


--
-- Name: courses_historicalapplication_form_history_user_id_c62e35f4; Type: INDEX; Schema: public; Owner: gci_mis2
--

CREATE INDEX courses_historicalapplication_form_history_user_id_c62e35f4 ON public.courses_historicalapplication_form USING btree (history_user_id);


--
-- Name: courses_historicalapplication_form_semester_id_181a5fcd; Type: INDEX; Schema: public; Owner: gci_mis2
--

CREATE INDEX courses_historicalapplication_form_semester_id_181a5fcd ON public.courses_historicalapplication_form USING btree (semester_id);


--
-- Name: courses_historicalapplication_form_student_id_edad3667; Type: INDEX; Schema: public; Owner: gci_mis2
--

CREATE INDEX courses_historicalapplication_form_student_id_edad3667 ON public.courses_historicalapplication_form USING btree (student_id);


--
-- Name: courses_historicalapplication_form_term_id_35e207bd; Type: INDEX; Schema: public; Owner: gci_mis2
--

CREATE INDEX courses_historicalapplication_form_term_id_35e207bd ON public.courses_historicalapplication_form USING btree (term_id);


--
-- Name: courses_historicalapplication_form_term_id_35e207bd_like; Type: INDEX; Schema: public; Owner: gci_mis2
--

CREATE INDEX courses_historicalapplication_form_term_id_35e207bd_like ON public.courses_historicalapplication_form USING btree (term_id varchar_pattern_ops);


--
-- Name: courses_historicalexams_exam_id_f7ab3055; Type: INDEX; Schema: public; Owner: gci_mis2
--

CREATE INDEX courses_historicalexams_exam_id_f7ab3055 ON public.courses_historicalexams USING btree (exam_id);


--
-- Name: courses_historicalexams_exam_id_f7ab3055_like; Type: INDEX; Schema: public; Owner: gci_mis2
--

CREATE INDEX courses_historicalexams_exam_id_f7ab3055_like ON public.courses_historicalexams USING btree (exam_id varchar_pattern_ops);


--
-- Name: courses_historicalexams_history_user_id_17f12809; Type: INDEX; Schema: public; Owner: gci_mis2
--

CREATE INDEX courses_historicalexams_history_user_id_17f12809 ON public.courses_historicalexams USING btree (history_user_id);


--
-- Name: courses_historicalexams_subject_id_id_eaf0c642; Type: INDEX; Schema: public; Owner: gci_mis2
--

CREATE INDEX courses_historicalexams_subject_id_id_eaf0c642 ON public.courses_historicalexams USING btree (subject_id_id);


--
-- Name: courses_historicalexams_subject_id_id_eaf0c642_like; Type: INDEX; Schema: public; Owner: gci_mis2
--

CREATE INDEX courses_historicalexams_subject_id_id_eaf0c642_like ON public.courses_historicalexams USING btree (subject_id_id varchar_pattern_ops);


--
-- Name: courses_historicalexams_term_id_731d8b43; Type: INDEX; Schema: public; Owner: gci_mis2
--

CREATE INDEX courses_historicalexams_term_id_731d8b43 ON public.courses_historicalexams USING btree (term_id);


--
-- Name: courses_historicalexams_term_id_731d8b43_like; Type: INDEX; Schema: public; Owner: gci_mis2
--

CREATE INDEX courses_historicalexams_term_id_731d8b43_like ON public.courses_historicalexams USING btree (term_id varchar_pattern_ops);


--
-- Name: courses_historicalroutine_history_user_id_92f9c61f; Type: INDEX; Schema: public; Owner: gci_mis2
--

CREATE INDEX courses_historicalroutine_history_user_id_92f9c61f ON public.courses_historicalroutine USING btree (history_user_id);


--
-- Name: courses_historicalroutine_id_9cf89b1d; Type: INDEX; Schema: public; Owner: gci_mis2
--

CREATE INDEX courses_historicalroutine_id_9cf89b1d ON public.courses_historicalroutine USING btree (id);


--
-- Name: courses_historicalroutine_semester_id_dc839407; Type: INDEX; Schema: public; Owner: gci_mis2
--

CREATE INDEX courses_historicalroutine_semester_id_dc839407 ON public.courses_historicalroutine USING btree (semester_id);


--
-- Name: courses_historicalroutine_subject_id_779d04c4; Type: INDEX; Schema: public; Owner: gci_mis2
--

CREATE INDEX courses_historicalroutine_subject_id_779d04c4 ON public.courses_historicalroutine USING btree (subject_id);


--
-- Name: courses_historicalroutine_subject_id_779d04c4_like; Type: INDEX; Schema: public; Owner: gci_mis2
--

CREATE INDEX courses_historicalroutine_subject_id_779d04c4_like ON public.courses_historicalroutine USING btree (subject_id varchar_pattern_ops);


--
-- Name: courses_historicalselectedcourses_history_user_id_63e55335; Type: INDEX; Schema: public; Owner: gci_mis2
--

CREATE INDEX courses_historicalselectedcourses_history_user_id_63e55335 ON public.courses_historicalselectedcourses USING btree (history_user_id);


--
-- Name: courses_historicalselectedcourses_id_0d2c464d; Type: INDEX; Schema: public; Owner: gci_mis2
--

CREATE INDEX courses_historicalselectedcourses_id_0d2c464d ON public.courses_historicalselectedcourses USING btree (id);


--
-- Name: courses_historicalselectedcourses_semester_id_5e2db0d5; Type: INDEX; Schema: public; Owner: gci_mis2
--

CREATE INDEX courses_historicalselectedcourses_semester_id_5e2db0d5 ON public.courses_historicalselectedcourses USING btree (semester_id);


--
-- Name: courses_historicalselectedcourses_student_id_id_5c37abac; Type: INDEX; Schema: public; Owner: gci_mis2
--

CREATE INDEX courses_historicalselectedcourses_student_id_id_5c37abac ON public.courses_historicalselectedcourses USING btree (student_id_id);


--
-- Name: courses_historicalselectedcourses_subject_id_id_5e26b656; Type: INDEX; Schema: public; Owner: gci_mis2
--

CREATE INDEX courses_historicalselectedcourses_subject_id_id_5e26b656 ON public.courses_historicalselectedcourses USING btree (subject_id_id);


--
-- Name: courses_historicalselectedcourses_subject_id_id_5e26b656_like; Type: INDEX; Schema: public; Owner: gci_mis2
--

CREATE INDEX courses_historicalselectedcourses_subject_id_id_5e26b656_like ON public.courses_historicalselectedcourses USING btree (subject_id_id varchar_pattern_ops);


--
-- Name: courses_historicalstudentgrades_application_id_id_16e47afc; Type: INDEX; Schema: public; Owner: gci_mis2
--

CREATE INDEX courses_historicalstudentgrades_application_id_id_16e47afc ON public.courses_historicalstudentgrades USING btree (application_id_id);


--
-- Name: courses_historicalstudentgrades_application_id_id_16e47afc_like; Type: INDEX; Schema: public; Owner: gci_mis2
--

CREATE INDEX courses_historicalstudentgrades_application_id_id_16e47afc_like ON public.courses_historicalstudentgrades USING btree (application_id_id varchar_pattern_ops);


--
-- Name: courses_historicalstudentgrades_exam_id_id_acfd6743; Type: INDEX; Schema: public; Owner: gci_mis2
--

CREATE INDEX courses_historicalstudentgrades_exam_id_id_acfd6743 ON public.courses_historicalstudentgrades USING btree (exam_id_id);


--
-- Name: courses_historicalstudentgrades_exam_id_id_acfd6743_like; Type: INDEX; Schema: public; Owner: gci_mis2
--

CREATE INDEX courses_historicalstudentgrades_exam_id_id_acfd6743_like ON public.courses_historicalstudentgrades USING btree (exam_id_id varchar_pattern_ops);


--
-- Name: courses_historicalstudentgrades_history_user_id_2e1346ae; Type: INDEX; Schema: public; Owner: gci_mis2
--

CREATE INDEX courses_historicalstudentgrades_history_user_id_2e1346ae ON public.courses_historicalstudentgrades USING btree (history_user_id);


--
-- Name: courses_historicalstudentgrades_id_4f1542bd; Type: INDEX; Schema: public; Owner: gci_mis2
--

CREATE INDEX courses_historicalstudentgrades_id_4f1542bd ON public.courses_historicalstudentgrades USING btree (id);


--
-- Name: courses_historicalterm_history_user_id_408f80a5; Type: INDEX; Schema: public; Owner: gci_mis2
--

CREATE INDEX courses_historicalterm_history_user_id_408f80a5 ON public.courses_historicalterm USING btree (history_user_id);


--
-- Name: courses_historicalterm_term_id_36cb33b4; Type: INDEX; Schema: public; Owner: gci_mis2
--

CREATE INDEX courses_historicalterm_term_id_36cb33b4 ON public.courses_historicalterm USING btree (term_id);


--
-- Name: courses_historicalterm_term_id_36cb33b4_like; Type: INDEX; Schema: public; Owner: gci_mis2
--

CREATE INDEX courses_historicalterm_term_id_36cb33b4_like ON public.courses_historicalterm USING btree (term_id varchar_pattern_ops);


--
-- Name: courses_routine_semester_id_27a336dc; Type: INDEX; Schema: public; Owner: gci_mis2
--

CREATE INDEX courses_routine_semester_id_27a336dc ON public.courses_routine USING btree (semester_id);


--
-- Name: courses_routine_subject_id_3124bab6; Type: INDEX; Schema: public; Owner: gci_mis2
--

CREATE INDEX courses_routine_subject_id_3124bab6 ON public.courses_routine USING btree (subject_id);


--
-- Name: courses_routine_subject_id_3124bab6_like; Type: INDEX; Schema: public; Owner: gci_mis2
--

CREATE INDEX courses_routine_subject_id_3124bab6_like ON public.courses_routine USING btree (subject_id varchar_pattern_ops);


--
-- Name: courses_selectedcourses_semester_id_27ef801c; Type: INDEX; Schema: public; Owner: gci_mis2
--

CREATE INDEX courses_selectedcourses_semester_id_27ef801c ON public.courses_selectedcourses USING btree (semester_id);


--
-- Name: courses_selectedcourses_student_id_id_ff0a71f1; Type: INDEX; Schema: public; Owner: gci_mis2
--

CREATE INDEX courses_selectedcourses_student_id_id_ff0a71f1 ON public.courses_selectedcourses USING btree (student_id_id);


--
-- Name: courses_selectedcourses_subject_id_id_015aa6b8; Type: INDEX; Schema: public; Owner: gci_mis2
--

CREATE INDEX courses_selectedcourses_subject_id_id_015aa6b8 ON public.courses_selectedcourses USING btree (subject_id_id);


--
-- Name: courses_selectedcourses_subject_id_id_015aa6b8_like; Type: INDEX; Schema: public; Owner: gci_mis2
--

CREATE INDEX courses_selectedcourses_subject_id_id_015aa6b8_like ON public.courses_selectedcourses USING btree (subject_id_id varchar_pattern_ops);


--
-- Name: courses_studentgrades_application_id_id_94809cd5; Type: INDEX; Schema: public; Owner: gci_mis2
--

CREATE INDEX courses_studentgrades_application_id_id_94809cd5 ON public.courses_studentgrades USING btree (application_id_id);


--
-- Name: courses_studentgrades_application_id_id_94809cd5_like; Type: INDEX; Schema: public; Owner: gci_mis2
--

CREATE INDEX courses_studentgrades_application_id_id_94809cd5_like ON public.courses_studentgrades USING btree (application_id_id varchar_pattern_ops);


--
-- Name: courses_studentgrades_exam_id_id_af4e90d1; Type: INDEX; Schema: public; Owner: gci_mis2
--

CREATE INDEX courses_studentgrades_exam_id_id_af4e90d1 ON public.courses_studentgrades USING btree (exam_id_id);


--
-- Name: courses_studentgrades_exam_id_id_af4e90d1_like; Type: INDEX; Schema: public; Owner: gci_mis2
--

CREATE INDEX courses_studentgrades_exam_id_id_af4e90d1_like ON public.courses_studentgrades USING btree (exam_id_id varchar_pattern_ops);


--
-- Name: courses_term_term_id_0aa07935_like; Type: INDEX; Schema: public; Owner: gci_mis2
--

CREATE INDEX courses_term_term_id_0aa07935_like ON public.courses_term USING btree (term_id varchar_pattern_ops);


--
-- Name: django_admin_log_content_type_id_c4bce8eb; Type: INDEX; Schema: public; Owner: gci_mis2
--

CREATE INDEX django_admin_log_content_type_id_c4bce8eb ON public.django_admin_log USING btree (content_type_id);


--
-- Name: django_admin_log_user_id_c564eba6; Type: INDEX; Schema: public; Owner: gci_mis2
--

CREATE INDEX django_admin_log_user_id_c564eba6 ON public.django_admin_log USING btree (user_id);


--
-- Name: django_session_expire_date_a5c62663; Type: INDEX; Schema: public; Owner: gci_mis2
--

CREATE INDEX django_session_expire_date_a5c62663 ON public.django_session USING btree (expire_date);


--
-- Name: django_session_session_key_c0390e0f_like; Type: INDEX; Schema: public; Owner: gci_mis2
--

CREATE INDEX django_session_session_key_c0390e0f_like ON public.django_session USING btree (session_key varchar_pattern_ops);


--
-- Name: notifications_notification_created_by_id_44297423; Type: INDEX; Schema: public; Owner: gci_mis2
--

CREATE INDEX notifications_notification_created_by_id_44297423 ON public.notifications_notification USING btree (created_by_id);


--
-- Name: routine_course_id_167c644c; Type: INDEX; Schema: public; Owner: gci_mis2
--

CREATE INDEX routine_course_id_167c644c ON public.routine USING btree (course_id);


--
-- Name: routine_section_id_14562f0a; Type: INDEX; Schema: public; Owner: gci_mis2
--

CREATE INDEX routine_section_id_14562f0a ON public.routine USING btree (section_id);


--
-- Name: routine_semester_id_199c0841; Type: INDEX; Schema: public; Owner: gci_mis2
--

CREATE INDEX routine_semester_id_199c0841 ON public.routine USING btree (semester_id);


--
-- Name: schedule_calendar_slug_ba17e861_like; Type: INDEX; Schema: public; Owner: gci_mis2
--

CREATE INDEX schedule_calendar_slug_ba17e861_like ON public.schedule_calendar USING btree (slug varchar_pattern_ops);


--
-- Name: schedule_calendarrelatio_content_type_id_object_i_3378a516_idx; Type: INDEX; Schema: public; Owner: gci_mis2
--

CREATE INDEX schedule_calendarrelatio_content_type_id_object_i_3378a516_idx ON public.schedule_calendarrelation USING btree (content_type_id, object_id);


--
-- Name: schedule_calendarrelation_calendar_id_0a50be2e; Type: INDEX; Schema: public; Owner: gci_mis2
--

CREATE INDEX schedule_calendarrelation_calendar_id_0a50be2e ON public.schedule_calendarrelation USING btree (calendar_id);


--
-- Name: schedule_calendarrelation_content_type_id_f2a42f5b; Type: INDEX; Schema: public; Owner: gci_mis2
--

CREATE INDEX schedule_calendarrelation_content_type_id_f2a42f5b ON public.schedule_calendarrelation USING btree (content_type_id);


--
-- Name: schedule_calendarrelation_object_id_1743bce6; Type: INDEX; Schema: public; Owner: gci_mis2
--

CREATE INDEX schedule_calendarrelation_object_id_1743bce6 ON public.schedule_calendarrelation USING btree (object_id);


--
-- Name: schedule_event_calendar_id_eb1c700f; Type: INDEX; Schema: public; Owner: gci_mis2
--

CREATE INDEX schedule_event_calendar_id_eb1c700f ON public.schedule_event USING btree (calendar_id);


--
-- Name: schedule_event_creator_id_d2ffab6e; Type: INDEX; Schema: public; Owner: gci_mis2
--

CREATE INDEX schedule_event_creator_id_d2ffab6e ON public.schedule_event USING btree (creator_id);


--
-- Name: schedule_event_end_674c5848; Type: INDEX; Schema: public; Owner: gci_mis2
--

CREATE INDEX schedule_event_end_674c5848 ON public.schedule_event USING btree ("end");


--
-- Name: schedule_event_end_recurring_period_672addcf; Type: INDEX; Schema: public; Owner: gci_mis2
--

CREATE INDEX schedule_event_end_recurring_period_672addcf ON public.schedule_event USING btree (end_recurring_period);


--
-- Name: schedule_event_rule_id_90b83d31; Type: INDEX; Schema: public; Owner: gci_mis2
--

CREATE INDEX schedule_event_rule_id_90b83d31 ON public.schedule_event USING btree (rule_id);


--
-- Name: schedule_event_start_a11492a7; Type: INDEX; Schema: public; Owner: gci_mis2
--

CREATE INDEX schedule_event_start_a11492a7 ON public.schedule_event USING btree (start);


--
-- Name: schedule_event_start_end_89f30672_idx; Type: INDEX; Schema: public; Owner: gci_mis2
--

CREATE INDEX schedule_event_start_end_89f30672_idx ON public.schedule_event USING btree (start, "end");


--
-- Name: schedule_eventrelation_content_type_id_d4187723; Type: INDEX; Schema: public; Owner: gci_mis2
--

CREATE INDEX schedule_eventrelation_content_type_id_d4187723 ON public.schedule_eventrelation USING btree (content_type_id);


--
-- Name: schedule_eventrelation_content_type_id_object_id_c1b1e893_idx; Type: INDEX; Schema: public; Owner: gci_mis2
--

CREATE INDEX schedule_eventrelation_content_type_id_object_id_c1b1e893_idx ON public.schedule_eventrelation USING btree (content_type_id, object_id);


--
-- Name: schedule_eventrelation_event_id_8c57a7b4; Type: INDEX; Schema: public; Owner: gci_mis2
--

CREATE INDEX schedule_eventrelation_event_id_8c57a7b4 ON public.schedule_eventrelation USING btree (event_id);


--
-- Name: schedule_eventrelation_object_id_e22334a2; Type: INDEX; Schema: public; Owner: gci_mis2
--

CREATE INDEX schedule_eventrelation_object_id_e22334a2 ON public.schedule_eventrelation USING btree (object_id);


--
-- Name: schedule_historicalevent_calendar_id_da07aac7; Type: INDEX; Schema: public; Owner: gci_mis2
--

CREATE INDEX schedule_historicalevent_calendar_id_da07aac7 ON public.schedule_historicalevent USING btree (calendar_id);


--
-- Name: schedule_historicalevent_creator_id_d4febdee; Type: INDEX; Schema: public; Owner: gci_mis2
--

CREATE INDEX schedule_historicalevent_creator_id_d4febdee ON public.schedule_historicalevent USING btree (creator_id);


--
-- Name: schedule_historicalevent_end_ee69bef2; Type: INDEX; Schema: public; Owner: gci_mis2
--

CREATE INDEX schedule_historicalevent_end_ee69bef2 ON public.schedule_historicalevent USING btree ("end");


--
-- Name: schedule_historicalevent_end_recurring_period_80b8e5b6; Type: INDEX; Schema: public; Owner: gci_mis2
--

CREATE INDEX schedule_historicalevent_end_recurring_period_80b8e5b6 ON public.schedule_historicalevent USING btree (end_recurring_period);


--
-- Name: schedule_historicalevent_history_user_id_29266412; Type: INDEX; Schema: public; Owner: gci_mis2
--

CREATE INDEX schedule_historicalevent_history_user_id_29266412 ON public.schedule_historicalevent USING btree (history_user_id);


--
-- Name: schedule_historicalevent_id_7a6dfffc; Type: INDEX; Schema: public; Owner: gci_mis2
--

CREATE INDEX schedule_historicalevent_id_7a6dfffc ON public.schedule_historicalevent USING btree (id);


--
-- Name: schedule_historicalevent_rule_id_c1f06231; Type: INDEX; Schema: public; Owner: gci_mis2
--

CREATE INDEX schedule_historicalevent_rule_id_c1f06231 ON public.schedule_historicalevent USING btree (rule_id);


--
-- Name: schedule_historicalevent_start_8ae32bc4; Type: INDEX; Schema: public; Owner: gci_mis2
--

CREATE INDEX schedule_historicalevent_start_8ae32bc4 ON public.schedule_historicalevent USING btree (start);


--
-- Name: schedule_occurrence_end_ae255624; Type: INDEX; Schema: public; Owner: gci_mis2
--

CREATE INDEX schedule_occurrence_end_ae255624 ON public.schedule_occurrence USING btree ("end");


--
-- Name: schedule_occurrence_event_id_ade47cd8; Type: INDEX; Schema: public; Owner: gci_mis2
--

CREATE INDEX schedule_occurrence_event_id_ade47cd8 ON public.schedule_occurrence USING btree (event_id);


--
-- Name: schedule_occurrence_start_b28eeb2f; Type: INDEX; Schema: public; Owner: gci_mis2
--

CREATE INDEX schedule_occurrence_start_b28eeb2f ON public.schedule_occurrence USING btree (start);


--
-- Name: schedule_occurrence_start_end_5fc98870_idx; Type: INDEX; Schema: public; Owner: gci_mis2
--

CREATE INDEX schedule_occurrence_start_end_5fc98870_idx ON public.schedule_occurrence USING btree (start, "end");


--
-- Name: student_management_app_h_optional_subject_id_52621da1_like; Type: INDEX; Schema: public; Owner: gci_mis2
--

CREATE INDEX student_management_app_h_optional_subject_id_52621da1_like ON public.student_management_app_historicalstudent USING btree (optional_subject_id varchar_pattern_ops);


--
-- Name: student_management_app_h_register_no_12a95e26_like; Type: INDEX; Schema: public; Owner: gci_mis2
--

CREATE INDEX student_management_app_h_register_no_12a95e26_like ON public.student_management_app_historicalstudent USING btree (register_no varchar_pattern_ops);


--
-- Name: student_management_app_h_subject_code_ba2dfec7_like; Type: INDEX; Schema: public; Owner: gci_mis2
--

CREATE INDEX student_management_app_h_subject_code_ba2dfec7_like ON public.student_management_app_historicalsubject USING btree (subject_code varchar_pattern_ops);


--
-- Name: student_management_app_h_subject_id_4ab3a043_like; Type: INDEX; Schema: public; Owner: gci_mis2
--

CREATE INDEX student_management_app_h_subject_id_4ab3a043_like ON public.student_management_app_historicalstudent USING btree (subject_id varchar_pattern_ops);


--
-- Name: student_management_app_his_admin_user_id_9d164dd0; Type: INDEX; Schema: public; Owner: gci_mis2
--

CREATE INDEX student_management_app_his_admin_user_id_9d164dd0 ON public.student_management_app_historicaladminuser USING btree (admin_user_id);


--
-- Name: student_management_app_his_extra_user_id_2f492388; Type: INDEX; Schema: public; Owner: gci_mis2
--

CREATE INDEX student_management_app_his_extra_user_id_2f492388 ON public.student_management_app_historicaldocumentfile USING btree (extra_user_id);


--
-- Name: student_management_app_his_extra_user_id_6f6ddb89; Type: INDEX; Schema: public; Owner: gci_mis2
--

CREATE INDEX student_management_app_his_extra_user_id_6f6ddb89 ON public.student_management_app_historicalextrauser USING btree (extra_user_id);


--
-- Name: student_management_app_his_history_user_id_22bf3c58; Type: INDEX; Schema: public; Owner: gci_mis2
--

CREATE INDEX student_management_app_his_history_user_id_22bf3c58 ON public.student_management_app_historicalcertificatetemplate USING btree (history_user_id);


--
-- Name: student_management_app_his_history_user_id_47c1fb23; Type: INDEX; Schema: public; Owner: gci_mis2
--

CREATE INDEX student_management_app_his_history_user_id_47c1fb23 ON public.student_management_app_historicaldocumentfile USING btree (history_user_id);


--
-- Name: student_management_app_his_history_user_id_4f0e2d2e; Type: INDEX; Schema: public; Owner: gci_mis2
--

CREATE INDEX student_management_app_his_history_user_id_4f0e2d2e ON public.student_management_app_historicalcourse USING btree (history_user_id);


--
-- Name: student_management_app_his_history_user_id_654ab3e5; Type: INDEX; Schema: public; Owner: gci_mis2
--

CREATE INDEX student_management_app_his_history_user_id_654ab3e5 ON public.student_management_app_historicalsubject USING btree (history_user_id);


--
-- Name: student_management_app_his_history_user_id_6c747843; Type: INDEX; Schema: public; Owner: gci_mis2
--

CREATE INDEX student_management_app_his_history_user_id_6c747843 ON public.student_management_app_historicaladminuser USING btree (history_user_id);


--
-- Name: student_management_app_his_history_user_id_74120395; Type: INDEX; Schema: public; Owner: gci_mis2
--

CREATE INDEX student_management_app_his_history_user_id_74120395 ON public.student_management_app_historicalcomplain USING btree (history_user_id);


--
-- Name: student_management_app_his_history_user_id_7bca8427; Type: INDEX; Schema: public; Owner: gci_mis2
--

CREATE INDEX student_management_app_his_history_user_id_7bca8427 ON public.student_management_app_historicalextrauser USING btree (history_user_id);


--
-- Name: student_management_app_his_history_user_id_8c37e5ac; Type: INDEX; Schema: public; Owner: gci_mis2
--

CREATE INDEX student_management_app_his_history_user_id_8c37e5ac ON public.student_management_app_historicalsemester USING btree (history_user_id);


--
-- Name: student_management_app_his_history_user_id_93915896; Type: INDEX; Schema: public; Owner: gci_mis2
--

CREATE INDEX student_management_app_his_history_user_id_93915896 ON public.student_management_app_historicalstudent USING btree (history_user_id);


--
-- Name: student_management_app_his_history_user_id_b5428f62; Type: INDEX; Schema: public; Owner: gci_mis2
--

CREATE INDEX student_management_app_his_history_user_id_b5428f62 ON public.student_management_app_historicalsection USING btree (history_user_id);


--
-- Name: student_management_app_his_history_user_id_bf8a9d14; Type: INDEX; Schema: public; Owner: gci_mis2
--

CREATE INDEX student_management_app_his_history_user_id_bf8a9d14 ON public.student_management_app_historicalsociallink USING btree (history_user_id);


--
-- Name: student_management_app_his_id_dbf4a80d; Type: INDEX; Schema: public; Owner: gci_mis2
--

CREATE INDEX student_management_app_his_id_dbf4a80d ON public.student_management_app_historicalcertificatetemplate USING btree (id);


--
-- Name: student_management_app_his_optional_subject_id_52621da1; Type: INDEX; Schema: public; Owner: gci_mis2
--

CREATE INDEX student_management_app_his_optional_subject_id_52621da1 ON public.student_management_app_historicalstudent USING btree (optional_subject_id);


--
-- Name: student_management_app_his_parent_id_89279dc3; Type: INDEX; Schema: public; Owner: gci_mis2
--

CREATE INDEX student_management_app_his_parent_id_89279dc3 ON public.student_management_app_historicaldocumentfile USING btree (parent_id);


--
-- Name: student_management_app_his_session_year_id_0591d3f8; Type: INDEX; Schema: public; Owner: gci_mis2
--

CREATE INDEX student_management_app_his_session_year_id_0591d3f8 ON public.student_management_app_historicalstudent USING btree (session_year_id);


--
-- Name: student_management_app_his_student_id_1a1ec57f; Type: INDEX; Schema: public; Owner: gci_mis2
--

CREATE INDEX student_management_app_his_student_id_1a1ec57f ON public.student_management_app_historicaldocumentfile USING btree (student_id);


--
-- Name: student_management_app_his_student_id_a3e52c6c; Type: INDEX; Schema: public; Owner: gci_mis2
--

CREATE INDEX student_management_app_his_student_id_a3e52c6c ON public.student_management_app_historicalcertificatetemplate USING btree (student_id);


--
-- Name: student_management_app_his_student_user_id_b956b9d3; Type: INDEX; Schema: public; Owner: gci_mis2
--

CREATE INDEX student_management_app_his_student_user_id_b956b9d3 ON public.student_management_app_historicalstudent USING btree (student_user_id);


--
-- Name: student_management_app_historicaladminuser_id_62a8e937; Type: INDEX; Schema: public; Owner: gci_mis2
--

CREATE INDEX student_management_app_historicaladminuser_id_62a8e937 ON public.student_management_app_historicaladminuser USING btree (id);


--
-- Name: student_management_app_historicalcomplain_id_1ff422d8; Type: INDEX; Schema: public; Owner: gci_mis2
--

CREATE INDEX student_management_app_historicalcomplain_id_1ff422d8 ON public.student_management_app_historicalcomplain USING btree (id);


--
-- Name: student_management_app_historicalcomplain_user_id_c98a6a5d; Type: INDEX; Schema: public; Owner: gci_mis2
--

CREATE INDEX student_management_app_historicalcomplain_user_id_c98a6a5d ON public.student_management_app_historicalcomplain USING btree (user_id);


--
-- Name: student_management_app_historicalcourse_id_4ec4c194; Type: INDEX; Schema: public; Owner: gci_mis2
--

CREATE INDEX student_management_app_historicalcourse_id_4ec4c194 ON public.student_management_app_historicalcourse USING btree (id);


--
-- Name: student_management_app_historicaldocumentfile_id_0290f13c; Type: INDEX; Schema: public; Owner: gci_mis2
--

CREATE INDEX student_management_app_historicaldocumentfile_id_0290f13c ON public.student_management_app_historicaldocumentfile USING btree (id);


--
-- Name: student_management_app_historicaldocumentfile_staff_id_414eec86; Type: INDEX; Schema: public; Owner: gci_mis2
--

CREATE INDEX student_management_app_historicaldocumentfile_staff_id_414eec86 ON public.student_management_app_historicaldocumentfile USING btree (staff_id);


--
-- Name: student_management_app_historicalextrauser_id_535d92ca; Type: INDEX; Schema: public; Owner: gci_mis2
--

CREATE INDEX student_management_app_historicalextrauser_id_535d92ca ON public.student_management_app_historicalextrauser USING btree (id);


--
-- Name: student_management_app_historicalextrauser_role_id_79fb1943; Type: INDEX; Schema: public; Owner: gci_mis2
--

CREATE INDEX student_management_app_historicalextrauser_role_id_79fb1943 ON public.student_management_app_historicalextrauser USING btree (role_id);


--
-- Name: student_management_app_historicalsection_id_db4e1009; Type: INDEX; Schema: public; Owner: gci_mis2
--

CREATE INDEX student_management_app_historicalsection_id_db4e1009 ON public.student_management_app_historicalsection USING btree (id);


--
-- Name: student_management_app_historicalsection_semester_id_9f1585b9; Type: INDEX; Schema: public; Owner: gci_mis2
--

CREATE INDEX student_management_app_historicalsection_semester_id_9f1585b9 ON public.student_management_app_historicalsection USING btree (semester_id);


--
-- Name: student_management_app_historicalsection_staff_id_88e78650; Type: INDEX; Schema: public; Owner: gci_mis2
--

CREATE INDEX student_management_app_historicalsection_staff_id_88e78650 ON public.student_management_app_historicalsection USING btree (staff_id);


--
-- Name: student_management_app_historicalsemester_id_9e21ace0; Type: INDEX; Schema: public; Owner: gci_mis2
--

CREATE INDEX student_management_app_historicalsemester_id_9e21ace0 ON public.student_management_app_historicalsemester USING btree (id);


--
-- Name: student_management_app_historicalsemester_name_58d81026; Type: INDEX; Schema: public; Owner: gci_mis2
--

CREATE INDEX student_management_app_historicalsemester_name_58d81026 ON public.student_management_app_historicalsemester USING btree (name);


--
-- Name: student_management_app_historicalsemester_name_58d81026_like; Type: INDEX; Schema: public; Owner: gci_mis2
--

CREATE INDEX student_management_app_historicalsemester_name_58d81026_like ON public.student_management_app_historicalsemester USING btree (name varchar_pattern_ops);


--
-- Name: student_management_app_historicalsociallink_id_537bb23e; Type: INDEX; Schema: public; Owner: gci_mis2
--

CREATE INDEX student_management_app_historicalsociallink_id_537bb23e ON public.student_management_app_historicalsociallink USING btree (id);


--
-- Name: student_management_app_historicalsociallink_user_id_33ffc511; Type: INDEX; Schema: public; Owner: gci_mis2
--

CREATE INDEX student_management_app_historicalsociallink_user_id_33ffc511 ON public.student_management_app_historicalsociallink USING btree (user_id);


--
-- Name: student_management_app_historicalstaff_history_user_id_fd0735d1; Type: INDEX; Schema: public; Owner: gci_mis2
--

CREATE INDEX student_management_app_historicalstaff_history_user_id_fd0735d1 ON public.student_management_app_historicalstaff USING btree (history_user_id);


--
-- Name: student_management_app_historicalstaff_id_6debff33; Type: INDEX; Schema: public; Owner: gci_mis2
--

CREATE INDEX student_management_app_historicalstaff_id_6debff33 ON public.student_management_app_historicalstaff USING btree (id);


--
-- Name: student_management_app_historicalstaff_staff_user_id_2984dd67; Type: INDEX; Schema: public; Owner: gci_mis2
--

CREATE INDEX student_management_app_historicalstaff_staff_user_id_2984dd67 ON public.student_management_app_historicalstaff USING btree (staff_user_id);


--
-- Name: student_management_app_historicalstudent_group_id_6c6af427; Type: INDEX; Schema: public; Owner: gci_mis2
--

CREATE INDEX student_management_app_historicalstudent_group_id_6c6af427 ON public.student_management_app_historicalstudent USING btree (group_id);


--
-- Name: student_management_app_historicalstudent_guardian_id_c8faa4b8; Type: INDEX; Schema: public; Owner: gci_mis2
--

CREATE INDEX student_management_app_historicalstudent_guardian_id_c8faa4b8 ON public.student_management_app_historicalstudent USING btree (guardian_id);


--
-- Name: student_management_app_historicalstudent_id_cca42def; Type: INDEX; Schema: public; Owner: gci_mis2
--

CREATE INDEX student_management_app_historicalstudent_id_cca42def ON public.student_management_app_historicalstudent USING btree (id);


--
-- Name: student_management_app_historicalstudent_register_no_12a95e26; Type: INDEX; Schema: public; Owner: gci_mis2
--

CREATE INDEX student_management_app_historicalstudent_register_no_12a95e26 ON public.student_management_app_historicalstudent USING btree (register_no);


--
-- Name: student_management_app_historicalstudent_section_id_b102699b; Type: INDEX; Schema: public; Owner: gci_mis2
--

CREATE INDEX student_management_app_historicalstudent_section_id_b102699b ON public.student_management_app_historicalstudent USING btree (section_id);


--
-- Name: student_management_app_historicalstudent_semester_id_1b288cee; Type: INDEX; Schema: public; Owner: gci_mis2
--

CREATE INDEX student_management_app_historicalstudent_semester_id_1b288cee ON public.student_management_app_historicalstudent USING btree (semester_id);


--
-- Name: student_management_app_historicalstudent_stu_id_d20d58cc; Type: INDEX; Schema: public; Owner: gci_mis2
--

CREATE INDEX student_management_app_historicalstudent_stu_id_d20d58cc ON public.student_management_app_historicalstudent USING btree (stu_id);


--
-- Name: student_management_app_historicalstudent_stu_id_d20d58cc_like; Type: INDEX; Schema: public; Owner: gci_mis2
--

CREATE INDEX student_management_app_historicalstudent_stu_id_d20d58cc_like ON public.student_management_app_historicalstudent USING btree (stu_id varchar_pattern_ops);


--
-- Name: student_management_app_historicalstudent_subject_id_4ab3a043; Type: INDEX; Schema: public; Owner: gci_mis2
--

CREATE INDEX student_management_app_historicalstudent_subject_id_4ab3a043 ON public.student_management_app_historicalstudent USING btree (subject_id);


--
-- Name: student_management_app_historicalstudent_transport_id_62bd8ac1; Type: INDEX; Schema: public; Owner: gci_mis2
--

CREATE INDEX student_management_app_historicalstudent_transport_id_62bd8ac1 ON public.student_management_app_historicalstudent USING btree (transport_id);


--
-- Name: student_management_app_historicalsubject_course_id_c4116282; Type: INDEX; Schema: public; Owner: gci_mis2
--

CREATE INDEX student_management_app_historicalsubject_course_id_c4116282 ON public.student_management_app_historicalsubject USING btree (course_id);


--
-- Name: student_management_app_historicalsubject_subject_code_ba2dfec7; Type: INDEX; Schema: public; Owner: gci_mis2
--

CREATE INDEX student_management_app_historicalsubject_subject_code_ba2dfec7 ON public.student_management_app_historicalsubject USING btree (subject_code);


--
-- Name: student_management_app_subjectteacher_section_id_0cbcf791; Type: INDEX; Schema: public; Owner: gci_mis2
--

CREATE INDEX student_management_app_subjectteacher_section_id_0cbcf791 ON public.student_management_app_subjectteacher USING btree (section_id);


--
-- Name: student_management_app_subjectteacher_subject_id_9be038dd; Type: INDEX; Schema: public; Owner: gci_mis2
--

CREATE INDEX student_management_app_subjectteacher_subject_id_9be038dd ON public.student_management_app_subjectteacher USING btree (subject_id);


--
-- Name: student_management_app_subjectteacher_subject_id_9be038dd_like; Type: INDEX; Schema: public; Owner: gci_mis2
--

CREATE INDEX student_management_app_subjectteacher_subject_id_9be038dd_like ON public.student_management_app_subjectteacher USING btree (subject_id varchar_pattern_ops);


--
-- Name: student_management_app_subjectteacher_teacher_id_f053e3cc; Type: INDEX; Schema: public; Owner: gci_mis2
--

CREATE INDEX student_management_app_subjectteacher_teacher_id_f053e3cc ON public.student_management_app_subjectteacher USING btree (teacher_id);


--
-- Name: syllabus_semester_id_2287b214; Type: INDEX; Schema: public; Owner: gci_mis2
--

CREATE INDEX syllabus_semester_id_2287b214 ON public.syllabus USING btree (semester_id);


--
-- Name: tbl_Certificatetemplate_student_id_a69c55e9; Type: INDEX; Schema: public; Owner: gci_mis2
--

CREATE INDEX "tbl_Certificatetemplate_student_id_a69c55e9" ON public."tbl_Certificatetemplate" USING btree (student_id);


--
-- Name: tbl_Customuser_groups_customuser_id_e62288a1; Type: INDEX; Schema: public; Owner: gci_mis2
--

CREATE INDEX "tbl_Customuser_groups_customuser_id_e62288a1" ON public."tbl_Customuser_groups" USING btree (customuser_id);


--
-- Name: tbl_Customuser_groups_group_id_e80df4df; Type: INDEX; Schema: public; Owner: gci_mis2
--

CREATE INDEX "tbl_Customuser_groups_group_id_e80df4df" ON public."tbl_Customuser_groups" USING btree (group_id);


--
-- Name: tbl_Customuser_user_permissions_customuser_id_154c9ae2; Type: INDEX; Schema: public; Owner: gci_mis2
--

CREATE INDEX "tbl_Customuser_user_permissions_customuser_id_154c9ae2" ON public."tbl_Customuser_user_permissions" USING btree (customuser_id);


--
-- Name: tbl_Customuser_user_permissions_permission_id_6364b6cc; Type: INDEX; Schema: public; Owner: gci_mis2
--

CREATE INDEX "tbl_Customuser_user_permissions_permission_id_6364b6cc" ON public."tbl_Customuser_user_permissions" USING btree (permission_id);


--
-- Name: tbl_Customuser_user_type_id_ba43dd12; Type: INDEX; Schema: public; Owner: gci_mis2
--

CREATE INDEX "tbl_Customuser_user_type_id_ba43dd12" ON public."tbl_Customuser" USING btree (user_type_id);


--
-- Name: tbl_Customuser_username_794efbc2_like; Type: INDEX; Schema: public; Owner: gci_mis2
--

CREATE INDEX "tbl_Customuser_username_794efbc2_like" ON public."tbl_Customuser" USING btree (username varchar_pattern_ops);


--
-- Name: tbl_Documentfile_extra_user_id_8b154ecc; Type: INDEX; Schema: public; Owner: gci_mis2
--

CREATE INDEX "tbl_Documentfile_extra_user_id_8b154ecc" ON public."tbl_Documentfile" USING btree (extra_user_id);


--
-- Name: tbl_Documentfile_parent_id_03172290; Type: INDEX; Schema: public; Owner: gci_mis2
--

CREATE INDEX "tbl_Documentfile_parent_id_03172290" ON public."tbl_Documentfile" USING btree (parent_id);


--
-- Name: tbl_Documentfile_staff_id_048dfa79; Type: INDEX; Schema: public; Owner: gci_mis2
--

CREATE INDEX "tbl_Documentfile_staff_id_048dfa79" ON public."tbl_Documentfile" USING btree (staff_id);


--
-- Name: tbl_Documentfile_student_id_71507992; Type: INDEX; Schema: public; Owner: gci_mis2
--

CREATE INDEX "tbl_Documentfile_student_id_71507992" ON public."tbl_Documentfile" USING btree (student_id);


--
-- Name: tbl_Extrauser_role_id_03ac3dea; Type: INDEX; Schema: public; Owner: gci_mis2
--

CREATE INDEX "tbl_Extrauser_role_id_03ac3dea" ON public."tbl_Extrauser" USING btree (role_id);


--
-- Name: tbl_Optionalsubject_course_id_6811035e; Type: INDEX; Schema: public; Owner: gci_mis2
--

CREATE INDEX "tbl_Optionalsubject_course_id_6811035e" ON public."tbl_Optionalsubject" USING btree (course_id);


--
-- Name: tbl_Optionalsubject_semester_id_508c4513; Type: INDEX; Schema: public; Owner: gci_mis2
--

CREATE INDEX "tbl_Optionalsubject_semester_id_508c4513" ON public."tbl_Optionalsubject" USING btree (semester_id);


--
-- Name: tbl_Optionalsubject_staff_user_id_f7300ebb; Type: INDEX; Schema: public; Owner: gci_mis2
--

CREATE INDEX "tbl_Optionalsubject_staff_user_id_f7300ebb" ON public."tbl_Optionalsubject" USING btree (staff_user_id);


--
-- Name: tbl_Section_semester_id_012d164a; Type: INDEX; Schema: public; Owner: gci_mis2
--

CREATE INDEX "tbl_Section_semester_id_012d164a" ON public."tbl_Section" USING btree (semester_id);


--
-- Name: tbl_Section_staff_id_66808014; Type: INDEX; Schema: public; Owner: gci_mis2
--

CREATE INDEX "tbl_Section_staff_id_66808014" ON public."tbl_Section" USING btree (staff_id);


--
-- Name: tbl_Section_subject_section_id_0ff0878d; Type: INDEX; Schema: public; Owner: gci_mis2
--

CREATE INDEX "tbl_Section_subject_section_id_0ff0878d" ON public."tbl_Section_subject" USING btree (section_id);


--
-- Name: tbl_Section_subject_subject_id_bc36b786; Type: INDEX; Schema: public; Owner: gci_mis2
--

CREATE INDEX "tbl_Section_subject_subject_id_bc36b786" ON public."tbl_Section_subject" USING btree (subject_id);


--
-- Name: tbl_Section_subject_subject_id_bc36b786_like; Type: INDEX; Schema: public; Owner: gci_mis2
--

CREATE INDEX "tbl_Section_subject_subject_id_bc36b786_like" ON public."tbl_Section_subject" USING btree (subject_id varchar_pattern_ops);


--
-- Name: tbl_Semester_name_ed22410e_like; Type: INDEX; Schema: public; Owner: gci_mis2
--

CREATE INDEX "tbl_Semester_name_ed22410e_like" ON public."tbl_Semester" USING btree (name varchar_pattern_ops);


--
-- Name: tbl_Student_group_id_9d7d4c44; Type: INDEX; Schema: public; Owner: gci_mis2
--

CREATE INDEX "tbl_Student_group_id_9d7d4c44" ON public."tbl_Student" USING btree (group_id);


--
-- Name: tbl_Student_guardian_id_4747299e; Type: INDEX; Schema: public; Owner: gci_mis2
--

CREATE INDEX "tbl_Student_guardian_id_4747299e" ON public."tbl_Student" USING btree (guardian_id);


--
-- Name: tbl_Student_optional_subject_id_6cbb269b; Type: INDEX; Schema: public; Owner: gci_mis2
--

CREATE INDEX "tbl_Student_optional_subject_id_6cbb269b" ON public."tbl_Student" USING btree (optional_subject_id);


--
-- Name: tbl_Student_optional_subject_id_6cbb269b_like; Type: INDEX; Schema: public; Owner: gci_mis2
--

CREATE INDEX "tbl_Student_optional_subject_id_6cbb269b_like" ON public."tbl_Student" USING btree (optional_subject_id varchar_pattern_ops);


--
-- Name: tbl_Student_register_no_6b840053_like; Type: INDEX; Schema: public; Owner: gci_mis2
--

CREATE INDEX "tbl_Student_register_no_6b840053_like" ON public."tbl_Student" USING btree (register_no varchar_pattern_ops);


--
-- Name: tbl_Student_section_id_85ea8493; Type: INDEX; Schema: public; Owner: gci_mis2
--

CREATE INDEX "tbl_Student_section_id_85ea8493" ON public."tbl_Student" USING btree (section_id);


--
-- Name: tbl_Student_semester_id_96e2d68c; Type: INDEX; Schema: public; Owner: gci_mis2
--

CREATE INDEX "tbl_Student_semester_id_96e2d68c" ON public."tbl_Student" USING btree (semester_id);


--
-- Name: tbl_Student_session_year_id_924a6532; Type: INDEX; Schema: public; Owner: gci_mis2
--

CREATE INDEX "tbl_Student_session_year_id_924a6532" ON public."tbl_Student" USING btree (session_year_id);


--
-- Name: tbl_Student_stu_id_a0eb2a72_like; Type: INDEX; Schema: public; Owner: gci_mis2
--

CREATE INDEX "tbl_Student_stu_id_a0eb2a72_like" ON public."tbl_Student" USING btree (stu_id varchar_pattern_ops);


--
-- Name: tbl_Student_subject_id_503676c7; Type: INDEX; Schema: public; Owner: gci_mis2
--

CREATE INDEX "tbl_Student_subject_id_503676c7" ON public."tbl_Student" USING btree (subject_id);


--
-- Name: tbl_Student_subject_id_503676c7_like; Type: INDEX; Schema: public; Owner: gci_mis2
--

CREATE INDEX "tbl_Student_subject_id_503676c7_like" ON public."tbl_Student" USING btree (subject_id varchar_pattern_ops);


--
-- Name: tbl_Student_transport_id_1986aec4; Type: INDEX; Schema: public; Owner: gci_mis2
--

CREATE INDEX "tbl_Student_transport_id_1986aec4" ON public."tbl_Student" USING btree (transport_id);


--
-- Name: tbl_Subject_course_id_5b2b9f90; Type: INDEX; Schema: public; Owner: gci_mis2
--

CREATE INDEX "tbl_Subject_course_id_5b2b9f90" ON public."tbl_Subject" USING btree (course_id);


--
-- Name: tbl_Subject_subject_code_18a9a65f_like; Type: INDEX; Schema: public; Owner: gci_mis2
--

CREATE INDEX "tbl_Subject_subject_code_18a9a65f_like" ON public."tbl_Subject" USING btree (subject_code varchar_pattern_ops);


--
-- Name: tbl_notice_created_by_id_d4bfbf5e; Type: INDEX; Schema: public; Owner: gci_mis2
--

CREATE INDEX tbl_notice_created_by_id_d4bfbf5e ON public.tbl_notice USING btree (created_by_id);


--
-- Name: academic_historicalassignment academic_historicala_history_user_id_987b409d_fk_tbl_Custo; Type: FK CONSTRAINT; Schema: public; Owner: gci_mis2
--

ALTER TABLE ONLY public.academic_historicalassignment
    ADD CONSTRAINT "academic_historicala_history_user_id_987b409d_fk_tbl_Custo" FOREIGN KEY (history_user_id) REFERENCES public."tbl_Customuser"(id) DEFERRABLE INITIALLY DEFERRED;


--
-- Name: academic_historicalroutine academic_historicalr_history_user_id_d8156e22_fk_tbl_Custo; Type: FK CONSTRAINT; Schema: public; Owner: gci_mis2
--

ALTER TABLE ONLY public.academic_historicalroutine
    ADD CONSTRAINT "academic_historicalr_history_user_id_d8156e22_fk_tbl_Custo" FOREIGN KEY (history_user_id) REFERENCES public."tbl_Customuser"(id) DEFERRABLE INITIALLY DEFERRED;


--
-- Name: academic_historicalsyllabus academic_historicals_history_user_id_21707c18_fk_tbl_Custo; Type: FK CONSTRAINT; Schema: public; Owner: gci_mis2
--

ALTER TABLE ONLY public.academic_historicalsyllabus
    ADD CONSTRAINT "academic_historicals_history_user_id_21707c18_fk_tbl_Custo" FOREIGN KEY (history_user_id) REFERENCES public."tbl_Customuser"(id) DEFERRABLE INITIALLY DEFERRED;


--
-- Name: announcement_historicalnotice announcement_histori_history_user_id_2cbe3072_fk_tbl_Custo; Type: FK CONSTRAINT; Schema: public; Owner: gci_mis2
--

ALTER TABLE ONLY public.announcement_historicalnotice
    ADD CONSTRAINT "announcement_histori_history_user_id_2cbe3072_fk_tbl_Custo" FOREIGN KEY (history_user_id) REFERENCES public."tbl_Customuser"(id) DEFERRABLE INITIALLY DEFERRED;


--
-- Name: announcement_historicalholiday announcement_histori_history_user_id_8c7550cf_fk_tbl_Custo; Type: FK CONSTRAINT; Schema: public; Owner: gci_mis2
--

ALTER TABLE ONLY public.announcement_historicalholiday
    ADD CONSTRAINT "announcement_histori_history_user_id_8c7550cf_fk_tbl_Custo" FOREIGN KEY (history_user_id) REFERENCES public."tbl_Customuser"(id) DEFERRABLE INITIALLY DEFERRED;


--
-- Name: assignment assignment_Subject_id_77b3f9b0_fk_tbl_Subject_subject_code; Type: FK CONSTRAINT; Schema: public; Owner: gci_mis2
--

ALTER TABLE ONLY public.assignment
    ADD CONSTRAINT "assignment_Subject_id_77b3f9b0_fk_tbl_Subject_subject_code" FOREIGN KEY ("Subject_id") REFERENCES public."tbl_Subject"(subject_code) DEFERRABLE INITIALLY DEFERRED;


--
-- Name: assignment assignment_created_by_id_b084c60b_fk_tbl_Customuser_id; Type: FK CONSTRAINT; Schema: public; Owner: gci_mis2
--

ALTER TABLE ONLY public.assignment
    ADD CONSTRAINT "assignment_created_by_id_b084c60b_fk_tbl_Customuser_id" FOREIGN KEY (created_by_id) REFERENCES public."tbl_Customuser"(id) DEFERRABLE INITIALLY DEFERRED;


--
-- Name: assignment assignment_section_id_d23dd6c9_fk_tbl_Section_id; Type: FK CONSTRAINT; Schema: public; Owner: gci_mis2
--

ALTER TABLE ONLY public.assignment
    ADD CONSTRAINT "assignment_section_id_d23dd6c9_fk_tbl_Section_id" FOREIGN KEY (section_id) REFERENCES public."tbl_Section"(id) DEFERRABLE INITIALLY DEFERRED;


--
-- Name: assignment assignment_semester_id_c05739ec_fk_tbl_Semester_id; Type: FK CONSTRAINT; Schema: public; Owner: gci_mis2
--

ALTER TABLE ONLY public.assignment
    ADD CONSTRAINT "assignment_semester_id_c05739ec_fk_tbl_Semester_id" FOREIGN KEY (semester_id) REFERENCES public."tbl_Semester"(id) DEFERRABLE INITIALLY DEFERRED;


--
-- Name: attendance_attendancereport attendance_attendanc_attendance_id_569db293_fk_attendanc; Type: FK CONSTRAINT; Schema: public; Owner: gci_mis2
--

ALTER TABLE ONLY public.attendance_attendancereport
    ADD CONSTRAINT attendance_attendanc_attendance_id_569db293_fk_attendanc FOREIGN KEY (attendance_id) REFERENCES public.attendance_attendance(id) DEFERRABLE INITIALLY DEFERRED;


--
-- Name: attendance_attendancereport attendance_attendanc_extra_user_id_a6b22da6_fk_tbl_Extra; Type: FK CONSTRAINT; Schema: public; Owner: gci_mis2
--

ALTER TABLE ONLY public.attendance_attendancereport
    ADD CONSTRAINT "attendance_attendanc_extra_user_id_a6b22da6_fk_tbl_Extra" FOREIGN KEY (extra_user_id) REFERENCES public."tbl_Extrauser"(id) DEFERRABLE INITIALLY DEFERRED;


--
-- Name: attendance_attendance attendance_attendanc_session_year_id_297c0331_fk_tbl_Sessi; Type: FK CONSTRAINT; Schema: public; Owner: gci_mis2
--

ALTER TABLE ONLY public.attendance_attendance
    ADD CONSTRAINT "attendance_attendanc_session_year_id_297c0331_fk_tbl_Sessi" FOREIGN KEY (session_year_id) REFERENCES public."tbl_Sessionyear"(id) DEFERRABLE INITIALLY DEFERRED;


--
-- Name: attendance_attendancereport attendance_attendanc_student_id_505e4ce3_fk_tbl_Stude; Type: FK CONSTRAINT; Schema: public; Owner: gci_mis2
--

ALTER TABLE ONLY public.attendance_attendancereport
    ADD CONSTRAINT "attendance_attendanc_student_id_505e4ce3_fk_tbl_Stude" FOREIGN KEY (student_id) REFERENCES public."tbl_Student"(id) DEFERRABLE INITIALLY DEFERRED;


--
-- Name: attendance_attendance attendance_attendanc_subject_id_624b6d52_fk_tbl_Subje; Type: FK CONSTRAINT; Schema: public; Owner: gci_mis2
--

ALTER TABLE ONLY public.attendance_attendance
    ADD CONSTRAINT "attendance_attendanc_subject_id_624b6d52_fk_tbl_Subje" FOREIGN KEY (subject_id) REFERENCES public."tbl_Subject"(subject_code) DEFERRABLE INITIALLY DEFERRED;


--
-- Name: attendance_attendance attendance_attendance_section_id_ded4af75_fk_tbl_Section_id; Type: FK CONSTRAINT; Schema: public; Owner: gci_mis2
--

ALTER TABLE ONLY public.attendance_attendance
    ADD CONSTRAINT "attendance_attendance_section_id_ded4af75_fk_tbl_Section_id" FOREIGN KEY (section_id) REFERENCES public."tbl_Section"(id) DEFERRABLE INITIALLY DEFERRED;


--
-- Name: attendance_attendance attendance_attendance_semester_id_2373f578_fk_tbl_Semester_id; Type: FK CONSTRAINT; Schema: public; Owner: gci_mis2
--

ALTER TABLE ONLY public.attendance_attendance
    ADD CONSTRAINT "attendance_attendance_semester_id_2373f578_fk_tbl_Semester_id" FOREIGN KEY (semester_id) REFERENCES public."tbl_Semester"(id) DEFERRABLE INITIALLY DEFERRED;


--
-- Name: attendance_attendancereport attendance_attendancereport_staff_id_365b7a47_fk_tbl_Staff_id; Type: FK CONSTRAINT; Schema: public; Owner: gci_mis2
--

ALTER TABLE ONLY public.attendance_attendancereport
    ADD CONSTRAINT "attendance_attendancereport_staff_id_365b7a47_fk_tbl_Staff_id" FOREIGN KEY (staff_id) REFERENCES public."tbl_Staff"(id) DEFERRABLE INITIALLY DEFERRED;


--
-- Name: auth_group_permissions auth_group_permissio_permission_id_84c5c92e_fk_auth_perm; Type: FK CONSTRAINT; Schema: public; Owner: gci_mis2
--

ALTER TABLE ONLY public.auth_group_permissions
    ADD CONSTRAINT auth_group_permissio_permission_id_84c5c92e_fk_auth_perm FOREIGN KEY (permission_id) REFERENCES public.auth_permission(id) DEFERRABLE INITIALLY DEFERRED;


--
-- Name: auth_group_permissions auth_group_permissions_group_id_b120cbf9_fk_auth_group_id; Type: FK CONSTRAINT; Schema: public; Owner: gci_mis2
--

ALTER TABLE ONLY public.auth_group_permissions
    ADD CONSTRAINT auth_group_permissions_group_id_b120cbf9_fk_auth_group_id FOREIGN KEY (group_id) REFERENCES public.auth_group(id) DEFERRABLE INITIALLY DEFERRED;


--
-- Name: auth_permission auth_permission_content_type_id_2f476e4b_fk_django_co; Type: FK CONSTRAINT; Schema: public; Owner: gci_mis2
--

ALTER TABLE ONLY public.auth_permission
    ADD CONSTRAINT auth_permission_content_type_id_2f476e4b_fk_django_co FOREIGN KEY (content_type_id) REFERENCES public.django_content_type(id) DEFERRABLE INITIALLY DEFERRED;


--
-- Name: courses_application_form courses_application__semester_id_2aa368e5_fk_tbl_Semes; Type: FK CONSTRAINT; Schema: public; Owner: gci_mis2
--

ALTER TABLE ONLY public.courses_application_form
    ADD CONSTRAINT "courses_application__semester_id_2aa368e5_fk_tbl_Semes" FOREIGN KEY (semester_id) REFERENCES public."tbl_Semester"(id) DEFERRABLE INITIALLY DEFERRED;


--
-- Name: courses_application_form courses_application__term_id_9948fd42_fk_courses_t; Type: FK CONSTRAINT; Schema: public; Owner: gci_mis2
--

ALTER TABLE ONLY public.courses_application_form
    ADD CONSTRAINT courses_application__term_id_9948fd42_fk_courses_t FOREIGN KEY (term_id) REFERENCES public.courses_term(term_id) DEFERRABLE INITIALLY DEFERRED;


--
-- Name: courses_application_form courses_application_form_student_id_62b16614_fk_tbl_Student_id; Type: FK CONSTRAINT; Schema: public; Owner: gci_mis2
--

ALTER TABLE ONLY public.courses_application_form
    ADD CONSTRAINT "courses_application_form_student_id_62b16614_fk_tbl_Student_id" FOREIGN KEY (student_id) REFERENCES public."tbl_Student"(id) DEFERRABLE INITIALLY DEFERRED;


--
-- Name: courses_exams courses_exams_subject_id_id_856dd336_fk_tbl_Subje; Type: FK CONSTRAINT; Schema: public; Owner: gci_mis2
--

ALTER TABLE ONLY public.courses_exams
    ADD CONSTRAINT "courses_exams_subject_id_id_856dd336_fk_tbl_Subje" FOREIGN KEY (subject_id_id) REFERENCES public."tbl_Subject"(subject_code) DEFERRABLE INITIALLY DEFERRED;


--
-- Name: courses_exams courses_exams_term_id_cd456514_fk_courses_term_term_id; Type: FK CONSTRAINT; Schema: public; Owner: gci_mis2
--

ALTER TABLE ONLY public.courses_exams
    ADD CONSTRAINT courses_exams_term_id_cd456514_fk_courses_term_term_id FOREIGN KEY (term_id) REFERENCES public.courses_term(term_id) DEFERRABLE INITIALLY DEFERRED;


--
-- Name: courses_historicalapplication_form courses_historicalap_history_user_id_c62e35f4_fk_tbl_Custo; Type: FK CONSTRAINT; Schema: public; Owner: gci_mis2
--

ALTER TABLE ONLY public.courses_historicalapplication_form
    ADD CONSTRAINT "courses_historicalap_history_user_id_c62e35f4_fk_tbl_Custo" FOREIGN KEY (history_user_id) REFERENCES public."tbl_Customuser"(id) DEFERRABLE INITIALLY DEFERRED;


--
-- Name: courses_historicalexams courses_historicalex_history_user_id_17f12809_fk_tbl_Custo; Type: FK CONSTRAINT; Schema: public; Owner: gci_mis2
--

ALTER TABLE ONLY public.courses_historicalexams
    ADD CONSTRAINT "courses_historicalex_history_user_id_17f12809_fk_tbl_Custo" FOREIGN KEY (history_user_id) REFERENCES public."tbl_Customuser"(id) DEFERRABLE INITIALLY DEFERRED;


--
-- Name: courses_historicalroutine courses_historicalro_history_user_id_92f9c61f_fk_tbl_Custo; Type: FK CONSTRAINT; Schema: public; Owner: gci_mis2
--

ALTER TABLE ONLY public.courses_historicalroutine
    ADD CONSTRAINT "courses_historicalro_history_user_id_92f9c61f_fk_tbl_Custo" FOREIGN KEY (history_user_id) REFERENCES public."tbl_Customuser"(id) DEFERRABLE INITIALLY DEFERRED;


--
-- Name: courses_historicalselectedcourses courses_historicalse_history_user_id_63e55335_fk_tbl_Custo; Type: FK CONSTRAINT; Schema: public; Owner: gci_mis2
--

ALTER TABLE ONLY public.courses_historicalselectedcourses
    ADD CONSTRAINT "courses_historicalse_history_user_id_63e55335_fk_tbl_Custo" FOREIGN KEY (history_user_id) REFERENCES public."tbl_Customuser"(id) DEFERRABLE INITIALLY DEFERRED;


--
-- Name: courses_historicalstudentgrades courses_historicalst_history_user_id_2e1346ae_fk_tbl_Custo; Type: FK CONSTRAINT; Schema: public; Owner: gci_mis2
--

ALTER TABLE ONLY public.courses_historicalstudentgrades
    ADD CONSTRAINT "courses_historicalst_history_user_id_2e1346ae_fk_tbl_Custo" FOREIGN KEY (history_user_id) REFERENCES public."tbl_Customuser"(id) DEFERRABLE INITIALLY DEFERRED;


--
-- Name: courses_historicalterm courses_historicalte_history_user_id_408f80a5_fk_tbl_Custo; Type: FK CONSTRAINT; Schema: public; Owner: gci_mis2
--

ALTER TABLE ONLY public.courses_historicalterm
    ADD CONSTRAINT "courses_historicalte_history_user_id_408f80a5_fk_tbl_Custo" FOREIGN KEY (history_user_id) REFERENCES public."tbl_Customuser"(id) DEFERRABLE INITIALLY DEFERRED;


--
-- Name: courses_routine courses_routine_semester_id_27a336dc_fk_tbl_Semester_id; Type: FK CONSTRAINT; Schema: public; Owner: gci_mis2
--

ALTER TABLE ONLY public.courses_routine
    ADD CONSTRAINT "courses_routine_semester_id_27a336dc_fk_tbl_Semester_id" FOREIGN KEY (semester_id) REFERENCES public."tbl_Semester"(id) DEFERRABLE INITIALLY DEFERRED;


--
-- Name: courses_routine courses_routine_subject_id_3124bab6_fk_tbl_Subject_subject_code; Type: FK CONSTRAINT; Schema: public; Owner: gci_mis2
--

ALTER TABLE ONLY public.courses_routine
    ADD CONSTRAINT "courses_routine_subject_id_3124bab6_fk_tbl_Subject_subject_code" FOREIGN KEY (subject_id) REFERENCES public."tbl_Subject"(subject_code) DEFERRABLE INITIALLY DEFERRED;


--
-- Name: courses_selectedcourses courses_selectedcour_student_id_id_ff0a71f1_fk_tbl_Stude; Type: FK CONSTRAINT; Schema: public; Owner: gci_mis2
--

ALTER TABLE ONLY public.courses_selectedcourses
    ADD CONSTRAINT "courses_selectedcour_student_id_id_ff0a71f1_fk_tbl_Stude" FOREIGN KEY (student_id_id) REFERENCES public."tbl_Student"(id) DEFERRABLE INITIALLY DEFERRED;


--
-- Name: courses_selectedcourses courses_selectedcour_subject_id_id_015aa6b8_fk_tbl_Subje; Type: FK CONSTRAINT; Schema: public; Owner: gci_mis2
--

ALTER TABLE ONLY public.courses_selectedcourses
    ADD CONSTRAINT "courses_selectedcour_subject_id_id_015aa6b8_fk_tbl_Subje" FOREIGN KEY (subject_id_id) REFERENCES public."tbl_Subject"(subject_code) DEFERRABLE INITIALLY DEFERRED;


--
-- Name: courses_selectedcourses courses_selectedcourses_semester_id_27ef801c_fk_tbl_Semester_id; Type: FK CONSTRAINT; Schema: public; Owner: gci_mis2
--

ALTER TABLE ONLY public.courses_selectedcourses
    ADD CONSTRAINT "courses_selectedcourses_semester_id_27ef801c_fk_tbl_Semester_id" FOREIGN KEY (semester_id) REFERENCES public."tbl_Semester"(id) DEFERRABLE INITIALLY DEFERRED;


--
-- Name: courses_studentgrades courses_studentgrade_application_id_id_94809cd5_fk_courses_a; Type: FK CONSTRAINT; Schema: public; Owner: gci_mis2
--

ALTER TABLE ONLY public.courses_studentgrades
    ADD CONSTRAINT courses_studentgrade_application_id_id_94809cd5_fk_courses_a FOREIGN KEY (application_id_id) REFERENCES public.courses_application_form(application_id) DEFERRABLE INITIALLY DEFERRED;


--
-- Name: courses_studentgrades courses_studentgrade_exam_id_id_af4e90d1_fk_courses_e; Type: FK CONSTRAINT; Schema: public; Owner: gci_mis2
--

ALTER TABLE ONLY public.courses_studentgrades
    ADD CONSTRAINT courses_studentgrade_exam_id_id_af4e90d1_fk_courses_e FOREIGN KEY (exam_id_id) REFERENCES public.courses_exams(exam_id) DEFERRABLE INITIALLY DEFERRED;


--
-- Name: django_admin_log django_admin_log_content_type_id_c4bce8eb_fk_django_co; Type: FK CONSTRAINT; Schema: public; Owner: gci_mis2
--

ALTER TABLE ONLY public.django_admin_log
    ADD CONSTRAINT django_admin_log_content_type_id_c4bce8eb_fk_django_co FOREIGN KEY (content_type_id) REFERENCES public.django_content_type(id) DEFERRABLE INITIALLY DEFERRED;


--
-- Name: django_admin_log django_admin_log_user_id_c564eba6_fk_tbl_Customuser_id; Type: FK CONSTRAINT; Schema: public; Owner: gci_mis2
--

ALTER TABLE ONLY public.django_admin_log
    ADD CONSTRAINT "django_admin_log_user_id_c564eba6_fk_tbl_Customuser_id" FOREIGN KEY (user_id) REFERENCES public."tbl_Customuser"(id) DEFERRABLE INITIALLY DEFERRED;


--
-- Name: notifications_notification notifications_notifi_created_by_id_44297423_fk_tbl_Custo; Type: FK CONSTRAINT; Schema: public; Owner: gci_mis2
--

ALTER TABLE ONLY public.notifications_notification
    ADD CONSTRAINT "notifications_notifi_created_by_id_44297423_fk_tbl_Custo" FOREIGN KEY (created_by_id) REFERENCES public."tbl_Customuser"(id) DEFERRABLE INITIALLY DEFERRED;


--
-- Name: routine routine_course_id_167c644c_fk_tbl_Section_id; Type: FK CONSTRAINT; Schema: public; Owner: gci_mis2
--

ALTER TABLE ONLY public.routine
    ADD CONSTRAINT "routine_course_id_167c644c_fk_tbl_Section_id" FOREIGN KEY (course_id) REFERENCES public."tbl_Section"(id) DEFERRABLE INITIALLY DEFERRED;


--
-- Name: routine routine_section_id_14562f0a_fk_tbl_Section_id; Type: FK CONSTRAINT; Schema: public; Owner: gci_mis2
--

ALTER TABLE ONLY public.routine
    ADD CONSTRAINT "routine_section_id_14562f0a_fk_tbl_Section_id" FOREIGN KEY (section_id) REFERENCES public."tbl_Section"(id) DEFERRABLE INITIALLY DEFERRED;


--
-- Name: routine routine_semester_id_199c0841_fk_tbl_Semester_id; Type: FK CONSTRAINT; Schema: public; Owner: gci_mis2
--

ALTER TABLE ONLY public.routine
    ADD CONSTRAINT "routine_semester_id_199c0841_fk_tbl_Semester_id" FOREIGN KEY (semester_id) REFERENCES public."tbl_Semester"(id) DEFERRABLE INITIALLY DEFERRED;


--
-- Name: schedule_calendarrelation schedule_calendarrel_calendar_id_0a50be2e_fk_schedule_; Type: FK CONSTRAINT; Schema: public; Owner: gci_mis2
--

ALTER TABLE ONLY public.schedule_calendarrelation
    ADD CONSTRAINT schedule_calendarrel_calendar_id_0a50be2e_fk_schedule_ FOREIGN KEY (calendar_id) REFERENCES public.schedule_calendar(id) DEFERRABLE INITIALLY DEFERRED;


--
-- Name: schedule_calendarrelation schedule_calendarrel_content_type_id_f2a42f5b_fk_django_co; Type: FK CONSTRAINT; Schema: public; Owner: gci_mis2
--

ALTER TABLE ONLY public.schedule_calendarrelation
    ADD CONSTRAINT schedule_calendarrel_content_type_id_f2a42f5b_fk_django_co FOREIGN KEY (content_type_id) REFERENCES public.django_content_type(id) DEFERRABLE INITIALLY DEFERRED;


--
-- Name: schedule_event schedule_event_calendar_id_eb1c700f_fk_schedule_calendar_id; Type: FK CONSTRAINT; Schema: public; Owner: gci_mis2
--

ALTER TABLE ONLY public.schedule_event
    ADD CONSTRAINT schedule_event_calendar_id_eb1c700f_fk_schedule_calendar_id FOREIGN KEY (calendar_id) REFERENCES public.schedule_calendar(id) DEFERRABLE INITIALLY DEFERRED;


--
-- Name: schedule_event schedule_event_creator_id_d2ffab6e_fk_tbl_Customuser_id; Type: FK CONSTRAINT; Schema: public; Owner: gci_mis2
--

ALTER TABLE ONLY public.schedule_event
    ADD CONSTRAINT "schedule_event_creator_id_d2ffab6e_fk_tbl_Customuser_id" FOREIGN KEY (creator_id) REFERENCES public."tbl_Customuser"(id) DEFERRABLE INITIALLY DEFERRED;


--
-- Name: schedule_event schedule_event_rule_id_90b83d31_fk_schedule_rule_id; Type: FK CONSTRAINT; Schema: public; Owner: gci_mis2
--

ALTER TABLE ONLY public.schedule_event
    ADD CONSTRAINT schedule_event_rule_id_90b83d31_fk_schedule_rule_id FOREIGN KEY (rule_id) REFERENCES public.schedule_rule(id) DEFERRABLE INITIALLY DEFERRED;


--
-- Name: schedule_eventrelation schedule_eventrelati_content_type_id_d4187723_fk_django_co; Type: FK CONSTRAINT; Schema: public; Owner: gci_mis2
--

ALTER TABLE ONLY public.schedule_eventrelation
    ADD CONSTRAINT schedule_eventrelati_content_type_id_d4187723_fk_django_co FOREIGN KEY (content_type_id) REFERENCES public.django_content_type(id) DEFERRABLE INITIALLY DEFERRED;


--
-- Name: schedule_eventrelation schedule_eventrelation_event_id_8c57a7b4_fk_schedule_event_id; Type: FK CONSTRAINT; Schema: public; Owner: gci_mis2
--

ALTER TABLE ONLY public.schedule_eventrelation
    ADD CONSTRAINT schedule_eventrelation_event_id_8c57a7b4_fk_schedule_event_id FOREIGN KEY (event_id) REFERENCES public.schedule_event(id) DEFERRABLE INITIALLY DEFERRED;


--
-- Name: schedule_historicalevent schedule_historicale_history_user_id_29266412_fk_tbl_Custo; Type: FK CONSTRAINT; Schema: public; Owner: gci_mis2
--

ALTER TABLE ONLY public.schedule_historicalevent
    ADD CONSTRAINT "schedule_historicale_history_user_id_29266412_fk_tbl_Custo" FOREIGN KEY (history_user_id) REFERENCES public."tbl_Customuser"(id) DEFERRABLE INITIALLY DEFERRED;


--
-- Name: schedule_occurrence schedule_occurrence_event_id_ade47cd8_fk_schedule_event_id; Type: FK CONSTRAINT; Schema: public; Owner: gci_mis2
--

ALTER TABLE ONLY public.schedule_occurrence
    ADD CONSTRAINT schedule_occurrence_event_id_ade47cd8_fk_schedule_event_id FOREIGN KEY (event_id) REFERENCES public.schedule_event(id) DEFERRABLE INITIALLY DEFERRED;


--
-- Name: student_management_app_historicalcertificatetemplate student_management_a_history_user_id_22bf3c58_fk_tbl_Custo; Type: FK CONSTRAINT; Schema: public; Owner: gci_mis2
--

ALTER TABLE ONLY public.student_management_app_historicalcertificatetemplate
    ADD CONSTRAINT "student_management_a_history_user_id_22bf3c58_fk_tbl_Custo" FOREIGN KEY (history_user_id) REFERENCES public."tbl_Customuser"(id) DEFERRABLE INITIALLY DEFERRED;


--
-- Name: student_management_app_historicaldocumentfile student_management_a_history_user_id_47c1fb23_fk_tbl_Custo; Type: FK CONSTRAINT; Schema: public; Owner: gci_mis2
--

ALTER TABLE ONLY public.student_management_app_historicaldocumentfile
    ADD CONSTRAINT "student_management_a_history_user_id_47c1fb23_fk_tbl_Custo" FOREIGN KEY (history_user_id) REFERENCES public."tbl_Customuser"(id) DEFERRABLE INITIALLY DEFERRED;


--
-- Name: student_management_app_historicalcourse student_management_a_history_user_id_4f0e2d2e_fk_tbl_Custo; Type: FK CONSTRAINT; Schema: public; Owner: gci_mis2
--

ALTER TABLE ONLY public.student_management_app_historicalcourse
    ADD CONSTRAINT "student_management_a_history_user_id_4f0e2d2e_fk_tbl_Custo" FOREIGN KEY (history_user_id) REFERENCES public."tbl_Customuser"(id) DEFERRABLE INITIALLY DEFERRED;


--
-- Name: student_management_app_historicalsubject student_management_a_history_user_id_654ab3e5_fk_tbl_Custo; Type: FK CONSTRAINT; Schema: public; Owner: gci_mis2
--

ALTER TABLE ONLY public.student_management_app_historicalsubject
    ADD CONSTRAINT "student_management_a_history_user_id_654ab3e5_fk_tbl_Custo" FOREIGN KEY (history_user_id) REFERENCES public."tbl_Customuser"(id) DEFERRABLE INITIALLY DEFERRED;


--
-- Name: student_management_app_historicaladminuser student_management_a_history_user_id_6c747843_fk_tbl_Custo; Type: FK CONSTRAINT; Schema: public; Owner: gci_mis2
--

ALTER TABLE ONLY public.student_management_app_historicaladminuser
    ADD CONSTRAINT "student_management_a_history_user_id_6c747843_fk_tbl_Custo" FOREIGN KEY (history_user_id) REFERENCES public."tbl_Customuser"(id) DEFERRABLE INITIALLY DEFERRED;


--
-- Name: student_management_app_historicalcomplain student_management_a_history_user_id_74120395_fk_tbl_Custo; Type: FK CONSTRAINT; Schema: public; Owner: gci_mis2
--

ALTER TABLE ONLY public.student_management_app_historicalcomplain
    ADD CONSTRAINT "student_management_a_history_user_id_74120395_fk_tbl_Custo" FOREIGN KEY (history_user_id) REFERENCES public."tbl_Customuser"(id) DEFERRABLE INITIALLY DEFERRED;


--
-- Name: student_management_app_historicalextrauser student_management_a_history_user_id_7bca8427_fk_tbl_Custo; Type: FK CONSTRAINT; Schema: public; Owner: gci_mis2
--

ALTER TABLE ONLY public.student_management_app_historicalextrauser
    ADD CONSTRAINT "student_management_a_history_user_id_7bca8427_fk_tbl_Custo" FOREIGN KEY (history_user_id) REFERENCES public."tbl_Customuser"(id) DEFERRABLE INITIALLY DEFERRED;


--
-- Name: student_management_app_historicalsemester student_management_a_history_user_id_8c37e5ac_fk_tbl_Custo; Type: FK CONSTRAINT; Schema: public; Owner: gci_mis2
--

ALTER TABLE ONLY public.student_management_app_historicalsemester
    ADD CONSTRAINT "student_management_a_history_user_id_8c37e5ac_fk_tbl_Custo" FOREIGN KEY (history_user_id) REFERENCES public."tbl_Customuser"(id) DEFERRABLE INITIALLY DEFERRED;


--
-- Name: student_management_app_historicalstudent student_management_a_history_user_id_93915896_fk_tbl_Custo; Type: FK CONSTRAINT; Schema: public; Owner: gci_mis2
--

ALTER TABLE ONLY public.student_management_app_historicalstudent
    ADD CONSTRAINT "student_management_a_history_user_id_93915896_fk_tbl_Custo" FOREIGN KEY (history_user_id) REFERENCES public."tbl_Customuser"(id) DEFERRABLE INITIALLY DEFERRED;


--
-- Name: student_management_app_historicalsection student_management_a_history_user_id_b5428f62_fk_tbl_Custo; Type: FK CONSTRAINT; Schema: public; Owner: gci_mis2
--

ALTER TABLE ONLY public.student_management_app_historicalsection
    ADD CONSTRAINT "student_management_a_history_user_id_b5428f62_fk_tbl_Custo" FOREIGN KEY (history_user_id) REFERENCES public."tbl_Customuser"(id) DEFERRABLE INITIALLY DEFERRED;


--
-- Name: student_management_app_historicalsociallink student_management_a_history_user_id_bf8a9d14_fk_tbl_Custo; Type: FK CONSTRAINT; Schema: public; Owner: gci_mis2
--

ALTER TABLE ONLY public.student_management_app_historicalsociallink
    ADD CONSTRAINT "student_management_a_history_user_id_bf8a9d14_fk_tbl_Custo" FOREIGN KEY (history_user_id) REFERENCES public."tbl_Customuser"(id) DEFERRABLE INITIALLY DEFERRED;


--
-- Name: student_management_app_historicalstaff student_management_a_history_user_id_fd0735d1_fk_tbl_Custo; Type: FK CONSTRAINT; Schema: public; Owner: gci_mis2
--

ALTER TABLE ONLY public.student_management_app_historicalstaff
    ADD CONSTRAINT "student_management_a_history_user_id_fd0735d1_fk_tbl_Custo" FOREIGN KEY (history_user_id) REFERENCES public."tbl_Customuser"(id) DEFERRABLE INITIALLY DEFERRED;


--
-- Name: student_management_app_subjectteacher student_management_a_section_id_0cbcf791_fk_tbl_Secti; Type: FK CONSTRAINT; Schema: public; Owner: gci_mis2
--

ALTER TABLE ONLY public.student_management_app_subjectteacher
    ADD CONSTRAINT "student_management_a_section_id_0cbcf791_fk_tbl_Secti" FOREIGN KEY (section_id) REFERENCES public."tbl_Section"(id) DEFERRABLE INITIALLY DEFERRED;


--
-- Name: student_management_app_subjectteacher student_management_a_subject_id_9be038dd_fk_tbl_Subje; Type: FK CONSTRAINT; Schema: public; Owner: gci_mis2
--

ALTER TABLE ONLY public.student_management_app_subjectteacher
    ADD CONSTRAINT "student_management_a_subject_id_9be038dd_fk_tbl_Subje" FOREIGN KEY (subject_id) REFERENCES public."tbl_Subject"(subject_code) DEFERRABLE INITIALLY DEFERRED;


--
-- Name: student_management_app_subjectteacher student_management_a_teacher_id_f053e3cc_fk_tbl_Custo; Type: FK CONSTRAINT; Schema: public; Owner: gci_mis2
--

ALTER TABLE ONLY public.student_management_app_subjectteacher
    ADD CONSTRAINT "student_management_a_teacher_id_f053e3cc_fk_tbl_Custo" FOREIGN KEY (teacher_id) REFERENCES public."tbl_Customuser"(id) DEFERRABLE INITIALLY DEFERRED;


--
-- Name: syllabus syllabus_semester_id_2287b214_fk_tbl_Semester_id; Type: FK CONSTRAINT; Schema: public; Owner: gci_mis2
--

ALTER TABLE ONLY public.syllabus
    ADD CONSTRAINT "syllabus_semester_id_2287b214_fk_tbl_Semester_id" FOREIGN KEY (semester_id) REFERENCES public."tbl_Semester"(id) DEFERRABLE INITIALLY DEFERRED;


--
-- Name: tbl_Adminuser tbl_Adminuser_admin_user_id_2ccd66b5_fk_tbl_Customuser_id; Type: FK CONSTRAINT; Schema: public; Owner: gci_mis2
--

ALTER TABLE ONLY public."tbl_Adminuser"
    ADD CONSTRAINT "tbl_Adminuser_admin_user_id_2ccd66b5_fk_tbl_Customuser_id" FOREIGN KEY (admin_user_id) REFERENCES public."tbl_Customuser"(id) DEFERRABLE INITIALLY DEFERRED;


--
-- Name: tbl_Certificatetemplate tbl_Certificatetemplate_student_id_a69c55e9_fk_tbl_Student_id; Type: FK CONSTRAINT; Schema: public; Owner: gci_mis2
--

ALTER TABLE ONLY public."tbl_Certificatetemplate"
    ADD CONSTRAINT "tbl_Certificatetemplate_student_id_a69c55e9_fk_tbl_Student_id" FOREIGN KEY (student_id) REFERENCES public."tbl_Student"(id) DEFERRABLE INITIALLY DEFERRED;


--
-- Name: tbl_Complain tbl_Complain_user_id_9d01fe79_fk_tbl_Customuser_id; Type: FK CONSTRAINT; Schema: public; Owner: gci_mis2
--

ALTER TABLE ONLY public."tbl_Complain"
    ADD CONSTRAINT "tbl_Complain_user_id_9d01fe79_fk_tbl_Customuser_id" FOREIGN KEY (user_id) REFERENCES public."tbl_Customuser"(id) DEFERRABLE INITIALLY DEFERRED;


--
-- Name: tbl_Customuser_groups tbl_Customuser_group_customuser_id_e62288a1_fk_tbl_Custo; Type: FK CONSTRAINT; Schema: public; Owner: gci_mis2
--

ALTER TABLE ONLY public."tbl_Customuser_groups"
    ADD CONSTRAINT "tbl_Customuser_group_customuser_id_e62288a1_fk_tbl_Custo" FOREIGN KEY (customuser_id) REFERENCES public."tbl_Customuser"(id) DEFERRABLE INITIALLY DEFERRED;


--
-- Name: tbl_Customuser_groups tbl_Customuser_groups_group_id_e80df4df_fk_auth_group_id; Type: FK CONSTRAINT; Schema: public; Owner: gci_mis2
--

ALTER TABLE ONLY public."tbl_Customuser_groups"
    ADD CONSTRAINT "tbl_Customuser_groups_group_id_e80df4df_fk_auth_group_id" FOREIGN KEY (group_id) REFERENCES public.auth_group(id) DEFERRABLE INITIALLY DEFERRED;


--
-- Name: tbl_Customuser_user_permissions tbl_Customuser_user__customuser_id_154c9ae2_fk_tbl_Custo; Type: FK CONSTRAINT; Schema: public; Owner: gci_mis2
--

ALTER TABLE ONLY public."tbl_Customuser_user_permissions"
    ADD CONSTRAINT "tbl_Customuser_user__customuser_id_154c9ae2_fk_tbl_Custo" FOREIGN KEY (customuser_id) REFERENCES public."tbl_Customuser"(id) DEFERRABLE INITIALLY DEFERRED;


--
-- Name: tbl_Customuser_user_permissions tbl_Customuser_user__permission_id_6364b6cc_fk_auth_perm; Type: FK CONSTRAINT; Schema: public; Owner: gci_mis2
--

ALTER TABLE ONLY public."tbl_Customuser_user_permissions"
    ADD CONSTRAINT "tbl_Customuser_user__permission_id_6364b6cc_fk_auth_perm" FOREIGN KEY (permission_id) REFERENCES public.auth_permission(id) DEFERRABLE INITIALLY DEFERRED;


--
-- Name: tbl_Customuser tbl_Customuser_user_type_id_ba43dd12_fk_auth_group_id; Type: FK CONSTRAINT; Schema: public; Owner: gci_mis2
--

ALTER TABLE ONLY public."tbl_Customuser"
    ADD CONSTRAINT "tbl_Customuser_user_type_id_ba43dd12_fk_auth_group_id" FOREIGN KEY (user_type_id) REFERENCES public.auth_group(id) DEFERRABLE INITIALLY DEFERRED;


--
-- Name: tbl_Documentfile tbl_Documentfile_extra_user_id_8b154ecc_fk_tbl_Extrauser_id; Type: FK CONSTRAINT; Schema: public; Owner: gci_mis2
--

ALTER TABLE ONLY public."tbl_Documentfile"
    ADD CONSTRAINT "tbl_Documentfile_extra_user_id_8b154ecc_fk_tbl_Extrauser_id" FOREIGN KEY (extra_user_id) REFERENCES public."tbl_Extrauser"(id) DEFERRABLE INITIALLY DEFERRED;


--
-- Name: tbl_Documentfile tbl_Documentfile_parent_id_03172290_fk_tbl_Parent_id; Type: FK CONSTRAINT; Schema: public; Owner: gci_mis2
--

ALTER TABLE ONLY public."tbl_Documentfile"
    ADD CONSTRAINT "tbl_Documentfile_parent_id_03172290_fk_tbl_Parent_id" FOREIGN KEY (parent_id) REFERENCES public."tbl_Parent"(id) DEFERRABLE INITIALLY DEFERRED;


--
-- Name: tbl_Documentfile tbl_Documentfile_staff_id_048dfa79_fk_tbl_Staff_id; Type: FK CONSTRAINT; Schema: public; Owner: gci_mis2
--

ALTER TABLE ONLY public."tbl_Documentfile"
    ADD CONSTRAINT "tbl_Documentfile_staff_id_048dfa79_fk_tbl_Staff_id" FOREIGN KEY (staff_id) REFERENCES public."tbl_Staff"(id) DEFERRABLE INITIALLY DEFERRED;


--
-- Name: tbl_Documentfile tbl_Documentfile_student_id_71507992_fk_tbl_Student_id; Type: FK CONSTRAINT; Schema: public; Owner: gci_mis2
--

ALTER TABLE ONLY public."tbl_Documentfile"
    ADD CONSTRAINT "tbl_Documentfile_student_id_71507992_fk_tbl_Student_id" FOREIGN KEY (student_id) REFERENCES public."tbl_Student"(id) DEFERRABLE INITIALLY DEFERRED;


--
-- Name: tbl_Extrauser tbl_Extrauser_extra_user_id_585ed574_fk_tbl_Customuser_id; Type: FK CONSTRAINT; Schema: public; Owner: gci_mis2
--

ALTER TABLE ONLY public."tbl_Extrauser"
    ADD CONSTRAINT "tbl_Extrauser_extra_user_id_585ed574_fk_tbl_Customuser_id" FOREIGN KEY (extra_user_id) REFERENCES public."tbl_Customuser"(id) DEFERRABLE INITIALLY DEFERRED;


--
-- Name: tbl_Extrauser tbl_Extrauser_role_id_03ac3dea_fk_auth_group_id; Type: FK CONSTRAINT; Schema: public; Owner: gci_mis2
--

ALTER TABLE ONLY public."tbl_Extrauser"
    ADD CONSTRAINT "tbl_Extrauser_role_id_03ac3dea_fk_auth_group_id" FOREIGN KEY (role_id) REFERENCES public.auth_group(id) DEFERRABLE INITIALLY DEFERRED;


--
-- Name: tbl_Optionalsubject tbl_Optionalsubject_course_id_6811035e_fk_tbl_Course_id; Type: FK CONSTRAINT; Schema: public; Owner: gci_mis2
--

ALTER TABLE ONLY public."tbl_Optionalsubject"
    ADD CONSTRAINT "tbl_Optionalsubject_course_id_6811035e_fk_tbl_Course_id" FOREIGN KEY (course_id) REFERENCES public."tbl_Course"(id) DEFERRABLE INITIALLY DEFERRED;


--
-- Name: tbl_Optionalsubject tbl_Optionalsubject_semester_id_508c4513_fk_tbl_Semester_id; Type: FK CONSTRAINT; Schema: public; Owner: gci_mis2
--

ALTER TABLE ONLY public."tbl_Optionalsubject"
    ADD CONSTRAINT "tbl_Optionalsubject_semester_id_508c4513_fk_tbl_Semester_id" FOREIGN KEY (semester_id) REFERENCES public."tbl_Semester"(id) DEFERRABLE INITIALLY DEFERRED;


--
-- Name: tbl_Optionalsubject tbl_Optionalsubject_staff_user_id_f7300ebb_fk_tbl_Customuser_id; Type: FK CONSTRAINT; Schema: public; Owner: gci_mis2
--

ALTER TABLE ONLY public."tbl_Optionalsubject"
    ADD CONSTRAINT "tbl_Optionalsubject_staff_user_id_f7300ebb_fk_tbl_Customuser_id" FOREIGN KEY (staff_user_id) REFERENCES public."tbl_Customuser"(id) DEFERRABLE INITIALLY DEFERRED;


--
-- Name: tbl_Parent tbl_Parent_parent_user_id_7c8be58c_fk_tbl_Customuser_id; Type: FK CONSTRAINT; Schema: public; Owner: gci_mis2
--

ALTER TABLE ONLY public."tbl_Parent"
    ADD CONSTRAINT "tbl_Parent_parent_user_id_7c8be58c_fk_tbl_Customuser_id" FOREIGN KEY (parent_user_id) REFERENCES public."tbl_Customuser"(id) DEFERRABLE INITIALLY DEFERRED;


--
-- Name: tbl_Section tbl_Section_semester_id_012d164a_fk_tbl_Semester_id; Type: FK CONSTRAINT; Schema: public; Owner: gci_mis2
--

ALTER TABLE ONLY public."tbl_Section"
    ADD CONSTRAINT "tbl_Section_semester_id_012d164a_fk_tbl_Semester_id" FOREIGN KEY (semester_id) REFERENCES public."tbl_Semester"(id) DEFERRABLE INITIALLY DEFERRED;


--
-- Name: tbl_Section tbl_Section_staff_id_66808014_fk_tbl_Customuser_id; Type: FK CONSTRAINT; Schema: public; Owner: gci_mis2
--

ALTER TABLE ONLY public."tbl_Section"
    ADD CONSTRAINT "tbl_Section_staff_id_66808014_fk_tbl_Customuser_id" FOREIGN KEY (staff_id) REFERENCES public."tbl_Customuser"(id) DEFERRABLE INITIALLY DEFERRED;


--
-- Name: tbl_Section_subject tbl_Section_subject_section_id_0ff0878d_fk_tbl_Section_id; Type: FK CONSTRAINT; Schema: public; Owner: gci_mis2
--

ALTER TABLE ONLY public."tbl_Section_subject"
    ADD CONSTRAINT "tbl_Section_subject_section_id_0ff0878d_fk_tbl_Section_id" FOREIGN KEY (section_id) REFERENCES public."tbl_Section"(id) DEFERRABLE INITIALLY DEFERRED;


--
-- Name: tbl_Section_subject tbl_Section_subject_subject_id_bc36b786_fk_tbl_Subje; Type: FK CONSTRAINT; Schema: public; Owner: gci_mis2
--

ALTER TABLE ONLY public."tbl_Section_subject"
    ADD CONSTRAINT "tbl_Section_subject_subject_id_bc36b786_fk_tbl_Subje" FOREIGN KEY (subject_id) REFERENCES public."tbl_Subject"(subject_code) DEFERRABLE INITIALLY DEFERRED;


--
-- Name: tbl_Sociallink tbl_Sociallink_user_id_68fb2e0f_fk_tbl_Customuser_id; Type: FK CONSTRAINT; Schema: public; Owner: gci_mis2
--

ALTER TABLE ONLY public."tbl_Sociallink"
    ADD CONSTRAINT "tbl_Sociallink_user_id_68fb2e0f_fk_tbl_Customuser_id" FOREIGN KEY (user_id) REFERENCES public."tbl_Customuser"(id) DEFERRABLE INITIALLY DEFERRED;


--
-- Name: tbl_Staff tbl_Staff_staff_user_id_e2ef5c31_fk_tbl_Customuser_id; Type: FK CONSTRAINT; Schema: public; Owner: gci_mis2
--

ALTER TABLE ONLY public."tbl_Staff"
    ADD CONSTRAINT "tbl_Staff_staff_user_id_e2ef5c31_fk_tbl_Customuser_id" FOREIGN KEY (staff_user_id) REFERENCES public."tbl_Customuser"(id) DEFERRABLE INITIALLY DEFERRED;


--
-- Name: tbl_Student tbl_Student_group_id_9d7d4c44_fk_tbl_Studentgroup_id; Type: FK CONSTRAINT; Schema: public; Owner: gci_mis2
--

ALTER TABLE ONLY public."tbl_Student"
    ADD CONSTRAINT "tbl_Student_group_id_9d7d4c44_fk_tbl_Studentgroup_id" FOREIGN KEY (group_id) REFERENCES public."tbl_Studentgroup"(id) DEFERRABLE INITIALLY DEFERRED;


--
-- Name: tbl_Student tbl_Student_guardian_id_4747299e_fk_tbl_Parent_id; Type: FK CONSTRAINT; Schema: public; Owner: gci_mis2
--

ALTER TABLE ONLY public."tbl_Student"
    ADD CONSTRAINT "tbl_Student_guardian_id_4747299e_fk_tbl_Parent_id" FOREIGN KEY (guardian_id) REFERENCES public."tbl_Parent"(id) DEFERRABLE INITIALLY DEFERRED;


--
-- Name: tbl_Student tbl_Student_optional_subject_id_6cbb269b_fk_tbl_Subje; Type: FK CONSTRAINT; Schema: public; Owner: gci_mis2
--

ALTER TABLE ONLY public."tbl_Student"
    ADD CONSTRAINT "tbl_Student_optional_subject_id_6cbb269b_fk_tbl_Subje" FOREIGN KEY (optional_subject_id) REFERENCES public."tbl_Subject"(subject_code) DEFERRABLE INITIALLY DEFERRED;


--
-- Name: tbl_Student tbl_Student_section_id_85ea8493_fk_tbl_Section_id; Type: FK CONSTRAINT; Schema: public; Owner: gci_mis2
--

ALTER TABLE ONLY public."tbl_Student"
    ADD CONSTRAINT "tbl_Student_section_id_85ea8493_fk_tbl_Section_id" FOREIGN KEY (section_id) REFERENCES public."tbl_Section"(id) DEFERRABLE INITIALLY DEFERRED;


--
-- Name: tbl_Student tbl_Student_semester_id_96e2d68c_fk_tbl_Semester_id; Type: FK CONSTRAINT; Schema: public; Owner: gci_mis2
--

ALTER TABLE ONLY public."tbl_Student"
    ADD CONSTRAINT "tbl_Student_semester_id_96e2d68c_fk_tbl_Semester_id" FOREIGN KEY (semester_id) REFERENCES public."tbl_Semester"(id) DEFERRABLE INITIALLY DEFERRED;


--
-- Name: tbl_Student tbl_Student_session_year_id_924a6532_fk_tbl_Sessionyear_id; Type: FK CONSTRAINT; Schema: public; Owner: gci_mis2
--

ALTER TABLE ONLY public."tbl_Student"
    ADD CONSTRAINT "tbl_Student_session_year_id_924a6532_fk_tbl_Sessionyear_id" FOREIGN KEY (session_year_id) REFERENCES public."tbl_Sessionyear"(id) DEFERRABLE INITIALLY DEFERRED;


--
-- Name: tbl_Student tbl_Student_student_user_id_2a4fb83a_fk_tbl_Customuser_id; Type: FK CONSTRAINT; Schema: public; Owner: gci_mis2
--

ALTER TABLE ONLY public."tbl_Student"
    ADD CONSTRAINT "tbl_Student_student_user_id_2a4fb83a_fk_tbl_Customuser_id" FOREIGN KEY (student_user_id) REFERENCES public."tbl_Customuser"(id) DEFERRABLE INITIALLY DEFERRED;


--
-- Name: tbl_Student tbl_Student_subject_id_503676c7_fk_tbl_Subject_subject_code; Type: FK CONSTRAINT; Schema: public; Owner: gci_mis2
--

ALTER TABLE ONLY public."tbl_Student"
    ADD CONSTRAINT "tbl_Student_subject_id_503676c7_fk_tbl_Subject_subject_code" FOREIGN KEY (subject_id) REFERENCES public."tbl_Subject"(subject_code) DEFERRABLE INITIALLY DEFERRED;


--
-- Name: tbl_Student tbl_Student_transport_id_1986aec4_fk_tbl_Transport_id; Type: FK CONSTRAINT; Schema: public; Owner: gci_mis2
--

ALTER TABLE ONLY public."tbl_Student"
    ADD CONSTRAINT "tbl_Student_transport_id_1986aec4_fk_tbl_Transport_id" FOREIGN KEY (transport_id) REFERENCES public."tbl_Transport"(id) DEFERRABLE INITIALLY DEFERRED;


--
-- Name: tbl_Subject tbl_Subject_course_id_5b2b9f90_fk_tbl_Course_id; Type: FK CONSTRAINT; Schema: public; Owner: gci_mis2
--

ALTER TABLE ONLY public."tbl_Subject"
    ADD CONSTRAINT "tbl_Subject_course_id_5b2b9f90_fk_tbl_Course_id" FOREIGN KEY (course_id) REFERENCES public."tbl_Course"(id) DEFERRABLE INITIALLY DEFERRED;


--
-- Name: tbl_Userrole tbl_Userrole_user_id_8d252a25_fk_tbl_Customuser_id; Type: FK CONSTRAINT; Schema: public; Owner: gci_mis2
--

ALTER TABLE ONLY public."tbl_Userrole"
    ADD CONSTRAINT "tbl_Userrole_user_id_8d252a25_fk_tbl_Customuser_id" FOREIGN KEY (user_id) REFERENCES public."tbl_Customuser"(id) DEFERRABLE INITIALLY DEFERRED;


--
-- Name: tbl_notice tbl_notice_created_by_id_d4bfbf5e_fk_tbl_Customuser_id; Type: FK CONSTRAINT; Schema: public; Owner: gci_mis2
--

ALTER TABLE ONLY public.tbl_notice
    ADD CONSTRAINT "tbl_notice_created_by_id_d4bfbf5e_fk_tbl_Customuser_id" FOREIGN KEY (created_by_id) REFERENCES public."tbl_Customuser"(id) DEFERRABLE INITIALLY DEFERRED;


--
-- PostgreSQL database dump complete
--

